lrn,order_id,no_of_boxes,client,manifest_date,pickup_date,expected_date,invoice_number,consignee_name,origin_city,destination_city,client_location_warehouse,pickup_address,pin_code,dispatch_count,first_dispatch_date,last_dispatch_date,last_scan_location,last_scan_date,current_status,status_type,remarks,promise_date,delivered_date,payment_type,master_waybill,additional_remarks,return_promise_date,transaction_type,transaction_mode,first_pending_date,package_amount,weight,first_attempt_date,last_attempt_date,attempt_count,first_return_date,invoice_zone,rvp_forward_identifier,pur_id,state
312138483,DCGN-8488/26-27,2,pbsenterprises10 rp b2brc,11:27.9,24-07-2026 20:19,30-07-2026,`DCGN-8488/26-27,"GREEN SUN SHINE ENERGY, .",Noida,Dhanbad,fujiyama power system (panel),,828305,1,01-08-2026,01-08-2026,Dhanbad_Tilabani_H (Jharkhand),01-08-2026 16:24,Delivered,Delivered,Delivered to Consignee,30-07-2026,01-08-2026 16:24,Pre-paid,5.43766E+13,Contactless Delivery -  Geofence not verified,,,,53:09.0,111301,115,24:08.5,24:08.5,1,,D1,Forward Shipment,307671643,Jharkhand
312200621,SAFELI,3,pbsenterprises10 rp b2brc,12:28.8,24-07-2026 17:17,28-07-2026,`AS-230,"MS Pathak Enterprises, MS Pathak Enterprises",Guwahati,Silapathar,safeli assam kakkar smart energy ventures llp,,787061,1,28-07-2026,28-07-2026,Silapathar_SimenChapori_D (Assam),29-07-2026 15:15,Delivered,Delivered,Delivered to Consignee,27-07-2026,28-07-2026 16:14,Pre-paid,5.43766E+13,Clean POD | As per POD audit,,,,33:10.6,45000,5.64,14:37.7,14:37.7,1,,E,Forward Shipment,307454975,Assam
313009257,Bounce,2,pbsenterprises10 rp b2brc,52:39.7,,,`D/26-27/164,"Virginking E Bikes, Virginking E Bikes",Bangalore,Ichalkaranji,bounce exicom energy systems private limited bangalore,,416109,0,,,Bangalore_Bettahalsoor_L (Karnataka),11-08-2026 21:54,Manifested,Undelivered,Consignment Manifested,,,Pre-paid,5.43766E+13,"L:32.4, B:27.7, H:30.2, W:13280.0, V:27103.9, Rv:22773.0",,,,,45000,13.28,,,,,D1,Forward Shipment,,Maharashtra
313028831,RACHNA JI,4,pbsenterprises10 rp b2brc,52:00.3,10-08-2026 20:18,17-08-2026,`D-010248/26-27,"FUJIYAMA POWER SYSTEMS LIMITED, FUJIYAMA POWER SYSTEMS LIMITED",Rajgarh-MP,Noida,rachna ji kamal ahemad 5505f,,201301,0,,,Guna_Shahpur_H (Madhya Pradesh),11-08-2026 14:02,In Transit,Undelivered,Consignment Dispatched from Origin City,17-08-2026,,Pre-paid,5.43766E+13,,,,,,216000,6.66667,,,,,D1,Forward Shipment,312014890,Uttar Pradesh
311473160,A48281B24J23390-5558793,2,pbsenterprises10 rp b2brc,26:16.3,11-07-2026 16:02,13-07-2026,`889,"OXYGEN ENERGY ENTERPRISES-AMPERE, OXYGEN ENERGY ENTERPRISES-AMPERE",Kottayam,Salem,g way ampere-kottayam,,636006,2,13-07-2026,15-07-2026,Salem_Ramalingapuram_H (Tamil Nadu),16-07-2026 18:23,Delivered,Delivered,Delivered to Consignee,13-07-2026,15-07-2026 15:55,Pre-paid,5.43766E+13,Clean POD | As per POD audit,,,,21:36.9,49000,10.34,55:47.3,55:47.3,1,,B,Forward Shipment,304480360,Tamil Nadu
311877208,B111001390225088-5559884,2,pbsenterprises10 rp b2brc,02:33.5,21-07-2026 14:20,27-07-2026,`587,"KABRA EXTRUSION TECHNIK LTDBATTRIXX , KABRA EXTRUSION TECHNIK LTDBATTRIXX",Balasore,Pune,om motor,,410501,1,27-07-2026,27-07-2026,Pune_Bhamboli_L (Maharashtra),28-07-2026 17:33,Delivered,Delivered,Delivered to Consignee,27-07-2026,27-07-2026 17:32,Pre-paid,5.43766E+13,Clean POD | As per POD audit,,,,09:27.4,49000,19.86,32:55.2,32:55.2,1,,D2,Forward Shipment,306888482,Maharashtra
311637375,A48281B24122305-5557887,3,pbsenterprises10 rp b2brc,51:49.5,15-07-2026 20:35,21-07-2026,`756,"KAMAL LAXMI INDUSTRIES-AMPERE, KAMAL LAXMI INDUSTRIES-AMPERE",Gadarwara,Raipur,maa ambe automobile,,492015,1,21-07-2026,21-07-2026,Raipur_Devpuri_L (Chhattisgarh),23-07-2026 10:50,Delivered,Delivered,Delivered to Consignee,21-07-2026,21-07-2026 12:15,Pre-paid,5.43766E+13,Clean POD | As per POD audit,,,,49:12.2,49000,10.33,15:18.3,15:18.3,1,,B,Forward Shipment,305211919,Chhattisgarh
311564281,E2W4830A22220013-5559251,2,pbsenterprises10 rp b2brc,21:56.4,14-07-2026 16:47,20-07-2026,`871,"CYGNI ENERGY PRIVATE LIMITED, CYGNI ENERGY PRIVATE LIMITED",Saharanpur,Hyderabad,bagla ampere electric,,501359,1,21-07-2026,21-07-2026,Hyderabad_Shamshbd_H (Telangana),21-07-2026 16:12,Delivered,Delivered,Delivered to Consignee,20-07-2026,21-07-2026 16:12,Pre-paid,5.43766E+13,Contactless Delivery -  Geofence verified,,,,50:58.9,49000,15.84,13:02.3,13:02.3,1,,D2,Forward Shipment,304933858,Telangana
312343327,B1_51105_B_120708,2,pbsenterprises10 rp b2brc,28:08.6,27-07-2026 17:41,30-07-2026,`DC/UEPL/MOZ/535,"KABRA EXTRUSION TECHNIK-GURUGRAM , KABRA EXTRUSION TECHNIK-GURUGRAM",Muzaffarnagar,Gurgaon,upgrid muzaffarnagar wh0019,,122004,1,31-07-2026,31-07-2026,Gurgaon_Sihi_L (Haryana),01-08-2026 10:56,Delivered,Delivered,Delivered to Consignee,30-07-2026,31-07-2026 16:19,Pre-paid,5.43766E+13,Clean POD | As per POD audit,,,,42:21.0,20001,48.5,19:43.2,19:43.2,1,,B,Forward Shipment,308391854,Haryana
313015195,B111002350122696-5563230,2,pbsenterprises10 rp b2brc,09:53.1,08-08-2026 17:20,14-08-2026,`908,"KABRA EXTRUSION TECHNIK LTDBATTRIXX , KABRA EXTRUSION TECHNIK LTDBATTRIXX",Kolkata,Pune,new db enterprise,,410501,0,,,Pune_Bhamboli_L (Maharashtra),12-08-2026 07:22,Pending,Undelivered,Consignment Reached at Destination,14-08-2026,,Pre-paid,5.43766E+13,,,,,22:03.9,49000,17.95,,,,,C2,Forward Shipment,311619203,Maharashtra
312899450,REDON,7,pbsenterprises10 rp b2brc,07:48.6,06-08-2026 13:15,10-08-2026,`468,"REDON LITHIUM BATTERIES LLP, .",Kanpur,Noida,ashok home,,201308,1,11-08-2026,11-08-2026,Noida_Surajpur_L (Uttar Pradesh),12-08-2026 11:41,Delivered,Delivered,Delivered to Consignee,10-08-2026,11-08-2026 15:36,Pre-paid,5.43766E+13,LM POD document uploaded,,,,29:03.6,49000,53.23,36:32.2,36:32.2,1,,B,Forward Shipment,311046631,Uttar Pradesh
311054886,B111001390270683-5557018,2,pbsenterprises10 rp b2brc,33:47.7,03-07-2026 16:33,09-07-2026,`218,"KABRA EXTRUSION TECHNIK LTDBATTRIXX , KABRA EXTRUSION TECHNIK LTDBATTRIXX",Deoghar,Pune,bharat e motors,,410501,1,11-07-2026,11-07-2026,Pune_Bhamboli_L (Maharashtra),13-07-2026 13:09,Delivered,Delivered,Delivered to Consignee,09-07-2026,11-07-2026 18:00,Pre-paid,5.43766E+13,Clean POD | As per POD audit,,,,21:03.0,49000,20.22,00:17.7,00:17.7,1,,D2,Forward Shipment,302499577,Maharashtra
311256484,A48281F24H17013  5553924,2,pbsenterprises10 rp b2brc,18:50.4,08-07-2026 20:50,15-07-2026,`1820,"KABITA AUTOMOBIL, KABITA AUTOMOBIL",Raipur,Contai,kamal laxami ampere brc,,721444,1,15-07-2026,15-07-2026,Contai_Bankaberya_D (West Bengal),16-07-2026 16:35,Delivered,Delivered,Delivered to Consignee,14-07-2026,15-07-2026 21:06,Pre-paid,5.43766E+13,Clean POD | As per POD audit,,,,10:19.4,49000,10.18,06:15.6,06:15.6,1,,D1,Forward Shipment,303467829,West Bengal
306231006,ajay,3,pbsenterprises10 rp b2brc,02:01.1,11-08-2026 12:25,17-08-2026,`957,Redon littium Ind LLP CUP,Bokaro,Noida,redon hindustan auto agency,,201308,0,,,Dhanbad_Tilabani_H (Jharkhand),12-08-2026 13:19,In Transit,Undelivered,Consignment Dispatched from Origin City,17-08-2026,,Pre-paid,5.43766E+13,,,,,,40000,70,,,,,D1,Forward Shipment,FMINC_a7f068b6-9551-11f1-9da8-3d33f2361cdb,Uttar Pradesh
311259691,Supreme,2,pbsenterprises10 rp b2brc,53:17.2,11-07-2026 13:01,23-07-2026,`SLE/26-27/00211,"MANI AQUA INDUSTRIES & MANI & CO & MANI EV VEHICLE, .",Noida,Sankarapuram,supreme lithium energy noida 63,,606213,1,21-07-2026,21-07-2026,Sankarapuram_Vdasiruvlr_D (Tamil Nadu),21-07-2026 12:20,Delivered,Delivered,Delivered to Consignee,18-07-2026,21-07-2026 12:20,Pre-paid,5.43766E+13,Contactless Delivery -  Geofence NA,,,,45:06.2,18467,2.6,20:17.7,20:17.7,1,,D2,Forward Shipment,304466494,Tamil Nadu
311419729,drive volts,3,pbsenterprises10 rp b2brc,18:03.6,11-07-2026 14:40,17-07-2026,`115,"0, Drive Volts Private Limited",Raipur,Dehradun,om electric infront,,248011,1,16-07-2026,16-07-2026,Dehradun_Temp_L (Uttarakhand),16-07-2026 15:51,Delivered,Delivered,Delivered to Consignee,17-07-2026,16-07-2026 15:51,Pre-paid,5.43766E+13,Contactless Delivery -  Geofence verified,,,,11:12.6,49500,26.42,51:06.1,51:06.1,1,,D1,Forward Shipment,304244987,Uttarakhand
311642049,B11100139219573-5559039,2,pbsenterprises10 rp b2brc,45:09.7,15-07-2026 18:52,21-07-2026,`940,"KABRA EXTRUSION TECHNIK LTDBATTRIXX , KABRA EXTRUSION TECHNIK LTDBATTRIXX",Tuticorin,Pune,prma motors,,410501,1,21-07-2026,21-07-2026,Pune_Bhamboli_L (Maharashtra),22-07-2026 18:18,Delivered,Delivered,Delivered to Consignee,21-07-2026,21-07-2026 17:53,Pre-paid,5.43766E+13,Clean POD | As per POD audit,,,,17:43.7,49000,20,53:45.7,53:45.7,1,,D2,Forward Shipment,305245092,Maharashtra
311474728,B111001390187244   5553975,2,pbsenterprises10 rp b2brc,46:49.6,17-07-2026 20:58,23-07-2026,`6524,"KPT AUTO, KPT AUTO",Raipur,Gaya,kamal laxami ampere brc,,823001,1,27-07-2026,27-07-2026,Gaya_Matihani_H (Bihar),29-07-2026 10:45,Delivered,Delivered,Delivered to Consignee,23-07-2026,27-07-2026 17:43,Pre-paid,5.43766E+13,Clean POD | As per POD audit,,,,46:30.4,49000,16.87,43:13.6,43:13.6,1,,D1,Forward Shipment,305941250,Bihar
312957301,REDON,2,pbsenterprises10 rp b2brc,43:34.3,,,`793,"REDON LITHIUM BATTERIES LLP, .",Purulia,Noida,redon bharat motors,,201308,0,,,Purulia_GariDPP_D (West Bengal),07-08-2026 21:09,Manifested,Undelivered,Consignment Manifested,,,Pre-paid,5.43766E+13,,,,,,21000,20,,,,,D1,Forward Shipment,,Uttar Pradesh
311938144,B112004450_124142,6,pbsenterprises10 rp b2brc,29:58.9,21-07-2026 14:47,24-07-2026,`DC/UEPL/MH/364,"KABRA EXTRUSION TECHNIK LTDBATTRIXX , KABRA EXTRUSION TECHNIK LTDBATTRIXX",Mumbai,Pune,upgrid wh0076,,410501,1,24-07-2026,24-07-2026,Pune_Bhamboli_L (Maharashtra),25-07-2026 14:31,Delivered,Delivered,Delivered to Consignee,24-07-2026,24-07-2026 19:03,Pre-paid,5.43766E+13,Clean POD | As per POD audit,,,,17:17.4,100005,20.78,03:48.8,03:48.8,1,,B,Forward Shipment,306651525,Maharashtra
312638695,DCGN-9485/26-27,2,pbsenterprises10 rp b2brc,10:40.6,01-08-2026 18:06,08-08-2026,`DCGN-9485/26-27,", HEMANTA BATTERY ENTERPRISES",Noida,Kolkata,fujiyama power system (panel),,700006,1,07-08-2026,07-08-2026,Kolkata_Bagmari_L (West Bengal),09-08-2026 09:35,Delivered,Delivered,Delivered to Consignee,08-08-2026,07-08-2026 14:53,Pre-paid,5.43766E+13,Clean POD | As per POD audit,,,,22:54.8,37561,49.45,53:40.3,53:40.3,1,,C2,Forward Shipment,309711732,West Bengal
311814370,DCGN-7926/26-27,2,pbsenterprises10 rp b2brc,03:32.7,18-07-2026 21:26,24-07-2026,`DCGN-7926/26-27,"BRAND CONCEPTS , .",Noida,Banka,fujiyama power system (panel),,813102,1,23-07-2026,23-07-2026,Banka_Jagatpur_D (Bihar),26-07-2026 08:48,Delivered,Delivered,Delivered to Consignee,24-07-2026,23-07-2026 16:52,Pre-paid,5.43766E+13,Clean POD | As per POD audit,,,,11:10.8,39185,50.62,52:29.1,52:29.1,1,,D1,Forward Shipment,FMINC_2fe7cf82-82c1-11f1-bbfc-291932d3a787,Bihar
311787973,DCGN-7795/26-27,2,pbsenterprises10 rp b2brc,47:32.1,18-07-2026 21:26,25-07-2026,`DCGN-7795/26-27,"GALAXY ELECTRONICS, .",Noida,Vadnagar,fujiyama power system (panel),,384315,1,25-07-2026,25-07-2026,Vadnagar_BsstdDPP_D (Gujarat),25-07-2026 11:30,Delivered,Delivered,Delivered to Consignee,25-07-2026,25-07-2026 11:30,Pre-paid,5.43766E+13,Contactless Delivery -  Geofence not verified,,,,55:25.3,8206,56.8,30:05.4,30:05.4,1,,D1,Forward Shipment,FMINC_2fe7cf82-82c1-11f1-bbfc-291932d3a787,Gujarat
312543273,Supreme,4,pbsenterprises10 rp b2brc,01:03.7,01-08-2026 13:49,06-08-2026,`SLE/26-27/00276,"Sunil singh, Sunil singh",Noida,Palghar,supreme lithium energy noida 63,,401403,1,08-08-2026,08-08-2026,Palghar_VishnuNagar_L (Maharashtra),08-08-2026 15:28,Delivered,Delivered,Delivered to Consignee,06-08-2026,08-08-2026 15:28,Pre-paid,5.43766E+13,Contactless Delivery -  Geofence verified,,,,09:21.5,43937,10.42,28:14.7,28:14.7,1,,D1,Forward Shipment,309748675,Maharashtra
312005403,B111001390275738-5484430,2,pbsenterprises10 rp b2brc,21:51.0,21-07-2026 18:22,27-07-2026,`573,"KABRA EXTRUSION TECHNIK LTDBATTRIXX , KABRA EXTRUSION TECHNIK LTDBATTRIXX",Rajkot,Pune,axis enertech,,410501,1,28-07-2026,28-07-2026,Pune_Bhamboli_L (Maharashtra),30-07-2026 16:53,Delivered,Delivered,Delivered to Consignee,27-07-2026,29-07-2026 16:36,Pre-paid,5.43766E+13,Clean POD | As per POD audit,,,,10:53.1,49000,20.18,36:09.9,36:09.9,1,,D1,Forward Shipment,306920437,Maharashtra
311475105,B111001390_190818   5550217,2,pbsenterprises10 rp b2brc,51:19.4,17-07-2026 20:58,23-07-2026,`6528,"AXIS STAR AUTOMOTIVE, AXIS STAR AUTOMOTIVE",Raipur,Kanpur,kamal laxami ampere brc,,208012,2,25-07-2026,27-07-2026,Kanpur_Chakeri_L (Uttar Pradesh),28-07-2026 16:34,Delivered,Delivered,Delivered to Consignee,23-07-2026,27-07-2026 21:55,Pre-paid,5.43766E+13,Clean POD | As per POD audit,,,,48:11.6,49000,16.71,52:55.2,55:34.2,2,,D1,Forward Shipment,305941250,Uttar Pradesh
310992307,A60391H124A24238-555514,2,pbsenterprises10 rp b2brc,37:26.8,03-07-2026 19:55,07-07-2026,`1044,"SARAVANA MOTORS , SARAVANA MOTORS",Salem,Tirunelveli,oxygen energy enterprises ampere,,627007,1,06-07-2026,06-07-2026,Tirunelveli_Krishnapuram_H (Tamil Nadu),06-07-2026 14:45,Delivered,Delivered,Delivered to Consignee,07-07-2026,06-07-2026 11:21,Pre-paid,5.43766E+13,Clean POD | As per POD audit,,,,59:05.8,49000,18.51,21:25.9,21:25.9,1,,B,Forward Shipment,FMINC_0f0a5b72-76eb-11f1-80e1-19a9f13314d9,Tamil Nadu
312393862,A60391H124B13059   5554267,2,pbsenterprises10 rp b2brc,56:40.0,28-07-2026 15:43,03-08-2026,`7753,"P M G MOTORS, P M G MOTORS",Salem,Cuttack,oxygen energy enterprises ampere,,753002,1,01-08-2026,01-08-2026,Cuttack_Bilteruan1_L (Orissa),02-08-2026 16:54,Delivered,Delivered,Delivered to Consignee,03-08-2026,01-08-2026 12:28,Pre-paid,5.43766E+13,Clean POD | As per POD audit,,,,35:00.0,49000,18.73,29:04.5,29:04.5,1,,D2,Forward Shipment,308389222,Orissa
312916363,SUPREME,2,pbsenterprises10 rp b2brc,40:51.7,,,`SLE/26-27/00292,"Shekhar patil, Shekhar patil",Noida,Gadhinglaj,supreme e-94,,416502,0,,,Noida_Bairangpur_GW (Uttar Pradesh),06-08-2026 19:14,Manifested,Undelivered,Consignment Manifested,,,Pre-paid,5.43766E+13,,,,,,16850,20,,,,,D2,Forward Shipment,,Maharashtra
312730684,E2W4830A29250315  5558468,2,pbsenterprises10 rp b2brc,30:11.5,04-08-2026 16:39,08-08-2026,`Kamal8885,"ASHUTOSH ELECTRICALS, ASHUTOSH ELECTRICALS",Abhanpur,Durg,kamal laxmi industrie ampere b2b,,491001,1,07-08-2026,07-08-2026,Durg_SmritiNagar_D (Chhattisgarh),08-08-2026 22:06,Delivered,Delivered,Delivered to Consignee,08-08-2026,07-08-2026 19:24,Pre-paid,5.43766E+13,Clean POD | As per POD audit,,,,01:06.6,49000,12.6,24:19.8,24:19.8,1,,B,Forward Shipment,310450792,Chhattisgarh
311940603,EA5160W152303668R-5556183,2,pbsenterprises10 rp b2brc,00:06.5,21-07-2026 16:19,27-07-2026,`801,"CYGNI ENERGY PRIVATE LIMITED, CYGNI ENERGY PRIVATE LIMITED",Ajmer,Hyderabad,matrix electric mobility,,501359,2,25-07-2026,27-07-2026,Hyderabad_Shamshbd_H (Telangana),27-07-2026 10:16,Delivered,Delivered,Delivered to Consignee,27-07-2026,27-07-2026 10:16,Pre-paid,5.43766E+13,Contactless Delivery -  Geofence verified,,,,04:38.1,49000,39.22,11:27.6,16:30.0,2,,D2,Forward Shipment,306658926,Telangana
311358002,B1_51105_B_129789,3,pbsenterprises10 rp b2brc,34:16.6,09-07-2026 17:18,15-07-2026,`DC/UEPL/STP/440,"KABRA EXTRUSION TECHNIK LTDBATTRIXX , KABRA EXTRUSION TECHNIK LTDBATTRIXX",Sitapur,Pune,upgrid sitapur wh0021,,410501,1,24-07-2026,24-07-2026,Pune_Bhamboli_L (Maharashtra),25-07-2026 14:49,Delivered,Delivered,Delivered to Consignee,15-07-2026,24-07-2026 18:47,Pre-paid,5.43766E+13,Clean POD | As per POD audit,,,,22:19.1,47082,51.26,47:57.9,47:57.9,1,,D2,Forward Shipment,303967218,Maharashtra
312570776,B111001390276163-5562446,2,pbsenterprises10 rp b2brc,24:28.4,31-07-2026 16:29,06-08-2026,`915,"KABRA EXTRUSION TECHNIK LTDBATTRIXX , KABRA EXTRUSION TECHNIK LTDBATTRIXX",Haldwani,Pune,shiv shakti motors,,410501,1,10-08-2026,10-08-2026,Pune_Bhamboli_L (Maharashtra),10-08-2026 22:58,Delivered,Delivered,Delivered to Consignee,06-08-2026,10-08-2026 19:00,Pre-paid,5.43766E+13,Clean POD | As per POD audit,,,,19:28.6,49000,20.88,00:55.7,00:55.7,1,,D2,Forward Shipment,309288502,Maharashtra
312525172,B111001390259840-5561263,2,pbsenterprises10 rp b2brc,09:14.2,30-07-2026 16:04,06-08-2026,`1,"KABRA EXTRUSION TECHNIK LTDBATTRIXX , KABRA EXTRUSION TECHNIK LTDBATTRIXX",North Lakhimpur,Pune,fra motors,,410501,1,08-08-2026,08-08-2026,Pune_Bhamboli_L (Maharashtra),10-08-2026 22:58,Delivered,Delivered,Delivered to Consignee,06-08-2026,10-08-2026 18:57,Pre-paid,5.43766E+13,Clean POD | As per POD audit,,,,26:04.0,36000,20.44,58:03.1,58:03.1,1,,E,Forward Shipment,309176303,Maharashtra
312903354,Drive volts,3,pbsenterprises10 rp b2brc,58:07.4,,,`125,"0, Drive Volts Private Limited",Basna,Dehradun,energy junction,,248011,0,,,Basna_SSM_DPP (Chhattisgarh),06-08-2026 23:55,Manifested,Undelivered,Consignment Manifested,,,Pre-paid,5.43766E+13,Not Dispatched |,,,,,19000,10,,,,,D2,Forward Shipment,,Uttarakhand
311676106,B111001390276931-5558522,5,pbsenterprises10 rp b2brc,06:16.6,16-07-2026 17:17,23-07-2026,`242,"KABRA EXTRUSION TECHNIK LTDBATTRIXX , KABRA EXTRUSION TECHNIK LTDBATTRIXX",Bhilwara,Pune,darsh e motors,,410501,1,22-07-2026,22-07-2026,Pune_Bhamboli_L (Maharashtra),24-07-2026 17:07,Delivered,Delivered,Delivered to Consignee,23-07-2026,23-07-2026 18:59,Pre-paid,5.43766E+13,Clean POD | As per POD audit,,,,18:23.8,49000,20.1,59:48.9,59:48.9,1,,D1,Forward Shipment,305446660,Maharashtra
311933074,REDON,2,pbsenterprises10 rp b2brc,28:22.5,20-07-2026 17:26,27-07-2026,`MA/044,"REDON LITHIUM BATTERIES LLP, .",Dankuni,Noida,gowith green e vehicles pvt. ltd.,,201308,1,24-07-2026,24-07-2026,Noida_Surajpur_L (Uttar Pradesh),25-07-2026 12:59,Delivered,Delivered,Delivered to Consignee,27-07-2026,24-07-2026 19:09,Pre-paid,5.43766E+13,Clean POD | As per POD audit,,,,59:33.7,25000,15.1,09:37.7,09:37.7,1,,C2,Forward Shipment,306627976,Uttar Pradesh
312005069,B1_51105_B_122727,2,pbsenterprises10 rp b2brc,18:24.1,21-07-2026 17:26,24-07-2026,`DC/UEPL/LKO/1712,"KABRA EXTRUSIONTECHNIK LTD, KABRA EXTRUSIONTECHNIK LTD",Lucknow,Gurgaon,upgrid wh0105 lucknow,,122004,1,27-07-2026,27-07-2026,Gurgaon_Sihi_L (Haryana),29-07-2026 15:19,Delivered,Delivered,Delivered to Consignee,24-07-2026,27-07-2026 16:18,Pre-paid,5.43766E+13,Clean POD | As per POD audit,,,,47:49.8,20001,52.76,18:59.8,18:59.8,1,,D1,Forward Shipment,306716838,Haryana
310947852,FUJIYAMA-6531,2,pbsenterprises10 rp b2brc,26:32.7,02-07-2026 19:02,07-07-2026,`DCGN-6431/26-27,"SUBHASH CHANDRA KUSHWAHA, .",Noida,Lakhisarai,fujiyama power system (panel),,811311,1,09-07-2026,09-07-2026,Lakhisarai_Kiul_H (Bihar),09-07-2026 10:17,Delivered,Delivered,Delivered to Consignee,07-07-2026,09-07-2026 10:17,Pre-paid,5.43766E+13,Contactless Delivery -  Geofence verified,,,,54:40.8,41462,49.44,17:33.8,17:33.8,1,,D1,Forward Shipment,302090999,Bihar
311549503,B111001390192388  5495588,2,pbsenterprises10 rp b2brc,32:07.8,13-07-2026 14:35,16-07-2026,`012/26-27,"FRIENDLY AUTOMOBILE, FRIENDLY AUTOMOBILE",Ahmedabad,Mumbai,jalaram lithium battery ampere b2b,,400009,1,17-07-2026,17-07-2026,Mumbai_Kalachowki_L (Maharashtra),20-07-2026 12:15,Delivered,Delivered,Delivered to Consignee,16-07-2026,17-07-2026 14:32,Pre-paid,5.43766E+13,Clean POD | As per POD audit,,,,54:42.4,47200,14.04,32:13.3,32:13.3,1,,C1,Forward Shipment,304879243,Maharashtra
312007725,B111001390274805-5560212,3,pbsenterprises10 rp b2brc,51:30.1,24-07-2026 17:11,31-07-2026,`608,"KABRA EXTRUSION TECHNIK LTDBATTRIXX , KABRA EXTRUSION TECHNIK LTDBATTRIXX",Gurdaspur,Pune,standard electric,,410501,1,01-08-2026,01-08-2026,Pune_Bhamboli_L (Maharashtra),01-08-2026 15:40,Delivered,Delivered,Delivered to Consignee,31-07-2026,01-08-2026 14:46,Pre-paid,5.43766E+13,Clean POD | As per POD audit,,,,27:52.3,49000,20.02,46:41.1,46:41.1,1,,D2,Forward Shipment,307703927,Maharashtra
312082965,B60382A23B27211-5568318,2,pbsenterprises10 rp b2brc,50:34.4,22-07-2026 16:54,25-07-2026,`908,"KAMAL LAXMI INDUSTRIES-AMPERE, KAMAL LAXMI INDUSTRIES-AMPERE",Jhunjhunu,Raipur,national motors-jhunjhunu,,492015,1,27-07-2026,27-07-2026,Raipur_Devpuri_L (Chhattisgarh),28-07-2026 17:03,Delivered,Delivered,Delivered to Consignee,25-07-2026,27-07-2026 12:17,Pre-paid,5.43766E+13,Clean POD | As per POD audit,,,,10:59.8,49000,16.5,17:42.3,17:42.3,1,,D1,Forward Shipment,307187987,Chhattisgarh
312470083,Bounce,2,pbsenterprises10 rp b2brc,42:11.5,30-07-2026 12:01,04-08-2026,`D/26-27/153,"E WHEELS, E WHEELS",Bangalore,Moodabidri,bounce exicom energy systems private limited bangalore,,574227,1,04-08-2026,04-08-2026,Moodabidri_Alangar_D (Karnataka),04-08-2026 10:56,Delivered,Delivered,Delivered to Consignee,03-08-2026,04-08-2026 10:56,Pre-paid,5.43766E+13,Contactless Delivery -  Geofence verified,,,,30:17.4,45000,13.3,56:50.0,56:50.0,1,,B,Forward Shipment,309172052,Karnataka
312921343,EA5160W92301435-5562906,2,pbsenterprises10 rp b2brc,36:21.9,07-08-2026 13:56,11-08-2026,`677,"CYGNI ENERGY PRIVATE LIMITED, CYGNI ENERGY PRIVATE LIMITED",Chhindwara,Hyderabad,jalsa automobile,,501359,1,11-08-2026,11-08-2026,Hyderabad_Shamshbd_H (Telangana),11-08-2026 14:34,Delivered,Delivered,Delivered to Consignee,11-08-2026,11-08-2026 14:34,Pre-paid,5.43766E+13,Contactless Delivery -  Geofence verified,,,,40:39.6,49000,38.42,35:00.0,35:00.0,1,,D1,Forward Shipment,311119372,Telangana
312846690,B1_51105_B_125666,3,pbsenterprises10 rp b2brc,37:10.8,05-08-2026 20:39,10-08-2026,`DC/UEPL/STP/473,"KABRA EXTRUSIONTECHNIK LTD, KABRA EXTRUSIONTECHNIK LTD",Sitapur,Gurgaon,upgrid sitapur wh0021,,122004,1,10-08-2026,10-08-2026,Gurgaon_Sihi_L (Haryana),11-08-2026 17:53,Delivered,Delivered,Delivered to Consignee,10-08-2026,10-08-2026 21:18,Pre-paid,5.43766E+13,LM POD document uploaded,,,,40:35.6,54162,51.12,18:59.4,18:59.4,1,,B,Forward Shipment,310784033,Haryana
312442991,B111001390253117-5562015,2,pbsenterprises10 rp b2brc,23:47.2,29-07-2026 16:10,03-08-2026,`16,"KABRA EXTRUSION TECHNIK LTDBATTRIXX , KABRA EXTRUSION TECHNIK LTDBATTRIXX",Vadodara,Pune,chirag automotive,,410501,1,04-08-2026,04-08-2026,Pune_Bhamboli_L (Maharashtra),05-08-2026 17:17,Delivered,Delivered,Delivered to Consignee,03-08-2026,04-08-2026 16:09,Pre-paid,5.43766E+13,Clean POD | As per POD audit,,,,06:58.1,49000,20.04,09:17.4,09:17.4,1,,D1,Forward Shipment,308774388,Maharashtra
311323014,SAFELI,2,pbsenterprises10 rp b2brc,53:51.2,09-07-2026 17:19,14-07-2026,`343,"KAKKAR SMART ENERGY VENTURES LLP, KAKKAR SMART ENERGY VENTURES LLP",Dhubri,Sonipat,safeli runu  store & automobiles,,131028,1,15-07-2026,15-07-2026,Sonipat_Sector42_P (Haryana),17-07-2026 10:31,Delivered,Delivered,Delivered to Consignee,14-07-2026,15-07-2026 16:48,Pre-paid,5.43766E+13,Clean POD | As per POD audit,,,,33:59.5,15000,9.3,48:19.6,48:19.6,1,,E,Forward Shipment,303969805,Haryana
311862521,SAFELI,3,pbsenterprises10 rp b2brc,19:15.2,18-07-2026 20:21,23-07-2026,`VG/SL/2-27/5377,"KAKKAR SMART ENERGY VENTURES LLP, KAKKAR SMART ENERGY VENTURES LLP",Bhopal,Sonipat,safeli vg construction and trading company,,131028,1,21-07-2026,21-07-2026,Sonipat_Sector42_P (Haryana),23-07-2026 17:31,Delivered,Delivered,Delivered to Consignee,23-07-2026,21-07-2026 13:02,Pre-paid,5.43766E+13,Clean POD | As per POD audit,,,,47:56.4,10000,58.25,02:30.0,02:30.0,1,,D1,Forward Shipment,306226041,Haryana
311112041,SAFELI,2,pbsenterprises10 rp b2brc,23:17.8,04-07-2026 18:08,09-07-2026,`121,"KAKKAR SMART ENERGY VENTURES LLP, KAKKAR SMART ENERGY VENTURES LLP",Sitapur,Sonipat,safeli shiv traders b2b,,131028,1,13-07-2026,13-07-2026,Sonipat_Sector42_P (Haryana),15-07-2026 10:40,Delivered,Delivered,Delivered to Consignee,09-07-2026,13-07-2026 16:50,Pre-paid,5.43766E+13,Clean POD | As per POD audit,,,,59:14.1,15000,50.32,50:43.2,50:43.2,1,,B,Forward Shipment,302753378,Haryana
312062604,SAFELI,2,pbsenterprises10 rp b2brc,08:35.2,22-07-2026 19:58,29-07-2026,`43,"KAKKAR SMART ENERGY VENTURES LLP, KAKKAR SMART ENERGY VENTURES LLP",Bhagalpur,Sonipat,"safeli shree ram enterprise,",,131028,1,27-07-2026,27-07-2026,Sonipat_Sector42_P (Haryana),29-07-2026 10:40,Delivered,Delivered,Delivered to Consignee,29-07-2026,27-07-2026 14:28,Pre-paid,5.43766E+13,Clean POD | As per POD audit,,,,37:29.9,15000,11.68,28:22.9,28:22.9,1,,D1,Forward Shipment,307172082,Haryana
311955475,DCGN-8161/26-27,2,pbsenterprises10 rp b2brc,37:35.3,21-07-2026 20:14,27-07-2026,`DCGN-8161/26-27,"DEEPAK KUMAR, .",Noida,Panipat,fujiyama power system (panel),,132145,1,31-07-2026,31-07-2026,Panipat_Diwana_P (Haryana),01-08-2026 10:03,Delivered,Delivered,Delivered to Consignee,27-07-2026,31-07-2026 17:16,Pre-paid,5.43766E+13,Clean POD | As per POD audit,,,,33:01.2,52474,96,16:34.6,16:34.6,1,,B,Forward Shipment,306858972,Haryana
311609754,SAFELI,3,pbsenterprises10 rp b2brc,01:02.7,14-07-2026 18:45,20-07-2026,`45,"KAKKAR SMART ENERGY VENTURES LLP, ASSAM KAKKAR SMART ENERGY VENTURES LLP",Silapathar,Guwahati,safeli ms pathak nterprises,,781035,1,21-07-2026,21-07-2026,Guwahati_Kaikchi1_L (Assam),23-07-2026 11:54,Delivered,Delivered,Delivered to Consignee,20-07-2026,21-07-2026 16:22,Pre-paid,5.43766E+13,Clean POD | As per POD audit,,,,12:48.6,30000,49.27,23:00.7,23:00.7,1,,E,Forward Shipment,305155686,Assam
312420712,DCGN-9111/26-27,2,pbsenterprises10 rp b2brc,40:29.5,28-07-2026 19:31,01-08-2026,`DCGN-9111/26-27,"NAVEEN ELECTRICALS, .",Noida,Neemrana,fujiyama power system (panel),,301701,1,30-07-2026,30-07-2026,Neemrana_RIICOIndArea_L (Rajasthan),03-08-2026 15:59,Delivered,Delivered,Delivered to Consignee,01-08-2026,30-07-2026 13:57,Pre-paid,5.43766E+13,Clean POD | As per POD audit,,,,52:12.1,22261,48.4,57:34.9,57:34.9,1,,B,Forward Shipment,308620847,Rajasthan
313033579,RACHNA JI,5,pbsenterprises10 rp b2brc,46:25.8,11-08-2026 17:07,14-08-2026,`SM/NR/26/0491630,"FUJIYAMA POWER SYSTEMS LIMITED, FUJIYAMA POWER SYSTEMS LIMITED",Jaipur,Noida,rachna ji jeet ram 1914,,201301,0,,,Gurgaon_Pathradi_H (Haryana),12-08-2026 12:42,In Transit,Undelivered,Consignment Dispatched from Origin City,14-08-2026,,Pre-paid,5.43766E+13,,,,,,163612,33.03,,,,,B,Forward Shipment,312317204,Uttar Pradesh
312401877,B111001390232829-5561239,2,pbsenterprises10 rp b2brc,14:26.2,29-07-2026 20:24,05-08-2026,`1,"KABRA EXTRUSION TECHNIK LTDBATTRIXX , KABRA EXTRUSION TECHNIK LTDBATTRIXX",Alappuzha,Pune,kings group,,410501,0,,,Pune_Bhamboli_L (Maharashtra),11-08-2026 13:33,Pending,Undelivered,Consignment Reached at Destination,05-08-2026,,Pre-paid,5.43766E+13,,,,,29:11.6,25000,19.98,,,,,D1,Forward Shipment,308933916,Maharashtra
311416997,Bounce,3,pbsenterprises10 rp b2brc,42:49.2,10-07-2026 20:19,15-07-2026,`D/26-27/128,"Micromix Enterprises, Micromix Enterprises",Bangalore,Karad,bounce exicom energy systems private limited bangalore,,415539,1,13-07-2026,13-07-2026,Karad_Malkapur1_D (Maharashtra),14-07-2026 15:32,Delivered,Delivered,Delivered to Consignee,15-07-2026,13-07-2026 19:36,Pre-paid,5.43766E+13,Clean POD | As per POD audit,,,,17:58.9,49000,25.44,36:44.7,36:44.7,1,,D1,Forward Shipment,304236170,Maharashtra
313007874,DCGN-10084/26-27,2,pbsenterprises10 rp b2brc,36:24.7,,,`DCGN-10084/26-27,"M/S SUN POWER PHOTOVOLTAIC, .",Noida,Ghaziabad,fujiyama power system (panel),,201206,0,,,Noida_Bairangpur_GW (Uttar Pradesh),08-08-2026 20:12,Manifested,Undelivered,Delay due to Disturbance/Strike,,,Pre-paid,5.43766E+13,,,,,,9537,20,,,,,B,Forward Shipment,,Uttar Pradesh
310966244,AX28082500042,2,pbsenterprises10 rp b2brc,48:28.9,02-07-2026 15:52,10-07-2026,`11,"KABRA EXTRUSIONTECHNIK LTD, KABRA EXTRUSIONTECHNIK LTD",Tinsukia,Gurgaon,baheti and sons (kab),,122004,2,13-07-2026,15-07-2026,Gurgaon_Hasanpur2_D (Haryana),16-07-2026 14:43,Delivered,Delivered,Delivered to Consignee,09-07-2026,15-07-2026 17:35,Pre-paid,5.43766E+13,Clean POD | As per POD audit,,,,07:25.1,9000,3.16,21:46.2,35:15.1,2,,E,Forward Shipment,302069066,Haryana
312900944,B1_51105_S_120069,15,pbsenterprises10 rp b2brc,24:30.9,06-08-2026 16:00,10-08-2026,`UEPIND247,"KABRA EXTRUSIONTECHNIK LTD, KABRA EXTRUSIONTECHNIK LTD",Indore,Gurgaon,upgrid wh0090 indore,,122004,1,11-08-2026,11-08-2026,Gurgaon_Sihi_L (Haryana),12-08-2026 13:14,Delivered,Delivered,Delivered to Consignee,10-08-2026,11-08-2026 16:37,Pre-paid,5.43766E+13,LM POD document uploaded,,,,19:59.8,280014,51.1,37:53.7,37:53.7,1,,D1,Forward Shipment,311056039,Haryana
311316539,DCGN-7119/26-27,2,pbsenterprises10 rp b2brc,53:53.5,09-07-2026 18:37,13-07-2026,`DCGN-7119/26-27,"MANGLAM E MOTORS, .",Noida,Sonipat,fujiyama power system (panel),,131001,1,13-07-2026,13-07-2026,Sonipat_Sector42_P (Haryana),15-07-2026 10:43,Delivered,Delivered,Delivered to Consignee,13-07-2026,13-07-2026 17:54,Pre-paid,5.43766E+13,Clean POD | As per POD audit,,,,45:45.1,39185,49.5,54:17.3,54:17.3,1,,A,Forward Shipment,303931375,Haryana
311440099,A60391H124A27439-5558408,2,pbsenterprises10 rp b2brc,44:25.4,11-07-2026 17:22,17-07-2026,`798,"OXYGEN ENERGY ENTERPRISES-AMPERE, OXYGEN ENERGY ENTERPRISES-AMPERE",Bargarh,Salem,tibrewal electric vehicle,,636006,1,21-07-2026,21-07-2026,Salem_Ramalingapuram_H (Tamil Nadu),22-07-2026 16:29,Delivered,Delivered,Delivered to Consignee,17-07-2026,21-07-2026 16:48,Pre-paid,5.43766E+13,Clean POD | As per POD audit,,,,19:32.1,49000,18.68,48:28.5,48:28.5,1,,D2,Forward Shipment,304293547,Tamil Nadu
312639631,DCGN-9456/26-27,2,pbsenterprises10 rp b2brc,25:26.1,01-08-2026 18:07,07-08-2026,`DCGN-9456/26-27,", IMPERIALDINAMICO INNOVATIONS LLP",Noida,Pune,fujiyama power system (panel),,412207,1,06-08-2026,06-08-2026,Pune_Temp_L (Maharashtra),08-08-2026 11:22,Delivered,Delivered,Delivered to Consignee,07-08-2026,06-08-2026 19:04,Pre-paid,5.43766E+13,Clean POD | As per POD audit,,,,16:46.2,42454,50.45,04:31.4,04:31.4,1,,C2,Forward Shipment,309711732,Maharashtra
312201620,SAFELI,2,pbsenterprises10 rp b2brc,24:17.6,28-07-2026 12:44,31-07-2026,`45,"KAKKAR SMART ENERGY VENTURES LLP, KAKKAR SMART ENERGY VENTURES LLP",Karauli,Sonipat,safeli jagdamba auto sales,,131028,1,01-08-2026,01-08-2026,Sonipat_Sector42_P (Haryana),01-08-2026 18:45,Delivered,Delivered,Delivered to Consignee,31-07-2026,01-08-2026 15:27,Pre-paid,5.43766E+13,Clean POD | As per POD audit,,,,52:52.1,15000,49.62,28:04.9,28:04.9,1,,B,Forward Shipment,308642723,Haryana
312291842,646536,3,pbsenterprises10 rp b2brc,56:26.1,25-07-2026 19:56,31-07-2026,`071,Redon Lithium Industries Private Limited,Mumbai,Noida,electride technologies pvt ltd,,201315,1,01-08-2026,01-08-2026,Noida_Surajpur_L (Uttar Pradesh),05-08-2026 14:49,Delivered,Delivered,Delivered to Consignee,31-07-2026,03-08-2026 09:51,Pre-paid,5.43766E+13,Clean POD | As per POD audit,,,,09:41.9,35000,11.18,51:46.7,51:46.7,1,,C2,Forward Shipment,307967109,Uttar Pradesh
312952582,REDON,2,pbsenterprises10 rp b2brc,41:12.0,,,`793,"REDON LITHIUM BATTERIES LLP, .",Purulia,Noida,redon bharat motors,,201308,0,,,Purulia_GariDPP_D (West Bengal),07-08-2026 21:09,Manifested,Undelivered,Consignment Manifested,,,Pre-paid,5.43766E+13,,,,,,21000,20,,,,,D1,Forward Shipment,,Uttar Pradesh
310916442,Supreme,4,pbsenterprises10 rp b2brc,09:13.7,03-07-2026 17:16,11-07-2026,`SLE/26-27/00192,"Mahalaxmi Litthium Battary, Mahalaxmi Litthium Battary",Noida,Patan,supreme lithium energy noida 63,,384265,1,10-07-2026,10-07-2026,Patan_Hansapur_D (Gujarat),10-07-2026 18:39,Delivered,Delivered,Delivered to Consignee,09-07-2026,10-07-2026 18:39,Pre-paid,5.43766E+13,Contactless Delivery -  Geofence not verified,,,,37:54.4,69537,12.51,39:57.1,39:57.1,1,,D1,Forward Shipment,302297749,Gujarat
312430559,B60381E21G26011-5562092,2,pbsenterprises10 rp b2brc,07:19.3,29-07-2026 17:37,06-08-2026,`610,"KAMAL LAXMI INDUSTRIES-AMPERE, KAMAL LAXMI INDUSTRIES-AMPERE",Gurdaspur,Raipur,standard electric,,492015,1,06-08-2026,06-08-2026,Raipur_Devpuri_L (Chhattisgarh),08-08-2026 15:28,Delivered,Delivered,Delivered to Consignee,06-08-2026,06-08-2026 14:31,Pre-paid,5.43766E+13,Clean POD | As per POD audit,,,,52:37.2,49000,15.48,31:13.8,31:13.8,1,,D2,Forward Shipment,308734345,Chhattisgarh
313014440,Bounce,3,pbsenterprises10 rp b2brc,00:59.2,08-08-2026 15:32,10-08-2026,`90,"EXICOM TELE-SYSTEMS LIMITED, .",Mysore,Bangalore,bounce wadiyar ev motors pvt ltd,,560065,1,11-08-2026,11-08-2026,Bangalore_Bettahalsoor_L (Karnataka),12-08-2026 01:02,Delivered,Delivered,Delivered to Consignee,10-08-2026,11-08-2026 12:37,Pre-paid,5.43766E+13,LM POD document uploaded,,,,53:43.1,40000,12.78,37:24.8,37:24.8,1,,B,Forward Shipment,311603790,Karnataka
312681549,454,4,pbsenterprises10 rp b2brc,03:41.1,01-08-2026 23:06,08-08-2026,`454,", REDON LITHIUM INDUSTRIES PVT LTD",Goa,Noida,plus marketing,,201308,1,06-08-2026,06-08-2026,Noida_Surajpur_L (Uttar Pradesh),07-08-2026 15:08,Delivered,Delivered,Delivered to Consignee,08-08-2026,06-08-2026 15:25,Pre-paid,5.43766E+13,Clean POD | As per POD audit,,,,07:56.1,45000,11.61,25:56.5,25:56.5,1,,D2,Forward Shipment,309467140,Uttar Pradesh
312203108,REDON,6,pbsenterprises10 rp b2brc,44:32.0,25-07-2026 16:12,28-07-2026,`435,"REDON LITHIUM BATTERIES LLP, .",Chomu,Noida,shree anjani electric motors,,201308,1,29-07-2026,29-07-2026,Noida_Surajpur_L (Uttar Pradesh),31-07-2026 10:43,Delivered,Delivered,Delivered to Consignee,28-07-2026,30-07-2026 10:06,Pre-paid,5.43766E+13,Clean POD | As per POD audit,,,,43:11.6,48999,13.9,06:12.5,06:12.5,1,,B,Forward Shipment,307733287,Uttar Pradesh
312323345,A60391H124B171885558250,2,pbsenterprises10 rp b2brc,18:09.0,27-07-2026 14:00,29-07-2026,`6658,"SRI AMMAN E BIKES, SRI AMMAN E BIKES",Salem,Tiruchi,oxygen energy enterprises ampere,,622102,1,30-07-2026,30-07-2026,Tiruchi_Navalur_H (Tamil Nadu),31-07-2026 12:50,Delivered,Delivered,Delivered to Consignee,29-07-2026,30-07-2026 17:54,Pre-paid,5.43766E+13,Clean POD | As per POD audit,,,,11:47.3,49000,18.31,54:56.5,54:56.5,1,,B,Forward Shipment,308355727,Tamil Nadu
311872444,GELITHIUM 1250 INTEGRATED,3,pbsenterprises10 rp b2brc,08:50.7,18-07-2026 18:05,24-07-2026,`1,"KABRA EXTRUSIONTECHNIK LTD, KABRA EXTRUSIONTECHNIK LTD",Raipur,Gurgaon,jaggi energy solutions (kab),,122004,3,28-07-2026,31-07-2026,Gurgaon_Sihi_L (Haryana),01-08-2026 12:58,Delivered,Delivered,Delivered to Consignee,24-07-2026,31-07-2026 19:44,Pre-paid,5.43766E+13,1 boxes short | As per POD audit,,,,13:09.0,39830,24.53,25:14.6,44:24.1,2,,D1,Forward Shipment,306055916,Haryana
311610404,Bounce,2,pbsenterprises10 rp b2brc,08:15.6,14-07-2026 15:21,20-07-2026,`01,"Exicom Energy Systems Private Limited, .",Aurangabad,Gurgaon,bounce parmeshwar gaikwad,,122015,1,21-07-2026,21-07-2026,Gurgaon_Sector17_L (Haryana),22-07-2026 18:17,Delivered,Delivered,Delivered to Consignee,20-07-2026,21-07-2026 14:22,Pre-paid,5.43766E+13,Clean POD | As per POD audit,,,,17:56.0,30000,12.94,22:19.8,22:19.8,1,,D1,Forward Shipment,305158673,Haryana
312346670,B111001390231790-5559672,3,pbsenterprises10 rp b2brc,04:42.3,28-07-2026 15:29,03-08-2026,`804,"KABRA EXTRUSION TECHNIK LTDBATTRIXX , KABRA EXTRUSION TECHNIK LTDBATTRIXX",Delhi,Pune,auto ease,,410501,1,06-08-2026,06-08-2026,Pune_Bhamboli_L (Maharashtra),08-08-2026 17:46,Delivered,Delivered,Delivered to Consignee,03-08-2026,07-08-2026 19:41,Pre-paid,5.43766E+13,Clean POD | As per POD audit,,,,36:53.4,49000,20.42,41:48.6,41:48.6,1,,C2,Forward Shipment,308407816,Maharashtra
312543072,Supreme,2,pbsenterprises10 rp b2brc,58:42.7,01-08-2026 13:49,07-08-2026,`SLE/26-27/00273,"ARBUDA TRACTORS, ARBUDA TRACTORS",Noida,Tharad,supreme lithium energy noida 63,,385565,1,06-08-2026,06-08-2026,Tharad_AnandNagar_D (Gujarat),07-08-2026 12:18,Delivered,Delivered,Delivered to Consignee,07-08-2026,06-08-2026 15:07,Pre-paid,5.43766E+13,Clean POD | As per POD audit,,,,12:33.2,26374,18.8,07:48.1,07:48.1,1,,D1,Forward Shipment,309748675,Gujarat
312272552,B111001390275647-5561588,5,pbsenterprises10 rp b2brc,05:30.8,27-07-2026 15:07,31-07-2026,`878,"KABRA EXTRUSION TECHNIK LTDBATTRIXX , KABRA EXTRUSION TECHNIK LTDBATTRIXX",Nashik,Pune,jai mata di-nashik,,410501,1,01-08-2026,01-08-2026,Pune_Bhamboli_L (Maharashtra),01-08-2026 21:41,Delivered,Delivered,Delivered to Consignee,31-07-2026,01-08-2026 14:38,Pre-paid,5.43766E+13,Clean POD | As per POD audit,,,,30:04.4,49000,20.12,38:13.7,38:13.7,1,,B,Forward Shipment,308371230,Maharashtra
312951017,A48281C24I12337  5556580,2,pbsenterprises10 rp b2brc,25:14.1,07-08-2026 14:11,12-08-2026,`8730,"ACE EV, ACE EV",Salem,Pune,oxygen energy enterprises ampere,,411003,1,11-08-2026,11-08-2026,Pune_GandharvNagari_L (Maharashtra),11-08-2026 20:50,Delivered,Delivered,Delivered to Consignee,12-08-2026,11-08-2026 16:45,Pre-paid,5.43766E+13,LM POD document uploaded,,,,43:50.1,49000,10.61,45:17.1,45:17.1,1,,D1,Forward Shipment,311321512,Maharashtra
311072411,LN72611700593EEO,2,pbsenterprises10 rp b2brc,56:58.5,06-07-2026 17:29,14-07-2026,`PSB-004/26-27,"KABRA EXTRUSIONTECHNIK LTD, KABRA EXTRUSIONTECHNIK LTD",Sultan Bathery,Gurgaon,pulinakuzhi solar and batteries (kab),,122004,1,21-07-2026,21-07-2026,Gurgaon_Sihi_L (Haryana),22-07-2026 18:19,Delivered,Delivered,Delivered to Consignee,14-07-2026,21-07-2026 20:20,Pre-paid,5.43766E+13,Clean POD | As per POD audit,,,,21:56.3,44998,39.66,20:52.3,20:52.3,1,,D2,Forward Shipment,303080827,Haryana
312618123,112,3,pbsenterprises10 rp b2brc,43:12.6,31-07-2026 15:53,03-08-2026,`INV-000112,"Jinsi Road, Jinsi Road",Bilaspur-HR,Gwalior,true power energy,,474009,3,03-08-2026,08-08-2026,Gwalior_Nayagaon_P (Madhya Pradesh),08-08-2026 16:48,Delivered,Delivered,Delivered to Consignee,03-08-2026,08-08-2026 16:48,Pre-paid,5.43766E+13,Contactless Delivery -  Geofence verified,,,,20:26.0,29500,14.63,31:02.9,48:12.9,3,,B,Forward Shipment,309482015,Madhya Pradesh
311005578,302248311,2,pbsenterprises10 rp b2brc,43:37.8,02-07-2026 16:43,06-07-2026,`12345,"KAKKAR SMART ENERGY VENTURES LLP, KAKKAR SMART ENERGY VENTURES LLP",Malyabag,Sonipat,safeli dhanji singh b2b,,131028,1,09-07-2026,09-07-2026,Sonipat_Sector42_P (Haryana),10-07-2026 18:05,Delivered,Delivered,Delivered to Consignee,06-07-2026,09-07-2026 13:51,Pre-paid,5.43766E+13,Clean POD | As per POD audit,,,,34:06.2,45000,20.22,51:45.3,51:45.3,1,,D1,Forward Shipment,302248311,Haryana
311113426,B112003240_122056,8,pbsenterprises10 rp b2brc,41:35.3,04-07-2026 16:50,10-07-2026,`DC/UEPL/GRK/356,"KABRA EXTRUSION TECHNIK LTDBATTRIXX , KABRA EXTRUSION TECHNIK LTDBATTRIXX",Gorakhpur,Pune,upgrid wh0049 gorakhpur,,410501,1,11-07-2026,11-07-2026,Pune_Bhamboli_L (Maharashtra),13-07-2026 12:11,Delivered,Delivered,Delivered to Consignee,10-07-2026,11-07-2026 17:58,Pre-paid,5.43766E+13,Clean POD | As per POD audit,,,,41:58.4,140007,48.86,58:59.6,58:59.6,1,,D2,Forward Shipment,302757607,Maharashtra
311687285,DCGN-7712/26-27,2,pbsenterprises10 rp b2brc,08:10.6,17-07-2026 07:14,22-07-2026,`DCGN-7712/26-27,"mantra enterprises, .",Noida,Godda,fujiyama power system (panel),,814133,1,22-07-2026,22-07-2026,Godda_Maruabaran_D (Jharkhand),22-07-2026 18:44,Delivered,Delivered,Delivered to Consignee,22-07-2026,22-07-2026 18:44,Pre-paid,5.43766E+13,Contactless Delivery -  Geofence not verified,,,,18:34.3,8590,59.8,44:33.4,44:33.4,1,,D1,Forward Shipment,FMINC_ff81d1ee-8180-11f1-8622-930937f88e07,Jharkhand
312417449,E2W4830A22260172-5561599,3,pbsenterprises10 rp b2brc,09:07.2,29-07-2026 17:27,03-08-2026,`892,"CYGNI ENERGY PRIVATE LIMITED, CYGNI ENERGY PRIVATE LIMITED",Kottayam,Hyderabad,g way ampere-kottayam,,501359,1,03-08-2026,03-08-2026,Hyderabad_Shamshbd_H (Telangana),04-08-2026 11:37,Delivered,Delivered,Delivered to Consignee,03-08-2026,03-08-2026 16:18,Pre-paid,5.43766E+13,Clean POD | As per POD audit,,,,45:27.4,49000,15.32,18:23.4,18:23.4,1,,D1,Forward Shipment,308700631,Telangana
311265693,DCGN-7026/26-27,2,pbsenterprises10 rp b2brc,58:35.9,08-07-2026 20:44,15-07-2026,`DCGN-7026/26-27,"PRAMOD KUMAR 5565D, .",Noida,Dalkhola,fujiyama power system (panel),,733215,1,15-07-2026,15-07-2026,Dalkhola_BakhaliRD_D (West Bengal),15-07-2026 15:19,Delivered,Delivered,Delivered to Consignee,15-07-2026,15-07-2026 15:19,Pre-paid,5.43766E+13,Contactless Delivery -  Geofence verified,,,,46:23.9,39184,49.44,19:54.7,19:54.7,1,,D1,Forward Shipment,303676804,West Bengal
312923388,B111001390251626-5562694,2,pbsenterprises10 rp b2brc,57:44.7,07-08-2026 18:50,14-08-2026,`891,"KABRA EXTRUSION TECHNIK LTDBATTRIXX , KABRA EXTRUSION TECHNIK LTDBATTRIXX",Rourkela,Pune,vibrant motors,,410501,0,,,Pune_Bhamboli_L (Maharashtra),12-08-2026 07:49,Pending,Undelivered,Consignment Reached at Destination,14-08-2026,,Pre-paid,5.43766E+13,,,,,49:52.3,49000,20.04,,,,,D2,Forward Shipment,311125718,Maharashtra
311675966,RACHNA JI,2,pbsenterprises10 rp b2brc,04:45.3,15-07-2026 18:15,22-07-2026,`D-976/26-27,"RISHIKESH PAL, FUJIYAMA POWER SYSTEMS LIMITED-NOIDA 51,52",Sultanganj,Noida,rachna ji ravi kumar bhushan 5525,,201308,3,21-07-2026,11-08-2026,Noida_Surajpur_L (Uttar Pradesh),12-08-2026 11:20,Delivered,Delivered,Delivered to Consignee,22-07-2026,12-08-2026 11:20,Pre-paid,5.43766E+13,Geofence NA,,,,29:20.1,57486,10.72,07:06.6,20:42.6,3,,D1,Forward Shipment,305444963,Uttar Pradesh
312744940,E2W4830A22250048-5558816,2,pbsenterprises10 rp b2brc,08:45.9,03-08-2026 16:45,06-08-2026,`530,"CYGNI ENERGY PRIVATE LIMITED, CYGNI ENERGY PRIVATE LIMITED",Bangalore,Hyderabad,bms e wheels,,501359,2,07-08-2026,08-08-2026,Hyderabad_Shamshbd_H (Telangana),09-08-2026 17:03,Delivered,Delivered,Delivered to Consignee,06-08-2026,08-08-2026 16:09,Pre-paid,5.43766E+13,Clean POD | As per POD audit,,,,33:15.6,49000,15.84,09:12.0,09:12.0,1,,D1,Forward Shipment,310184754,Telangana
311933680,RACHNA JI,2,pbsenterprises10 rp b2brc,37:21.7,20-07-2026 19:27,25-07-2026,`SM/NR/26/0473598,"FUJIYAMA POWER SYSTEMS LIMITED, FUJIYAMA POWER SYSTEMS LIMITED",Barmer,Noida,rachna ji sabir khan 5505b,,201301,3,29-07-2026,01-08-2026,Noida_Surajpur_L (Uttar Pradesh),03-08-2026 15:34,Delivered,Delivered,Delivered to Consignee,25-07-2026,03-08-2026 10:03,Pre-paid,5.43766E+13,Clean POD | As per POD audit,,,,21:28.3,35836,27.92,56:15.8,03:29.5,2,,D1,Forward Shipment,306637345,Uttar Pradesh
312782975,Bounce,2,pbsenterprises10 rp b2brc,30:16.2,04-08-2026 15:40,08-08-2026,`14,"Exicom Energy Systems Private Limited , .",Mau,Gurgaon,bounce unique automobile,,122015,1,11-08-2026,11-08-2026,Gurgaon_Sector17_L (Haryana),11-08-2026 20:16,Delivered,Delivered,Delivered to Consignee,08-08-2026,11-08-2026 16:34,Pre-paid,5.43766E+13,LM POD document uploaded,,,,28:44.3,29998,14.86,34:13.0,34:13.0,1,,D1,Forward Shipment,FMINC_c63e7d86-8fec-11f1-ab14-d75f914711ec,Haryana
312639798,DCGN-9479/26-27,2,pbsenterprises10 rp b2brc,28:10.2,01-08-2026 18:05,05-08-2026,`DCGN-9479/26-27,", KUMOUN BATTERIES",Noida,Rudrapur,fujiyama power system (panel),,263153,1,07-08-2026,07-08-2026,Rudrapur_Amarpur_H (Uttarakhand),08-08-2026 20:49,Delivered,Delivered,Delivered to Consignee,05-08-2026,07-08-2026 17:47,Pre-paid,5.43766E+13,Clean POD | As per POD audit,,,,45:20.3,113023,115,48:07.0,48:07.0,1,,B,Forward Shipment,309711732,Uttarakhand
312476872,B11100139026396-55555108,2,pbsenterprises10 rp b2brc,52:21.0,29-07-2026 17:29,03-08-2026,`219,"KABRA EXTRUSION TECHNIK LTDBATTRIXX , KABRA EXTRUSION TECHNIK LTDBATTRIXX",Amritsar,Pune,mk motors,,410501,1,06-08-2026,06-08-2026,Pune_Bhamboli_L (Maharashtra),08-08-2026 22:20,Delivered,Delivered,Delivered to Consignee,03-08-2026,07-08-2026 19:42,Pre-paid,5.43766E+13,Clean POD | As per POD audit,,,,43:41.1,49000,20.98,42:49.0,42:49.0,1,,D2,Forward Shipment,308946968,Maharashtra
312666554,B1_51105_B_121884,2,pbsenterprises10 rp b2brc,56:18.7,01-08-2026 18:31,08-08-2026,`DC/UEPL/BAH236,", KABRA EXTRUSIONTECHNIK LIMITED",Bahraich,Pune,upgrid wh0081,,410501,1,07-08-2026,07-08-2026,Pune_Bhamboli_L (Maharashtra),08-08-2026 13:24,Delivered,Delivered,Delivered to Consignee,08-08-2026,07-08-2026 18:12,Pre-paid,5.43766E+13,Clean POD | As per POD audit,,,,39:01.1,20001,50.6,12:42.5,12:42.5,1,,D2,Forward Shipment,309756960,Maharashtra
312852828,itp,7,pbsenterprises10 rp b2brc,55:05.7,05-08-2026 16:22,10-08-2026,`INV000114,"Rozee Auto Agency, Rozee Auto Agency",Gurgaon,Rewa,itp energy systems private limited gurgaon,,486001,1,10-08-2026,10-08-2026,Rewa_Godahar_D (Madhya Pradesh),11-08-2026 15:44,Delivered,Delivered,Delivered to Consignee,10-08-2026,10-08-2026 15:28,Pre-paid,5.43766E+13,Clean POD | As per POD audit,,,,22:28.8,224200,51.2,28:53.1,28:53.1,1,,D1,Forward Shipment,310802276,Madhya Pradesh
310962573,LN42606800625EE0,3,pbsenterprises10 rp b2brc,48:03.4,02-07-2026 19:05,08-07-2026,`03,"KABRA EXTRUSIONTECHNIK LTD, KABRA EXTRUSIONTECHNIK LTD",Bangalore,Gurgaon,rinsha power (kab),,122004,1,09-07-2026,09-07-2026,Gurgaon_Sihi_L (Haryana),11-07-2026 20:46,Delivered,Delivered,Delivered to Consignee,08-07-2026,09-07-2026 15:35,Pre-paid,5.43766E+13,Clean POD | As per POD audit,,,,33:56.1,32000,22.86,35:23.6,35:23.6,1,,C2,Forward Shipment,302056358,Haryana
312364312,DCGN-8994/26-27,2,pbsenterprises10 rp b2brc,54:45.4,28-07-2026 19:28,01-08-2026,`DCGN-8994/26-27,"VISHAL SOLAR SOLUTION, .",Noida,Gorakhpur,fujiyama power system (panel),,273014,1,01-08-2026,01-08-2026,Gorakhpur_Bhauwapar_H (Uttar Pradesh),01-08-2026 17:21,Delivered,Delivered,Delivered to Consignee,01-08-2026,01-08-2026 17:21,Pre-paid,5.43766E+13,Contactless Delivery -  Geofence verified,,,,15:51.4,52474,96,21:59.7,21:59.7,1,,D1,Forward Shipment,308620847,Uttar Pradesh
312078479,B111001390243450-5561110,3,pbsenterprises10 rp b2brc,06:46.0,23-07-2026 11:39,29-07-2026,`848,"KABRA EXTRUSION TECHNIK LTDBATTRIXX , KABRA EXTRUSION TECHNIK LTDBATTRIXX",Muzaffarnagar,Pune,devansh electric automobiles,,410501,1,31-07-2026,31-07-2026,Pune_Bhamboli_L (Maharashtra),01-08-2026 21:39,Delivered,Delivered,Delivered to Consignee,29-07-2026,31-07-2026 16:33,Pre-paid,5.43766E+13,Clean POD | As per POD audit,,,,51:38.8,49000,20.28,33:48.0,33:48.0,1,,D2,Forward Shipment,307219647,Maharashtra
312840852,Supreme,3,pbsenterprises10 rp b2brc,29:16.8,05-08-2026 19:42,11-08-2026,`DC/26-27/0029,"Rupesh Maheshwari Raipur, .",Noida,Raipur,supreme lithium energy noida 63,,492001,0,,,Raipur_Mandhar_H (Chhattisgarh),12-08-2026 13:00,Pending,Undelivered,Consignment Reached at Destination,11-08-2026,,Pre-paid,5.43766E+13,,,,,37:46.0,14396,10.08,,,,,D1,Forward Shipment,310763730,Chhattisgarh
311241870,REDON,2,pbsenterprises10 rp b2brc,25:12.1,08-07-2026 17:36,13-07-2026,`Z-26-27-0018,"REDON LITHIUM BATTERIES LLP, .",Malda,Noida,zenith ev,,201308,1,13-07-2026,13-07-2026,Noida_Surajpur_L (Uttar Pradesh),14-07-2026 14:16,Delivered,Delivered,Delivered to Consignee,13-07-2026,13-07-2026 18:52,Pre-paid,5.43766E+13,Clean POD | As per POD audit,,,,40:41.7,30000,14.97,53:00.9,53:00.9,1,,D2,Forward Shipment,303693927,Uttar Pradesh
311863336,SAFELI,2,pbsenterprises10 rp b2brc,26:17.1,20-07-2026 20:49,25-07-2026,`56,"KAKKAR SMART ENERGY VENTURES LLP, KAKKAR SMART ENERGY VENTURES LLP",Daudnagar,Sonipat,safeli gulshan automobiles,,131028,1,24-07-2026,24-07-2026,Sonipat_Sector42_P (Haryana),25-07-2026 14:51,Delivered,Delivered,Delivered to Consignee,25-07-2026,24-07-2026 11:58,Pre-paid,5.43766E+13,Clean POD | As per POD audit,,,,26:31.5,15000,20,58:28.3,58:28.3,1,,D1,Forward Shipment,306635073,Haryana
311118895,DCGN-6771/26-27,2,pbsenterprises10 rp b2brc,46:31.9,04-07-2026 20:19,09-07-2026,`DCGN-6771/26-27,"MASCOT GROUP SOLAR SOLUTIONS, MASCOT GROUP SOLAR SOLUTIONS",Noida,Udaipur,fujiyama power system (panel),,313001,1,09-07-2026,09-07-2026,Udaipur_Balicha_H (Rajasthan),11-07-2026 10:44,Delivered,Delivered,Delivered to Consignee,09-07-2026,09-07-2026 12:15,Pre-paid,5.43766E+13,Clean POD | As per POD audit,,,,14:58.2,20302,27.59,15:37.9,15:37.9,1,,D1,Forward Shipment,302580087,Rajasthan
313194590,B60382F22H02230,2,pbsenterprises10 rp b2brc,20:13.1,,,`501,"Karo Sambhav Private Limited, Karo Sambhav Private Limited",Salem,Delhi,oxygen energy enterprises ampere,,110094,0,,,Salem_Ramalingapuram_H (Tamil Nadu),12-08-2026 12:20,Manifested,Undelivered,Consignment Manifested,,,Pre-paid,5.43766E+13,,,,,,49000,20,,,,,D2,Forward Shipment,,Delhi
312524830,E2W4830A20260194-5562245,2,pbsenterprises10 rp b2brc,04:57.2,30-07-2026 16:22,03-08-2026,`878,"CYGNI ENERGY PRIVATE LIMITED, CYGNI ENERGY PRIVATE LIMITED",Cochin,Hyderabad,sml motors,,501359,1,03-08-2026,03-08-2026,Hyderabad_Shamshbd_H (Telangana),04-08-2026 11:37,Delivered,Delivered,Delivered to Consignee,03-08-2026,03-08-2026 16:36,Pre-paid,5.43766E+13,Clean POD | As per POD audit,,,,12:34.1,49000,13.32,36:45.2,36:45.2,1,,D1,Forward Shipment,309175369,Telangana
312336398,EA5160W182304986-5561128,2,pbsenterprises10 rp b2brc,14:27.7,27-07-2026 20:00,03-08-2026,`959,"CYGNI ENERGY PRIVATE LIMITED, CYGNI ENERGY PRIVATE LIMITED",Durg,Hyderabad,ashutosh electricals,,501359,3,04-08-2026,08-08-2026,Hyderabad_Shamshbd_H (Telangana),09-08-2026 15:50,Delivered,Delivered,Delivered to Consignee,03-08-2026,08-08-2026 16:06,Pre-paid,5.43766E+13,Clean POD | As per POD audit,,,,14:46.1,49000,40.32,29:17.5,06:32.8,2,,D1,Forward Shipment,308370225,Telangana
310920889,B111001390202718-5555440,2,pbsenterprises10 rp b2brc,06:16.7,01-07-2026 17:20,06-07-2026,`778,"KABRA EXTRUSION TECHNIK LTDBATTRIXX , KABRA EXTRUSION TECHNIK LTDBATTRIXX",Durgapur,Pune,p. s. jivraj distribution llp,,410501,1,06-07-2026,06-07-2026,Pune_Bhamboli_L (Maharashtra),07-07-2026 14:05,Delivered,Delivered,Delivered to Consignee,06-07-2026,06-07-2026 17:06,Pre-paid,5.43766E+13,Clean POD | As per POD audit,,,,59:20.6,49000,20.24,06:10.8,06:10.8,1,,D2,Forward Shipment,301821527,Maharashtra
312002592,B60381E23G31003  5482346,2,pbsenterprises10 rp b2brc,48:27.5,24-07-2026 19:30,31-07-2026,`Kamal2018,"DEVANSH ELECTRIC, DEVANSH ELECTRIC",Abhanpur,Muzaffarnagar,kamal laxmi industrie ampere b2b,,251001,1,31-07-2026,31-07-2026,Muzaffarnagar_Transportnagar_D (Uttar Pradesh),01-08-2026 08:50,Delivered,Delivered,Delivered to Consignee,31-07-2026,31-07-2026 15:30,Pre-paid,5.43766E+13,Clean POD | As per POD audit,,,,17:06.4,48998,14.1,30:11.2,30:11.2,1,,D1,Forward Shipment,307684135,Uttar Pradesh
313028701,B111001390247407-5562398,2,pbsenterprises10 rp b2brc,50:43.6,10-08-2026 21:28,18-08-2026,`838,"KABRA EXTRUSION TECHNIK LTDBATTRIXX , KABRA EXTRUSION TECHNIK LTDBATTRIXX",Ulundurpet,Pune,sri harsitha e bikes,,410501,0,,,Bangalore_Hoskote_GW (Karnataka),12-08-2026 11:55,In Transit,Undelivered,Consignment Dispatched from Origin City,18-08-2026,,Pre-paid,5.43766E+13,,,,,,48998,20.01,,,,,D1,Forward Shipment,311659612,Maharashtra
312730547,DCGN-9601/26-27,2,pbsenterprises10 rp b2brc,28:14.5,03-08-2026 19:17,07-08-2026,`DCGN-9601/26-27,"R.S. TRADERS, .",Noida,Firozabad,fujiyama power system (panel),,283203,1,07-08-2026,07-08-2026,Firozabad_Kakrau_D (Uttar Pradesh),11-08-2026 15:25,Delivered,Delivered,Delivered to Consignee,07-08-2026,07-08-2026 17:57,Pre-paid,5.43766E+13,LM POD document uploaded,,,,45:33.6,113023,115,58:06.8,58:06.8,1,,B,Forward Shipment,310160744,Uttar Pradesh
311546594,SAFELI,2,pbsenterprises10 rp b2brc,58:36.5,13-07-2026 17:59,15-07-2026,`AS-213,"Najon Digital, Najon Digital",Guwahati,Mangaldoi,safeli assam kakkar smart energy ventures llp,,784521,1,15-07-2026,15-07-2026,Udalguri_Milonpur_D (Assam),16-07-2026 12:48,Delivered,Delivered,Delivered to Consignee,15-07-2026,15-07-2026 11:30,Pre-paid,5.43766E+13,Clean POD | As per POD audit,,,,21:38.0,6000,3.38,30:36.9,30:36.9,1,,E,Forward Shipment,304876672,Assam
312200109,SAFELI,3,pbsenterprises10 rp b2brc,05:57.8,24-07-2026 14:37,27-07-2026,`45,"Kakkar smart energy ventures LLP, Kakkar smart energy ventures LLP",Baharampur,Dankuni,safeli rahul automobile b2b,,712310,1,27-07-2026,27-07-2026,Kolkata_Dankuni_GW (West Bengal),28-07-2026 14:47,Delivered,Delivered,Delivered to Consignee,27-07-2026,27-07-2026 13:44,Pre-paid,5.43766E+13,Clean POD | As per POD audit,,,,58:24.3,30000,48.8,44:08.0,44:08.0,1,,B,Forward Shipment,307717060,West Bengal
312198402,Bounce,2,pbsenterprises10 rp b2brc,47:03.2,27-07-2026 18:14,03-08-2026,`DC-26,"Electric Private Limited, Electric Private Limited",Kharagpur,Pune,bounce abha enterprises,,410501,1,01-08-2026,01-08-2026,Pune_Bhamboli_L (Maharashtra),02-08-2026 16:55,Delivered,Delivered,Delivered to Consignee,03-08-2026,01-08-2026 19:40,Pre-paid,5.43766E+13,Clean POD | As per POD audit,,,,18:00.0,45000,15.69,40:32.5,40:32.5,1,,D2,Forward Shipment,308347677,Maharashtra
312975769,REDON,4,pbsenterprises10 rp b2brc,23:41.7,07-08-2026 18:52,12-08-2026,`447,"REDON LITHIUM BATTERIES LLP, .",Patti,Noida,baba e vehicle,,201308,0,,,Noida_DeriSkaner_H (Uttar Pradesh),12-08-2026 07:40,In Transit,Undelivered,Consignment Dispatched from Origin City,12-08-2026,,Pre-paid,5.43766E+13,,,,,,35000,15.48,,,,,B,Forward Shipment,311313938,Uttar Pradesh
312397689,Supreme,7,pbsenterprises10 rp b2brc,31:11.8,28-07-2026 19:49,04-08-2026,`SLE/26-27/00269,"M D Hasim, M D Hasim",Noida,Ghatakpukur,supreme e-94,,743502,1,04-08-2026,04-08-2026,Ghatakpukur_Nalmuri_DPP (West Bengal),04-08-2026 13:02,Delivered,Delivered,Delivered to Consignee,03-08-2026,04-08-2026 13:02,Pre-paid,5.43766E+13,Contactless Delivery -  Geofence NA,,,,29:51.7,96474,12.26,02:53.7,02:53.7,1,,D2,Forward Shipment,308646095,West Bengal
311610356,B111001390183815-5558897,2,pbsenterprises10 rp b2brc,07:29.6,14-07-2026 17:39,18-07-2026,`878,"JALARAM LITHIUM BATTERY-AMPERE, JALARAM LITHIUM BATTERY-AMPERE",Nashik,Ahmedabad,jai mata di-nashik,,382213,1,18-07-2026,18-07-2026,Ahmedabad_Sanathal_L (Gujarat),23-07-2026 16:01,Delivered,Delivered,Delivered to Consignee,18-07-2026,18-07-2026 13:13,Pre-paid,5.43766E+13,Clean POD | As per POD audit,,,,15:34.3,48999,17.13,14:08.1,14:08.1,1,,B,Forward Shipment,305157994,Gujarat
313012237,REDON,2,pbsenterprises10 rp b2brc,29:59.0,,,`803,"REDON LITHIUM BATTERIES LLP, .",Berasia,Noida,indian electric vehicle,,201308,0,,,Berasia_NarsinghgarhRd_DPP (Madhya Pradesh),08-08-2026 23:55,Manifested,Undelivered,Consignment Manifested,,,Pre-paid,5.43766E+13,Not Dispatched |,,,,,21000,20,,,,,D1,Forward Shipment,,Uttar Pradesh
312197426,Drive volts,2,pbsenterprises10 rp b2brc,35:51.0,30-07-2026 15:22,05-08-2026,`125,"0, Drive Volts Private Limited",Greater Thane,Dehradun,jitender pamandas soneji,,248011,1,08-08-2026,08-08-2026,Dehradun_Temp_L (Uttarakhand),08-08-2026 15:32,Delivered,Delivered,Delivered to Consignee,05-08-2026,08-08-2026 15:32,Pre-paid,5.43766E+13,Contactless Delivery -  Geofence verified,,,,13:20.9,49500,9.04,32:37.5,32:37.5,1,,D2,Forward Shipment,309213764,Uttarakhand
312271835,Drive volts,2,pbsenterprises10 rp b2brc,58:21.4,28-07-2026 14:48,01-08-2026,`115,"0, Drive Volts Private Limited",Jaipur,Dehradun,rem tex export,,248011,1,01-08-2026,01-08-2026,Dehradun_Temp_L (Uttarakhand),01-08-2026 12:32,Delivered,Delivered,Delivered to Consignee,01-08-2026,01-08-2026 12:32,Pre-paid,5.43766E+13,Contactless Delivery -  Geofence verified,,,,36:31.9,49500,23.76,32:22.2,32:22.2,1,,D1,Forward Shipment,308440425,Uttarakhand
311208142,B111002350122394-5557709,2,pbsenterprises10 rp b2brc,28:11.2,07-07-2026 18:05,13-07-2026,`1,"KABRA EXTRUSION TECHNIK LTDBATTRIXX , KABRA EXTRUSION TECHNIK LTDBATTRIXX",Amb,Pune,so'hamampere,,410501,1,13-07-2026,13-07-2026,Pune_Bhamboli_L (Maharashtra),14-07-2026 15:42,Delivered,Delivered,Delivered to Consignee,13-07-2026,13-07-2026 16:34,Pre-paid,5.43766E+13,Clean POD | As per POD audit,,,,43:19.6,30000,17.7,34:49.2,34:49.2,1,,E,Forward Shipment,303235003,Maharashtra
311876672,DCGN-8009/26-27,2,pbsenterprises10 rp b2brc,57:09.1,20-07-2026 18:32,27-07-2026,`DCGN-8009/26-27,"KRISHNA SOLAR SYSTEM , .",Noida,Bajkul,fujiyama power system (panel),,721659,1,25-07-2026,25-07-2026,Bajkul_Kismat_D (West Bengal),25-07-2026 11:28,Delivered,Delivered,Delivered to Consignee,27-07-2026,25-07-2026 11:28,Pre-paid,5.43766E+13,Contactless Delivery -  Geofence verified,,,,28:44.2,32033,45.71,28:43.9,28:43.9,1,,D2,Forward Shipment,306596899,West Bengal
312790649,B112004420_131852,6,pbsenterprises10 rp b2brc,54:54.7,04-08-2026 15:33,07-08-2026,`DC/UEPL/MH/378,"KABRA EXTRUSION TECHNIK LTDBATTRIXX , KABRA EXTRUSION TECHNIK LTDBATTRIXX",Mumbai,Pune,upgrid wh0076,,410501,1,08-08-2026,08-08-2026,Pune_Bhamboli_L (Maharashtra),11-08-2026 18:26,Delivered,Delivered,Delivered to Consignee,07-08-2026,10-08-2026 18:58,Pre-paid,5.43766E+13,Clean POD | As per POD audit,,,,25:45.8,100005,21.12,58:12.1,58:12.1,1,,B,Forward Shipment,310497857,Maharashtra
311105629,REDON,6,pbsenterprises10 rp b2brc,10:39.3,07-07-2026 18:39,11-07-2026,`386,"REDON LITHIUM BATTERIES LLP, .",Lucknow,Noida,panchsheel apartment,,201308,1,13-07-2026,13-07-2026,Noida_Surajpur_L (Uttar Pradesh),14-07-2026 14:48,Delivered,Delivered,Delivered to Consignee,11-07-2026,13-07-2026 19:16,Pre-paid,5.43766E+13,Clean POD | As per POD audit,,,,19:33.8,45000,15.58,16:24.0,16:24.0,1,,D1,Forward Shipment,303412797,Uttar Pradesh
312062744,SAFELI,2,pbsenterprises10 rp b2brc,10:48.4,22-07-2026 18:30,27-07-2026,`34,"KAKKAR SMART ENERGY VENTURES LLP, KAKKAR SMART ENERGY VENTURES LLP",Chandausi,Sonipat,safeli new raj motors,,131028,1,25-07-2026,25-07-2026,Sonipat_Sector42_P (Haryana),27-07-2026 13:50,Delivered,Delivered,Delivered to Consignee,27-07-2026,25-07-2026 17:05,Pre-paid,5.43766E+13,Clean POD | As per POD audit,,,,48:14.9,15000,48.61,05:56.6,05:56.6,1,,B,Forward Shipment,307172188,Haryana
311257962,FUJIYAMA-6999,2,pbsenterprises10 rp b2brc,34:12.1,08-07-2026 20:54,15-07-2026,`DCGN-6999/26-27,"RSV POWER ENGINEERING, .",Noida,Kadodara,fujiyama power system (panel),,395010,1,14-07-2026,14-07-2026,Surat_Kadodara1_L (Gujarat),17-07-2026 10:02,Delivered,Delivered,Delivered to Consignee,15-07-2026,14-07-2026 17:49,Pre-paid,5.43766E+13,Clean POD | As per POD audit,,,,45:28.4,41902,45.1,58:58.4,49:34.4,2,,D1,Forward Shipment,303676804,Gujarat
312777087,DCGN-9713/26-27,2,pbsenterprises10 rp b2brc,24:11.5,04-08-2026 21:34,08-08-2026,`DCGN-9713/26-27,"M/S TEJAS ENTERPRISES, .",Noida,Shahabad,fujiyama power system (panel),,241124,1,10-08-2026,10-08-2026,Shahabad_ShahjahanpurRd_D (Uttar Pradesh),11-08-2026 14:40,Delivered,Delivered,Delivered to Consignee,07-08-2026,10-08-2026 18:33,Pre-paid,5.43766E+13,Clean POD | As per POD audit,,,,02:37.9,37619,51,33:16.4,33:16.4,1,,B,Forward Shipment,310451745,Uttar Pradesh
310815505,A48281D24F12048-5555942,2,pbsenterprises10 rp b2brc,04:04.9,01-07-2026 17:17,04-07-2026,`887,"KAMAL LAXMI INDUSTRIES-AMPERE, KAMAL LAXMI INDUSTRIES-AMPERE",Rourkela,Raipur,vibrant motors,,492015,1,04-07-2026,04-07-2026,Raipur_Devpuri_L (Chhattisgarh),06-07-2026 10:41,Delivered,Delivered,Delivered to Consignee,04-07-2026,04-07-2026 20:12,Pre-paid,5.43766E+13,Clean POD | As per POD audit,,,,30:10.0,49000,10.18,12:44.3,12:44.3,1,,B,Forward Shipment,301980106,Chhattisgarh
313020874,RACHNA JI,3,pbsenterprises10 rp b2brc,18:01.7,,,`00015,"FUJIYAMA POWER SYSTEMS LIMITED, FUJIYAMA POWER SYSTEMS LIMITED",Rajgarh-MP,Noida,rachna ji kamal ahemad 5505f,,201301,0,,,Rajgarh_Jirapur1_D (Madhya Pradesh),08-08-2026 16:31,Manifested,Undelivered,Consignment Manifested,,,Pre-paid,5.43766E+13,,,,,,49000,10,,,,,D1,Forward Shipment,,Uttar Pradesh
311071598,GEO300001HIP250900371,2,pbsenterprises10 rp b2brc,48:18.7,04-07-2026 19:06,08-07-2026,`22,"KABRA EXTRUSIONTECHNIK LTD, KABRA EXTRUSIONTECHNIK LTD",Puranpur,Gurgaon,mo arif (kab),,122004,1,13-07-2026,13-07-2026,Gurgaon_Sihi_L (Haryana),15-07-2026 15:20,Delivered,Delivered,Delivered to Consignee,08-07-2026,13-07-2026 16:42,Pre-paid,5.43766E+13,Clean POD | As per POD audit,,,,34:00.1,49000,24.27,42:38.3,42:38.3,1,,B,Forward Shipment,302543314,Haryana
310944763,B111001390_194737 5552365,2,pbsenterprises10 rp b2brc,32:16.3,01-07-2026 13:47,03-07-2026,`1050,"CRAZY AUTOMOBILES, CRAZY AUTOMOBILES",Salem,Tirupati,oxygen energy enterprises ampere,,517501,1,04-07-2026,04-07-2026,Tirupati_RAgraharam_H (Andhra Pradesh),05-07-2026 14:41,Delivered,Delivered,Delivered to Consignee,03-07-2026,04-07-2026 13:55,Pre-paid,5.43766E+13,Clean POD | As per POD audit,,,,58:53.4,49000,16.93,55:33.4,55:33.4,1,,B,Forward Shipment,301995996,Andhra Pradesh
310920831,Ax29082500485,2,pbsenterprises10 rp b2brc,05:28.5,01-07-2026 14:26,04-07-2026,`11,"KABRA EXTRUSIONTECHNIK LTD, KABRA EXTRUSIONTECHNIK LTD",Bhind,Gurgaon,exnon (kab)477001,,122004,2,03-07-2026,04-07-2026,Gurgaon_Hasanpur2_D (Haryana),25-07-2026 14:30,Delivered,Delivered,Delivered to Consignee,03-07-2026,04-07-2026 18:05,Pre-paid,5.43766E+13,Clean POD | As per POD audit,,,,09:48.3,49000,3.14,20:57.8,05:46.6,2,,B,Forward Shipment,301804633,Haryana
312781164,3713,6,pbsenterprises10 rp b2brc,09:52.7,04-08-2026 17:29,07-08-2026,`3713,"REDON LITHIUM BATTERIES LLP, .",Agra,Noida,tnt motors,,201308,1,07-08-2026,07-08-2026,Noida_Surajpur_L (Uttar Pradesh),09-08-2026 16:40,Delivered,Delivered,Delivered to Consignee,07-08-2026,07-08-2026 18:42,Pre-paid,5.43766E+13,Clean POD | As per POD audit,,,,59:04.5,49000,10.58,42:18.7,42:18.7,1,,B,Forward Shipment,310471259,Uttar Pradesh
312409862,B111001390245959-5561981,4,pbsenterprises10 rp b2brc,47:28.1,29-07-2026 17:47,04-08-2026,`894,"KABRA EXTRUSION TECHNIK LTDBATTRIXX , KABRA EXTRUSION TECHNIK LTDBATTRIXX",Tirupur,Pune,sri bikes,,410501,1,05-08-2026,05-08-2026,Pune_Bhamboli_L (Maharashtra),06-08-2026 14:42,Delivered,Delivered,Delivered to Consignee,04-08-2026,05-08-2026 17:03,Pre-paid,5.43766E+13,Clean POD | As per POD audit,,,,02:30.7,49000,20.34,03:36.6,03:36.6,1,,D1,Forward Shipment,308680538,Maharashtra
312327441,B111002350121431-5561781,2,pbsenterprises10 rp b2brc,59:43.1,27-07-2026 16:49,31-07-2026,`879,"JALARAM LITHIUM BATTERY-AMPERE, JALARAM LITHIUM BATTERY-AMPERE",Pune,Ahmedabad,shree sai auto (new),,382213,1,01-08-2026,01-08-2026,Ahmedabad_Sanathal_L (Gujarat),03-08-2026 10:04,Delivered,Delivered,Delivered to Consignee,31-07-2026,01-08-2026 16:11,Pre-paid,5.43766E+13,Clean POD | As per POD audit,,,,05:06.9,49000,15.2,11:37.3,11:37.3,1,,C1,Forward Shipment,308360602,Gujarat
312430539,RACHNA JI,2,pbsenterprises10 rp b2brc,07:10.8,30-07-2026 17:56,04-08-2026,`SM/NR/26/0488236,"FUJIYAMA POWER SYSTEMS LIMITED, FUJIYAMA POWER SYSTEMS LIMITED",Ballia,Noida,rachna ji jitender kumar singh 1201,,201301,1,04-08-2026,04-08-2026,Noida_Surajpur_L (Uttar Pradesh),07-08-2026 18:03,Delivered,Delivered,Delivered to Consignee,04-08-2026,06-08-2026 08:43,Pre-paid,5.43766E+13,Clean POD | As per POD audit,,,,37:24.6,13593,17.15,43:48.9,43:48.9,1,,D1,Forward Shipment,309031752,Uttar Pradesh
311860029,B111001390251038-5559735,2,pbsenterprises10 rp b2brc,52:03.6,18-07-2026 19:29,25-07-2026,`841,"KABRA EXTRUSION TECHNIK LTDBATTRIXX , KABRA EXTRUSION TECHNIK LTDBATTRIXX",Armoor,Pune,om durgamotors (nizamabad),,410501,1,24-07-2026,24-07-2026,Pune_Bhamboli_L (Maharashtra),25-07-2026 14:48,Delivered,Delivered,Delivered to Consignee,25-07-2026,24-07-2026 18:55,Pre-paid,5.43766E+13,Clean POD | As per POD audit,,,,12:16.9,49000,20.22,55:22.7,55:22.7,1,,D1,Forward Shipment,306227553,Maharashtra
312747724,DCGN-9677/26-27,2,pbsenterprises10 rp b2brc,36:33.8,03-08-2026 19:16,08-08-2026,`DCGN-9677/26-27,"DILSHAD ALI KHAN, .",Noida,Lakhimpur,fujiyama power system (panel),,262701,1,08-08-2026,08-08-2026,Lakhimpur_FunMall_D (Uttar Pradesh),09-08-2026 15:19,Delivered,Delivered,Delivered to Consignee,07-08-2026,08-08-2026 19:14,Pre-paid,5.43766E+13,Clean POD | As per POD audit,,,,39:48.6,27990,28.04,14:42.4,14:42.4,1,,B,Forward Shipment,310160744,Uttar Pradesh
310808975,B111001390223299-5555123,2,pbsenterprises10 rp b2brc,57:13.2,30-06-2026 20:17,06-07-2026,`754,"KABRA EXTRUSION TECHNIK LTDBATTRIXX , KABRA EXTRUSION TECHNIK LTDBATTRIXX",Gadarwara,Pune,maa ambe automobile,,410501,1,06-07-2026,06-07-2026,Pune_Bhamboli_L (Maharashtra),07-07-2026 12:13,Delivered,Delivered,Delivered to Consignee,06-07-2026,06-07-2026 17:04,Pre-paid,5.43766E+13,Clean POD | As per POD audit,,,,58:12.6,49000,20.08,04:55.3,04:55.3,1,,D1,Forward Shipment,301550840,Maharashtra
310853184,Ev Chargers 250850935,2,pbsenterprises10 rp b2brc,30:56.5,30-06-2026 18:43,06-07-2026,`11,"KABRA EXTRUSIONTECHNIK LTD, KABRA EXTRUSIONTECHNIK LTD",Patiala,Gurgaon,srishti traders,,122004,1,04-07-2026,04-07-2026,Gurgaon_Hasanpur2_D (Haryana),06-07-2026 12:13,Delivered,Delivered,Delivered to Consignee,06-07-2026,04-07-2026 18:02,Pre-paid,5.43766E+13,Clean POD | As per POD audit,,,,25:23.1,3000,3.3,02:29.0,02:29.0,1,,B,Forward Shipment,301509976,Haryana
312672478,B111001390240241-5557221,2,pbsenterprises10 rp b2brc,18:12.6,01-08-2026 18:37,10-08-2026,`01,", KABRA EXTRUSION TECHNIK LTD BATTRIXX",Lakhimpur,Pune,gravity enterprises,,410501,1,10-08-2026,10-08-2026,Pune_Bhamboli_L (Maharashtra),11-08-2026 18:06,Delivered,Delivered,Delivered to Consignee,10-08-2026,10-08-2026 18:59,Pre-paid,5.43766E+13,Clean POD | As per POD audit,,,,30:29.8,46645,20.33,59:21.1,59:21.1,1,,D2,Forward Shipment,309773224,Maharashtra
311248626,SAFELI,2,pbsenterprises10 rp b2brc,47:19.3,07-07-2026 18:17,13-07-2026,`45,"KAKKAR SMART ENERGY VENTURES LLP, KAKKAR SMART ENERGY VENTURES LLP",Sitamarhi,Sonipat,"new fauji auto & sparas	near goal timper ,",,131028,1,15-07-2026,15-07-2026,Sonipat_Sector42_P (Haryana),17-07-2026 10:31,Delivered,Delivered,Delivered to Consignee,13-07-2026,15-07-2026 16:15,Pre-paid,5.43766E+13,Clean POD | As per POD audit,,,,11:29.2,15000,59.58,15:48.8,15:48.8,1,,D1,Forward Shipment,303422140,Haryana
298458603,547866,3,pbsenterprises10 rp b2brc,50:08.7,11-07-2026 18:50,17-07-2026,`01,Kakkar smart energy ventures LLP,Bihar Sharif,Sonipat,safeli  shubham traders,,131028,1,17-07-2026,17-07-2026,Sonipat_Sector42_P (Haryana),18-07-2026 19:46,Delivered,Delivered,Delivered to Consignee,17-07-2026,17-07-2026 17:38,Pre-paid,5.43766E+13,Clean POD | As per POD audit,,,,29:47.7,45000,3.61,38:58.6,38:58.6,1,,D1,Forward Shipment,304482404,Haryana
310944528,SAFELI,2,pbsenterprises10 rp b2brc,28:02.4,01-07-2026 16:48,04-07-2026,`5,"KAKKAR SMART ENERGY VENTURES LLP, KAKKAR SMART ENERGY VENTURES LLP",Kota,Sonipat,safeli plug pana,,131028,1,03-07-2026,03-07-2026,Sonipat_Sector42_P (Haryana),04-07-2026 18:28,Delivered,Delivered,Delivered to Consignee,04-07-2026,03-07-2026 11:59,Pre-paid,5.43766E+13,Clean POD | As per POD audit,,,,08:06.3,15000,51.94,59:42.4,59:42.4,1,,D1,Forward Shipment,301989575,Haryana
311472803,B111001390266894-5556149,2,pbsenterprises10 rp b2brc,21:14.9,14-07-2026 14:36,20-07-2026,`654,"KABRA EXTRUSION TECHNIK LTDBATTRIXX , KABRA EXTRUSION TECHNIK LTDBATTRIXX",Meerut,Pune,gurukripa ev ampere,,410501,1,21-07-2026,21-07-2026,Pune_Bhamboli_L (Maharashtra),22-07-2026 18:17,Delivered,Delivered,Delivered to Consignee,20-07-2026,21-07-2026 17:44,Pre-paid,5.43766E+13,Clean POD | As per POD audit,,,,36:30.5,49000,20.38,44:48.2,44:48.2,1,,D2,Forward Shipment,305127850,Maharashtra
312157989,B111001390220549-5560441,2,pbsenterprises10 rp b2brc,55:14.4,25-07-2026 17:45,30-07-2026,`881,"KABRA EXTRUSION TECHNIK LTDBATTRIXX , KABRA EXTRUSION TECHNIK LTDBATTRIXX",Dharmapuri,Pune,chitra motors,,410501,1,31-07-2026,31-07-2026,Pune_Bhamboli_L (Maharashtra),01-08-2026 21:40,Delivered,Delivered,Delivered to Consignee,30-07-2026,31-07-2026 16:33,Pre-paid,5.43766E+13,Clean POD | As per POD audit,,,,45:14.6,49000,20.43,33:07.4,33:07.4,1,,D1,Forward Shipment,FMINC_7e59ee78-8822-11f1-b14c-d7b187483bf9,Maharashtra
312690535,B111001390269683-5562796,2,pbsenterprises10 rp b2brc,49:07.3,03-08-2026 15:05,10-08-2026,`849,"KABRA EXTRUSION TECHNIK LTDBATTRIXX , KABRA EXTRUSION TECHNIK LTDBATTRIXX",Muzaffarnagar,Pune,devansh electric automobiles,,410501,1,10-08-2026,10-08-2026,Pune_Bhamboli_L (Maharashtra),11-08-2026 19:13,Delivered,Delivered,Delivered to Consignee,10-08-2026,10-08-2026 18:56,Pre-paid,5.43766E+13,Clean POD | As per POD audit,,,,09:59.6,49000,20.36,56:43.5,56:43.5,1,,D2,Forward Shipment,309828272,Maharashtra
311256042,B111001390_197827  5495734,2,pbsenterprises10 rp b2brc,12:57.8,08-07-2026 20:54,13-07-2026,`1819,"SHRI SHYAM TRADERS, SHRI SHYAM TRADERS",Raipur,Basti,kamal laxami ampere brc,,272002,1,13-07-2026,13-07-2026,Basti_Bargadwa_D (Uttar Pradesh),14-07-2026 13:56,Delivered,Delivered,Delivered to Consignee,13-07-2026,13-07-2026 16:09,Pre-paid,5.43766E+13,Clean POD | As per POD audit,,,,54:55.7,49000,16.74,09:59.3,09:59.3,1,,D1,Forward Shipment,303467829,Uttar Pradesh
311322575,DCGN-7178/26-27,2,pbsenterprises10 rp b2brc,49:14.5,09-07-2026 18:33,17-07-2026,`DCGN-7178/26-27,"SRI GURUDEV BRAHAMANAND AUTOMOBILES, .",Noida,Jamkhandi,fujiyama power system (panel),,587301,1,17-07-2026,17-07-2026,Jamkhandi_Laxmingr_D (Karnataka),17-07-2026 12:27,Delivered,Delivered,Delivered to Consignee,17-07-2026,17-07-2026 12:27,Pre-paid,5.43766E+13,Contactless Delivery -  Geofence verified,,,,41:40.9,7346,55,27:22.5,27:22.5,1,,D2,Forward Shipment,303931375,Karnataka
311135141,DCGN-6850/26-27,2,pbsenterprises10 rp b2brc,34:45.4,04-07-2026 20:21,13-07-2026,`DCGN-6850/26-27,"ROZE SOLAR SOLUTIONS PRIVATE LIMITED, ROZE SOLAR SOLUTIONS PRIVATE LIMITED",Noida,Kottayam,fujiyama power system (panel),,686632,1,11-07-2026,11-07-2026,Kottayam_Ettumanoor_H (Kerala),11-07-2026 16:19,Delivered,Delivered,Delivered to Consignee,13-07-2026,11-07-2026 16:19,Pre-paid,5.43766E+13,Contactless Delivery -  Geofence not verified,,,,10:56.6,41856,49.3,20:02.1,20:02.1,1,,D2,Forward Shipment,302580087,Kerala
312418861,A48281G24G31138-5561618,2,pbsenterprises10 rp b2brc,22:36.5,29-07-2026 16:53,03-08-2026,`783,"KAMAL LAXMI INDUSTRIES-AMPERE, KAMAL LAXMI INDUSTRIES-AMPERE",Durgapur,Raipur,p. s. jivraj distribution llp,,492015,2,01-08-2026,03-08-2026,Raipur_Devpuri_L (Chhattisgarh),04-08-2026 11:36,Delivered,Delivered,Delivered to Consignee,03-08-2026,03-08-2026 15:11,Pre-paid,5.43766E+13,Clean POD | As per POD audit,,,,09:10.7,49000,11.32,57:10.3,11:56.5,2,,D1,Forward Shipment,308704415,Chhattisgarh
310943228,REDON,9,pbsenterprises10 rp b2brc,10:37.1,04-07-2026 15:07,07-07-2026,`377,"REDON LITHIUM BATTERIES LLP, .",Lucknow,Noida,namaskar ev store,,201308,1,09-07-2026,09-07-2026,Noida_Surajpur_L (Uttar Pradesh),10-07-2026 15:39,Delivered,Delivered,Delivered to Consignee,07-07-2026,09-07-2026 18:36,Pre-paid,5.43766E+13,Clean POD | As per POD audit,,,,52:27.8,48000,13.9,36:06.3,36:06.3,1,,D1,Forward Shipment,302736031,Uttar Pradesh
312926964,E2W4830A29250408-5562803,2,pbsenterprises10 rp b2brc,44:23.1,07-08-2026 12:13,10-08-2026,`1,"CYGNI ENERGY PRIVATE LIMITED, CYGNI ENERGY PRIVATE LIMITED",Vijayawada,Hyderabad,rr automotives,,501359,1,12-08-2026,12-08-2026,Hyderabad_Shamshbd_H (Telangana),12-08-2026 11:22,Dispatched,Undelivered,Out for Delivery,10-08-2026,,Pre-paid,5.43766E+13,,,,,14:59.3,25000,12.62,,,,,B,Forward Shipment,311137605,Telangana
311761717,DCGN-7861/26-27,2,pbsenterprises10 rp b2brc,51:36.2,18-07-2026 21:26,21-07-2026,`DCGN-7861/26-27,"Sumit., .",Noida,Delhi,fujiyama power system (panel),,110015,2,20-07-2026,21-07-2026,Delhi_RaghubirNagar_L (Delhi),23-07-2026 10:45,Delivered,Delivered,Delivered to Consignee,21-07-2026,21-07-2026 15:48,Pre-paid,5.43766E+13,Clean POD | As per POD audit,,,,07:27.2,7259,55.16,48:48.9,48:48.9,1,,A,Forward Shipment,FMINC_2fe7cf82-82c1-11f1-bbfc-291932d3a787,Delhi
312952891,B112004420_125864,2,pbsenterprises10 rp b2brc,44:37.6,07-08-2026 19:45,12-08-2026,`DC/UEPL/STP/477,"KABRA EXTRUSION TECHNIK-GURUGRAM , KABRA EXTRUSION TECHNIK-GURUGRAM",Sitapur,Gurgaon,upgrid sitapur wh0021,,122004,1,10-08-2026,10-08-2026,Gurgaon_Sihi_L (Haryana),11-08-2026 17:53,Delivered,Delivered,Delivered to Consignee,12-08-2026,10-08-2026 21:06,Pre-paid,5.43766E+13,LM POD document uploaded,,,,20:01.2,20001,20.14,19:01.9,19:01.9,1,,B,Forward Shipment,311323068,Haryana
311892941,DCGN-8083/26-27,2,pbsenterprises10 rp b2brc,59:20.6,20-07-2026 18:33,24-07-2026,`DCGN-8083/26-27,"NAYASA BATTERY, .",Noida,Chhata,fujiyama power system (panel),,281403,1,24-07-2026,24-07-2026,Chhata_TehsilRoad_D (Uttar Pradesh),29-07-2026 15:16,Delivered,Delivered,Delivered to Consignee,24-07-2026,24-07-2026 14:54,Pre-paid,5.43766E+13,Clean POD | As per POD audit,,,,44:13.9,30640,50,54:57.7,54:57.7,1,,B,Forward Shipment,306596899,Uttar Pradesh
313010997,Bounce,3,pbsenterprises10 rp b2brc,13:49.0,,,`D/26-27/163,"Wadiyar EV Motors Pvt Ltd, ..",Bangalore,Mysore,bounce exicom energy systems private limited bangalore,,570023,0,,,Bangalore_Bettahalsoor_L (Karnataka),08-08-2026 13:13,Manifested,Undelivered,Consignment Manifested,,,Pre-paid,5.43766E+13,,,,,,49000,10,,,,,B,Forward Shipment,,Karnataka
311574120,B111001390217691-5558137,2,pbsenterprises10 rp b2brc,58:24.8,14-07-2026 12:18,20-07-2026,`925,"KABRA EXTRUSION TECHNIK LTDBATTRIXX , KABRA EXTRUSION TECHNIK LTDBATTRIXX",Konch,Pune,ketan motors,,410501,1,21-07-2026,21-07-2026,Pune_Bhamboli_L (Maharashtra),22-07-2026 16:00,Delivered,Delivered,Delivered to Consignee,20-07-2026,21-07-2026 17:41,Pre-paid,5.43766E+13,Clean POD | As per POD audit,,,,01:31.0,49000,20.4,41:24.7,41:24.7,1,,D1,Forward Shipment,304957919,Maharashtra
312805733,12345,2,pbsenterprises10 rp b2brc,01:53.5,04-08-2026 17:02,10-08-2026,`12345,Kakkar Smart Energy Ventures LLP,Dhubri,Sonipat,safeli runu  store & automobiles,,131028,0,,,Gurgaon_Pathradi_H (Haryana),10-08-2026 17:59,In Transit,Undelivered,Consignment Dispatched from Origin City,10-08-2026,,Pre-paid,5.43766E+13,,,,,,10000,6.77,,,,,E,Forward Shipment,310497051,Haryana
312793590,SAFELI,2,pbsenterprises10 rp b2brc,28:20.1,04-08-2026 14:31,07-08-2026,`565,"KAKKAR SMART ENERGY VENTURES LLP, KAKKAR SMART ENERGY VENTURES LLP",Mainpuri,Sonipat,safeli mishra sales and service center,,131028,1,08-08-2026,08-08-2026,Sonipat_Sector42_P (Haryana),10-08-2026 14:24,Delivered,Delivered,Delivered to Consignee,07-08-2026,08-08-2026 18:05,Pre-paid,5.43766E+13,Clean POD | As per POD audit,,,,41:22.4,15000,52.8,06:03.6,06:03.6,1,,B,Forward Shipment,310496481,Haryana
311978394,DRIVVE VOLTS,2,pbsenterprises10 rp b2brc,22:06.6,21-07-2026 16:24,24-07-2026,`125,"0, Drive Volts Private Limited",Dhanbad,Dehradun,ekta enterprises,,248011,1,25-07-2026,25-07-2026,Dehradun_Temp_L (Uttarakhand),25-07-2026 14:38,Delivered,Delivered,Delivered to Consignee,24-07-2026,25-07-2026 14:38,Pre-paid,5.43766E+13,Contactless Delivery -  Geofence verified,,,,13:31.9,15000,32.32,38:09.4,38:09.4,1,,D1,Forward Shipment,306795254,Uttarakhand
312200922,SAFELI,2,pbsenterprises10 rp b2brc,15:46.2,24-07-2026 19:47,28-07-2026,`3,"KAKKAR SMART ENERGY VENTURES LLP, KAKKAR SMART ENERGY VENTURES LLP",Auraiya,Sonipat,safeli m / s ishan enterprise,,131028,1,31-07-2026,31-07-2026,Sonipat_Sector42_P (Haryana),01-08-2026 14:39,Delivered,Delivered,Delivered to Consignee,28-07-2026,31-07-2026 17:42,Pre-paid,5.43766E+13,Clean POD | As per POD audit,,,,51:00.2,15000,52.82,42:08.0,42:08.0,1,,B,Forward Shipment,307719399,Haryana
312671084,wh0105,13,pbsenterprises10 rp b2brc,54:24.7,01-08-2026 18:47,05-08-2026,`DC/UEPL/LKO/1739,", KABRA EXTRUSIONTECHNIK LIMITED",Lucknow,Gurgaon,upgrid wh0105 lucknow,,122004,1,04-08-2026,04-08-2026,Gurgaon_Sihi_L (Haryana),05-08-2026 14:17,Delivered,Delivered,Delivered to Consignee,05-08-2026,04-08-2026 16:19,Pre-paid,5.43766E+13,Clean POD | As per POD audit,,,,28:11.8,240012,20.38,19:38.9,19:38.9,1,,D1,Forward Shipment,309771000,Haryana
312032278,Supreme,6,pbsenterprises10 rp b2brc,20:50.9,22-07-2026 15:23,29-07-2026,`SLE/26-27/00251,"SANIDHYA E-MOTORS, SANIDHYA E-MOTORS",Noida,Gokak,supreme noida new warehouse,,591307,1,30-07-2026,30-07-2026,Gokak_APMCRd_D (Karnataka),31-07-2026 11:06,Delivered,Delivered,Delivered to Consignee,28-07-2026,30-07-2026 11:22,Pre-paid,5.43766E+13,Clean POD | As per POD audit,,,,35:07.4,187313,14.08,22:17.4,22:17.4,1,,D2,Forward Shipment,307165294,Karnataka
311610626,SAFELI,2,pbsenterprises10 rp b2brc,10:47.7,14-07-2026 16:38,17-07-2026,`4,"KAKKAR SMART ENERGY VENTURES LLP, KAKKAR SMART ENERGY VENTURES LLP",Lucknow,Sonipat,safeli jm enterprises,,131028,1,18-07-2026,18-07-2026,Sonipat_Sector42_P (Haryana),18-07-2026 19:53,Delivered,Delivered,Delivered to Consignee,17-07-2026,18-07-2026 15:45,Pre-paid,5.43766E+13,Clean POD | As per POD audit,,,,34:46.9,15000,47.9,45:06.9,45:06.9,1,,D1,Forward Shipment,305159558,Haryana
311054405,Bounce,2,pbsenterprises10 rp b2brc,28:34.8,03-07-2026 20:39,06-07-2026,`DC005,"Exicom Energy Systems Private Limited, .",Bangalore,Bangalore,bounce daily bellandur,,560065,1,06-07-2026,06-07-2026,Bangalore_Bettahalsoor_L (Karnataka),06-07-2026 15:47,Delivered,Delivered,Delivered to Consignee,06-07-2026,06-07-2026 15:47,Pre-paid,5.43766E+13,Contactless Delivery -  Geofence verified,,,,52:59.5,45000,12.84,47:06.9,47:06.9,1,,A,Forward Shipment,302498094,Karnataka
312061009,MLR,2,pbsenterprises10 rp b2brc,51:01.0,22-07-2026 13:36,25-07-2026,`1081,"Exicom Energy System Private Limited, .",Mangalore,Bangalore,mlr swasthik auto mart,,560064,1,27-07-2026,27-07-2026,Bangalore_Bettahalsoor_L (Karnataka),28-07-2026 20:09,Delivered,Delivered,Delivered to Consignee,25-07-2026,27-07-2026 20:46,Pre-paid,5.43766E+13,Clean POD | As per POD audit,,,,51:45.4,30000,93.6,46:40.7,46:40.7,1,,B,Forward Shipment,307172565,Karnataka
310922517,B111001390214990-5556963,2,pbsenterprises10 rp b2brc,38:29.0,01-07-2026 17:52,06-07-2026,`936,"KABRA EXTRUSION TECHNIK LTDBATTRIXX , KABRA EXTRUSION TECHNIK LTDBATTRIXX",Bilaspur,Pune,aditya enterprises,,410501,1,06-07-2026,06-07-2026,Pune_Bhamboli_L (Maharashtra),07-07-2026 12:07,Delivered,Delivered,Delivered to Consignee,06-07-2026,06-07-2026 17:05,Pre-paid,5.43766E+13,Clean POD | As per POD audit,,,,59:22.4,49000,20.38,05:41.7,05:41.7,1,,D1,Forward Shipment,301827133,Maharashtra
310946420,B60381A22B18217  5496849,2,pbsenterprises10 rp b2brc,01:45.1,06-07-2026 17:31,08-07-2026,`007/26-27,"NITIN PRODUCTS, NITIN PRODUCTS",Ahmedabad,Jamnagar,jalaram lithium battery ampere b2b,,361004,1,09-07-2026,09-07-2026,Jamnagar_Kansumara_L (Gujarat),10-07-2026 16:33,Delivered,Delivered,Delivered to Consignee,08-07-2026,09-07-2026 17:56,Pre-paid,5.43766E+13,Clean POD | As per POD audit,,,,54:36.4,47200,13.34,56:25.7,56:25.7,1,,B,Forward Shipment,303158792,Gujarat
311195264,B1_51105_B_122297,5,pbsenterprises10 rp b2brc,12:02.4,07-07-2026 17:22,10-07-2026,`DC/UEPL/NGP/111,"KABRA EXTRUSION TECHNIK LTDBATTRIXX , KABRA EXTRUSION TECHNIK LTDBATTRIXX",Nagpur,Pune,upgrid nagpur-wh0088,,410501,1,11-07-2026,11-07-2026,Pune_Bhamboli_L (Maharashtra),13-07-2026 12:23,Delivered,Delivered,Delivered to Consignee,10-07-2026,11-07-2026 17:58,Pre-paid,5.43766E+13,Clean POD | As per POD audit,,,,41:39.7,80004,50.66,58:54.8,58:54.8,1,,D1,Forward Shipment,303194891,Maharashtra
311421396,SAFELI,2,pbsenterprises10 rp b2brc,39:11.1,10-07-2026 15:58,13-07-2026,`63,"KAKKAR SMART ENERGY VENTURES LLP, KAKKAR SMART ENERGY VENTURES LLP",Lucknow,Sonipat,safeli rego enterprise,,131028,1,15-07-2026,15-07-2026,Sonipat_Sector42_P (Haryana),17-07-2026 09:55,Delivered,Delivered,Delivered to Consignee,13-07-2026,15-07-2026 16:27,Pre-paid,5.43766E+13,Clean POD | As per POD audit,,,,55:16.6,15000,51.16,28:00.4,28:00.4,1,,D1,Forward Shipment,304239686,Haryana
310819574,Boune,2,pbsenterprises10 rp b2brc,44:03.4,29-06-2026 18:28,06-07-2026,`24,"Exicom Energy Systems, Exicom Energy Systems",Kharagpur,Gurgaon,bounce abha enterprises,,122015,1,03-07-2026,03-07-2026,Gurgaon_Sector17_L (Haryana),04-07-2026 12:58,Delivered,Delivered,Delivered to Consignee,06-07-2026,03-07-2026 12:55,Pre-paid,5.43766E+13,Clean POD | As per POD audit,,,,57:50.6,45000,13.18,55:17.4,55:17.4,1,,D2,Forward Shipment,301477800,Haryana
313012679,B111002350121212-5561777,3,pbsenterprises10 rp b2brc,37:08.5,08-08-2026 15:39,13-08-2026,`965,"KABRA EXTRUSION TECHNIK LTDBATTRIXX , KABRA EXTRUSION TECHNIK LTDBATTRIXX",Erode,Pune,power wheels,,410501,0,,,Pune_Bhamboli_L (Maharashtra),11-08-2026 20:08,Pending,Undelivered,Consignment Reached at Destination,13-08-2026,,Pre-paid,5.43766E+13,,,,,08:56.8,48998,17.62,,,,,D1,Forward Shipment,311615301,Maharashtra
311673865,SAFELI,2,pbsenterprises10 rp b2brc,37:22.7,15-07-2026 16:58,20-07-2026,`34,"KAKKAR SMART ENERGY VENTURES LLP, KAKKAR SMART ENERGY VENTURES LLP",Ayodhya,Sonipat,safeli baba auto sales b2b,,131028,1,21-07-2026,21-07-2026,Sonipat_Sector42_P (Haryana),23-07-2026 21:35,Delivered,Delivered,Delivered to Consignee,20-07-2026,21-07-2026 12:28,Pre-paid,5.43766E+13,Clean POD | As per POD audit,,,,02:23.8,15000,6.3,28:26.9,28:26.9,1,,D1,Forward Shipment,305437744,Haryana
312954306,DCGN-10010/26-27,2,pbsenterprises10 rp b2brc,01:25.2,07-08-2026 19:27,14-08-2026,`DCGN-10010/26-27,"HASIM ENTERPRISE , .",Noida,Murarai,fujiyama power system (panel),,731219,0,,,Berhampore_Mankara_I (West Bengal),12-08-2026 11:42,In Transit,Undelivered,Consignment Dispatched from Origin City,14-08-2026,,Pre-paid,5.43766E+13,,,,,,40217,49.5,,,,,D1,Forward Shipment,311278018,West Bengal
310940312,B111001390246581-5556325,2,pbsenterprises10 rp b2brc,24:39.1,01-07-2026 16:31,06-07-2026,`830,"KABRA EXTRUSION TECHNIK LTDBATTRIXX , KABRA EXTRUSION TECHNIK LTDBATTRIXX",Hubli,Pune,tara motors ampere (unit of tara agencies),,410501,1,03-07-2026,03-07-2026,Pune_Bhamboli_L (Maharashtra),04-07-2026 15:27,Delivered,Delivered,Delivered to Consignee,06-07-2026,03-07-2026 14:40,Pre-paid,5.43766E+13,Clean POD | As per POD audit,,,,43:40.6,49000,20.48,41:02.9,41:02.9,1,,B,Forward Shipment,301980974,Maharashtra
311878019,DCGN-8063/26-27,2,pbsenterprises10 rp b2brc,11:49.7,18-07-2026 19:01,24-07-2026,`DCGN-8063/26-27,"HEALTHBUDDY PRAGATI ENTERPRISE, .",Noida,Bankura,fujiyama power system (panel),,722101,1,23-07-2026,23-07-2026,Bankura_KeranDPP_D (West Bengal),24-07-2026 16:39,Delivered,Delivered,Delivered to Consignee,24-07-2026,23-07-2026 19:13,Pre-paid,5.43766E+13,Clean POD | As per POD audit,,,,27:45.6,37779,50.2,14:05.0,14:05.0,1,,D1,Forward Shipment,306183947,West Bengal
311937153,DCGN-8117/26-27,2,pbsenterprises10 rp b2brc,19:30.6,21-07-2026 20:13,27-07-2026,`DCGN-8117/26-27,"BABA ENTERPRISES, .",Noida,Bansi,fujiyama power system (panel),,272153,1,27-07-2026,27-07-2026,Bansi_Shyamnagar1_D (Uttar Pradesh),27-07-2026 12:51,Delivered,Delivered,Delivered to Consignee,25-07-2026,27-07-2026 12:51,Pre-paid,5.43766E+13,Contactless Delivery -  Geofence verified,,,,27:02.0,21000,48,51:06.8,51:06.8,1,,D1,Forward Shipment,306858972,Uttar Pradesh
311354610,B111001390190550-5551187,2,pbsenterprises10 rp b2brc,54:13.2,10-07-2026 18:02,14-07-2026,`898,"JALARAM LITHIUM BATTERY-AMPERE, JALARAM LITHIUM BATTERY-AMPERE",Greater Thane,Ahmedabad,aims italia-421503,,382213,1,13-07-2026,13-07-2026,Ahmedabad_Sanathal_L (Gujarat),15-07-2026 19:22,Delivered,Delivered,Delivered to Consignee,14-07-2026,13-07-2026 14:37,Pre-paid,5.43766E+13,Clean POD | As per POD audit,,,,04:05.4,49000,17.15,37:42.6,37:42.6,1,,C1,Forward Shipment,304213383,Gujarat
310946754,B111001390189604  5494141,2,pbsenterprises10 rp b2brc,07:43.8,06-07-2026 17:31,09-07-2026,`005/26-27,"JAI MATADI AUTO,  JAI MATADI AUTO",Ahmedabad,Pune,jalaram lithium battery ampere b2b,,411019,2,11-07-2026,13-07-2026,Pune_GandharvNagari_L (Maharashtra),15-07-2026 19:04,Delivered,Delivered,Delivered to Consignee,09-07-2026,14-07-2026 20:50,Pre-paid,5.43766E+13,Clean POD | As per POD audit,,,,31:04.3,47200,14.46,22:44.6,50:54.1,2,,C1,Forward Shipment,303158792,Maharashtra
312394107,REDON,2,pbsenterprises10 rp b2brc,59:05.2,28-07-2026 15:13,01-08-2026,`MA/049,"REDON LITHIUM BATTERIES LLP, .",Imamganj,Noida,aayra sales,,201308,1,01-08-2026,01-08-2026,Noida_Surajpur_L (Uttar Pradesh),03-08-2026 16:22,Delivered,Delivered,Delivered to Consignee,01-08-2026,03-08-2026 09:53,Pre-paid,5.43766E+13,Clean POD | As per POD audit,,,,52:58.6,25000,15.46,53:44.9,53:44.9,1,,D1,Forward Shipment,308640028,Uttar Pradesh
311473431,A48281C24G22454   5554389,2,pbsenterprises10 rp b2brc,28:55.5,17-07-2026 20:58,24-07-2026,`6518,"SHRI JI ENTERPRISES, SHRI JI ENTERPRISES",Raipur,Chandigarh,kamal laxami ampere brc,,160002,1,25-07-2026,25-07-2026,Chandigarh_Raiprvlg_L (Chandigarh),27-07-2026 10:31,Delivered,Delivered,Delivered to Consignee,24-07-2026,25-07-2026 14:02,Pre-paid,5.43766E+13,Clean POD | As per POD audit,,,,04:13.1,49000,10.23,02:28.3,02:28.3,1,,D2,Forward Shipment,305941250,Chandigarh
312605512,wh0088,9,pbsenterprises10 rp b2brc,11:14.7,31-07-2026 17:07,03-08-2026,`DC/UEPL/NGP/123,", KABRA EXTRUSIONTECHNIK LIMITED",Nagpur,Pune,upgrid nagpur-wh0088,,410501,1,05-08-2026,05-08-2026,Pune_Bhamboli_L (Maharashtra),06-08-2026 14:43,Delivered,Delivered,Delivered to Consignee,03-08-2026,05-08-2026 16:42,Pre-paid,5.43766E+13,Clean POD | As per POD audit,,,,21:08.7,160008,51.66,42:28.2,42:28.2,1,,D1,Forward Shipment,309480871,Maharashtra
311437795,DCGN-7349/26-27,2,pbsenterprises10 rp b2brc,20:46.6,11-07-2026 15:38,16-07-2026,`DCGN-7349/26-27,"AJEET KUMAR, .",Noida,Samastipur,fujiyama power system (panel),,848101,1,15-07-2026,15-07-2026,Samastipur_RhmprRdli_D (Bihar),16-07-2026 17:53,Delivered,Delivered,Delivered to Consignee,16-07-2026,15-07-2026 20:47,Pre-paid,5.43766E+13,Clean POD | As per POD audit,,,,39:36.9,39185,49.51,47:35.4,47:35.4,1,,D1,Forward Shipment,304522398,Bihar
311978323,DRIVE VOLTS,3,pbsenterprises10 rp b2brc,07:13.6,21-07-2026 14:51,25-07-2026,`125,"0, Drive Volts Private Limited",Rampur,Dehradun,vr eco motors,,248011,1,25-07-2026,25-07-2026,Dehradun_Temp_L (Uttarakhand),25-07-2026 14:38,Delivered,Delivered,Delivered to Consignee,25-07-2026,25-07-2026 14:38,Pre-paid,5.43766E+13,Contactless Delivery -  Geofence verified,,,,45:09.9,35000,18,38:25.4,38:25.4,1,,B,Forward Shipment,306731984,Uttarakhand
312034248,Supreme,4,pbsenterprises10 rp b2brc,48:42.0,22-07-2026 15:24,29-07-2026,`SLE/26-27/00257,"POWER SINE TECHNOLOGIES, POWER SINE TECHNOLOGIES",Noida,Kozhikode,supreme noida new warehouse,,673645,1,29-07-2026,29-07-2026,Kozhikode_Central_H (Kerala),29-07-2026 16:43,Delivered,Delivered,Delivered to Consignee,29-07-2026,29-07-2026 16:43,Pre-paid,5.43766E+13,Contactless Delivery -  Geofence verified,,,,51:40.5,70755,15.6,43:43.4,43:43.4,1,,D2,Forward Shipment,307165294,Kerala
312125855,SAFELI,2,pbsenterprises10 rp b2brc,47:31.4,23-07-2026 17:46,27-07-2026,`12,"KAKKAR SMART ENERGY VENTURES LLP, ASSAM KAKKAR SMART ENERGY VENTURES LLP",Dhemaji,Guwahati,safeli dutta e rickshaw,,781035,1,04-08-2026,04-08-2026,Guwahati_Kaikchi1_L (Assam),05-08-2026 20:50,Delivered,Delivered,Delivered to Consignee,27-07-2026,04-08-2026 15:45,Pre-paid,5.43766E+13,Clean POD | As per POD audit,,,,13:12.8,15000,53.3,45:35.7,45:35.7,1,,E,Forward Shipment,307436686,Assam
311173232,FUJIYAMA-6857,2,pbsenterprises10 rp b2brc,09:55.4,06-07-2026 19:02,10-07-2026,`DCGN-6857/26-27,"Vikram Advance Modular, .",Noida,Sonipat,fujiyama power system (panel),,131001,1,09-07-2026,09-07-2026,Sonipat_Sector42_P (Haryana),10-07-2026 21:35,Delivered,Delivered,Delivered to Consignee,10-07-2026,09-07-2026 12:09,Pre-paid,5.43766E+13,Clean POD | As per POD audit,,,,43:59.4,36227,49.5,09:12.7,09:12.7,1,,A,Forward Shipment,303127210,Haryana
311870392,RACHNA JI,2,pbsenterprises10 rp b2brc,46:17.7,20-07-2026 18:00,24-07-2026,`DCOD-18/26-27,"EMBEESON CONTROLS PRIVATE LIMITED, EMBEESON CONTROLS PRIVATE LIMITED",Bhubaneshwar,Bhadrak,rachna ji fujiyama power systems limited,,756100,1,22-07-2026,30-07-2026,Bhubaneswar_Bampakhuda_GW (Orissa),30-07-2026 15:41,RTO,Delivered,Return Accepted/RTO Delivered,24-07-2026,30-07-2026 15:41,Pre-paid,5.43766E+13,No Issue,27-07-2026,,,18:26.8,12254,19.12,08:58.8,08:58.8,1,23:47.6,B,Forward Shipment,306629038,Orissa
311573130,A60391H124B01593  5552131,2,pbsenterprises10 rp b2brc,48:57.1,14-07-2026 13:37,20-07-2026,`84560,"KPT Auto, KPT Auto",Salem,Gaya,oxygen energy enterprises ampere,,823001,1,20-07-2026,20-07-2026,Gaya_Matihani_H (Bihar),20-07-2026 15:58,Delivered,Delivered,Delivered to Consignee,20-07-2026,20-07-2026 15:58,Pre-paid,5.43766E+13,Contactless Delivery -  Geofence verified,,,,39:33.1,49002,18.78,58:12.5,58:12.5,1,,D2,Forward Shipment,305120806,Bihar
312541877,Bounce,2,pbsenterprises10 rp b2brc,45:55.3,30-07-2026 19:38,05-08-2026,`01,"Exicom Energy Systems Private Limited, .",Vadodara,Gurgaon,bounce deep ghodasara,,122015,1,04-08-2026,04-08-2026,Gurgaon_Sector17_L (Haryana),05-08-2026 15:07,Delivered,Delivered,Delivered to Consignee,05-08-2026,04-08-2026 15:34,Pre-paid,5.43766E+13,Clean POD | As per POD audit,,,,43:06.8,29999,12.92,34:25.8,34:25.8,1,,D1,Forward Shipment,309217106,Haryana
310967748,AX29082500444,2,pbsenterprises10 rp b2brc,20:08.6,02-07-2026 15:39,07-07-2026,`11,"KABRA EXTRUSIONTECHNIK LTD, KABRA EXTRUSIONTECHNIK LTD",Guwahati,Gurgaon,auto sales india ltd,,122004,1,06-07-2026,06-07-2026,Gurgaon_Hasanpur2_D (Haryana),08-07-2026 12:47,Delivered,Delivered,Delivered to Consignee,07-07-2026,06-07-2026 18:39,Pre-paid,5.43766E+13,Clean POD | As per POD audit,,,,18:03.8,9000,3.12,39:58.6,39:58.6,1,,E,Forward Shipment,302072829,Haryana
312061483,SAFELI,2,pbsenterprises10 rp b2brc,55:27.4,23-07-2026 16:03,27-07-2026,`57,"KAKKAR SMART ENERGY VENTURES LLP, KAKKAR SMART ENERGY VENTURES LLP",Nawabganj,Sonipat,safeli baba auto sales,,131028,1,27-07-2026,27-07-2026,Sonipat_Sector42_P (Haryana),29-07-2026 09:59,Delivered,Delivered,Delivered to Consignee,27-07-2026,27-07-2026 16:40,Pre-paid,5.43766E+13,Clean POD | As per POD audit,,,,15:27.7,15000,47.95,40:17.7,40:17.7,1,,D1,Forward Shipment,307427626,Haryana
312674172,B111002350120358-5561273,2,pbsenterprises10 rp b2brc,41:38.9,07-08-2026 18:59,12-08-2026,`960,", KABRA EXTRUSION TECHNIK LTD BATTRIXX",Durg,Pune,ashutosh electricals,,410501,0,,,Nagpur_Khapari_GW (Maharashtra),11-08-2026 03:42,In Transit,Undelivered,Consignment Dispatched from Origin City,12-08-2026,,Pre-paid,5.43766E+13,,,,,,49000,17.96,,,,,D1,Forward Shipment,311304732,Maharashtra
312977983,E2W4830A20250083-5562565,3,pbsenterprises10 rp b2brc,46:14.4,08-08-2026 16:02,12-08-2026,`1,"CYGNI ENERGY PRIVATE LIMITED, CYGNI ENERGY PRIVATE LIMITED",Mysore,Hyderabad,sri chamundi motors,,501359,1,11-08-2026,11-08-2026,Hyderabad_Shamshbd_H (Telangana),11-08-2026 12:03,Dispatched,Undelivered,Out for Delivery,12-08-2026,,Pre-paid,5.43766E+13,,,,,42:05.7,40954,15.54,,,,,D1,Forward Shipment,311396049,Telangana
310815664,B111001390222628-5556318,2,pbsenterprises10 rp b2brc,06:05.4,01-07-2026 17:18,07-07-2026,`888,"KABRA EXTRUSION TECHNIK LTDBATTRIXX , KABRA EXTRUSION TECHNIK LTDBATTRIXX",Rourkela,Pune,vibrant motors,,410501,1,06-07-2026,06-07-2026,Pune_Bhamboli_L (Maharashtra),07-07-2026 12:13,Delivered,Delivered,Delivered to Consignee,07-07-2026,06-07-2026 17:04,Pre-paid,5.43766E+13,Clean POD | As per POD audit,,,,17:34.1,49000,19.94,04:20.4,04:20.4,1,,D2,Forward Shipment,301980106,Maharashtra
311345108,SAFELI,2,pbsenterprises10 rp b2brc,03:06.1,09-07-2026 17:07,11-07-2026,`45,"KAKKAR SMART ENERGY VENTURES LLP, ASSAM KAKKAR SMART ENERGY VENTURES LLP",Udalguri,Guwahati,safeli at motor,,781035,1,15-07-2026,15-07-2026,Guwahati_Kaikchi1_L (Assam),16-07-2026 23:45,Delivered,Delivered,Delivered to Consignee,11-07-2026,15-07-2026 17:09,Pre-paid,5.43766E+13,Clean POD | As per POD audit,,,,10:02.7,15000,48.96,10:09.4,10:09.4,1,,E,Forward Shipment,303970449,Assam
312258410,B1_51105_B_123893,2,pbsenterprises10 rp b2brc,38:03.3,25-07-2026 16:17,30-07-2026,`UEPIND235,"KABRA EXTRUSIONTECHNIK LTD, KABRA EXTRUSIONTECHNIK LTD",Indore,Gurgaon,upgrid wh0090 indore,,122004,1,30-07-2026,30-07-2026,Gurgaon_Sihi_L (Haryana),31-07-2026 12:49,Delivered,Delivered,Delivered to Consignee,30-07-2026,30-07-2026 18:34,Pre-paid,5.43766E+13,Clean POD | As per POD audit,,,,11:48.5,20001,51.3,34:17.6,34:17.6,1,,D1,Forward Shipment,307984377,Haryana
311546713,REDON,2,pbsenterprises10 rp b2brc,59:42.5,14-07-2026 16:31,20-07-2026,`MA/041,"REDON LITHIUM BATTERIES LLP, .",Dankuni,Noida,mac enterprise,,201308,1,22-07-2026,22-07-2026,Noida_Surajpur_L (Uttar Pradesh),24-07-2026 17:21,Delivered,Delivered,Delivered to Consignee,20-07-2026,22-07-2026 13:12,Pre-paid,5.43766E+13,Clean POD | As per POD audit,,,,10:15.5,35000,15.74,12:39.8,12:39.8,1,,C2,Forward Shipment,304975397,Uttar Pradesh
310940754,itp,2,pbsenterprises10 rp b2brc,30:55.8,01-07-2026 14:32,06-07-2026,`INV-000106,"Rozee Auto Agency, Rozee Auto Agency",Gurgaon,Rewa,itp true power energy,,486001,1,06-07-2026,06-07-2026,Rewa_Godahar_D (Madhya Pradesh),06-07-2026 11:54,Delivered,Delivered,Delivered to Consignee,06-07-2026,06-07-2026 11:54,Pre-paid,5.43766E+13,Contactless Delivery -  Geofence verified,,,,25:57.7,17325,9.06,54:20.1,54:20.1,1,,D1,Forward Shipment,301981677,Madhya Pradesh
312558779,B111001390193908-5562256,2,pbsenterprises10 rp b2brc,27:40.8,31-07-2026 15:46,06-08-2026,`968,"KABRA EXTRUSION TECHNIK LTDBATTRIXX , KABRA EXTRUSION TECHNIK LTDBATTRIXX",Bhubaneshwar,Pune,pmg motor,,410501,1,06-08-2026,06-08-2026,Pune_Bhamboli_L (Maharashtra),08-08-2026 16:57,Delivered,Delivered,Delivered to Consignee,06-08-2026,07-08-2026 19:41,Pre-paid,5.43766E+13,Clean POD | As per POD audit,,,,19:29.0,48999,16.92,41:31.8,41:31.8,1,,D2,Forward Shipment,309257972,Maharashtra
311107261,B111001390264489-5557438,2,pbsenterprises10 rp b2brc,31:09.9,04-07-2026 21:32,13-07-2026,`626,"KABRA EXTRUSION TECHNIK LTDBATTRIXX , KABRA EXTRUSION TECHNIK LTDBATTRIXX",Basta,Pune,krishna automobiles,,410501,2,14-07-2026,15-07-2026,Pune_Bhamboli_L (Maharashtra),16-07-2026 19:34,Delivered,Delivered,Delivered to Consignee,13-07-2026,15-07-2026 13:42,Pre-paid,5.43766E+13,Clean POD | As per POD audit,,,,22:31.2,49000,20.44,42:23.6,42:23.6,1,,D2,Forward Shipment,302741899,Maharashtra
312526163,B111001390120405-5561443,3,pbsenterprises10 rp b2brc,20:25.0,30-07-2026 15:10,05-08-2026,`920,"KABRA EXTRUSION TECHNIK LTDBATTRIXX , KABRA EXTRUSION TECHNIK LTDBATTRIXX",Chandigarh,Pune,shri ji enterprises,,410501,1,07-08-2026,07-08-2026,Pune_Bhamboli_L (Maharashtra),08-08-2026 17:38,Delivered,Delivered,Delivered to Consignee,05-08-2026,07-08-2026 19:07,Pre-paid,5.43766E+13,Clean POD | As per POD audit,,,,38:16.4,49000,17.68,07:36.0,07:36.0,1,,D2,Forward Shipment,309180019,Maharashtra
311861662,DCGN-7997/26-27,2,pbsenterprises10 rp b2brc,09:21.1,18-07-2026 19:00,23-07-2026,`DCGN-7997/26-27,"S.S.B.POWERS, .",Noida,Kota,fujiyama power system (panel),,324005,1,22-07-2026,22-07-2026,Kota_IndustrialArea_H (Rajasthan),23-07-2026 18:47,Delivered,Delivered,Delivered to Consignee,23-07-2026,22-07-2026 18:01,Pre-paid,5.43766E+13,Clean POD | As per POD audit,,,,35:29.5,39004,48.9,01:16.9,01:16.9,1,,D1,Forward Shipment,306183947,Rajasthan
312430915,B121005190_120535,2,pbsenterprises10 rp b2brc,11:17.0,29-07-2026 20:49,04-08-2026,`DC/July/002,"KABRA EXTRUSION TECHNIK-GURUGRAM , KABRA EXTRUSION TECHNIK-GURUGRAM",Khargram,Gurgaon,mondal automobiles (kab),,122004,1,04-08-2026,04-08-2026,Gurgaon_Sihi_L (Haryana),06-08-2026 14:42,Delivered,Delivered,Delivered to Consignee,04-08-2026,04-08-2026 16:08,Pre-paid,5.43766E+13,Clean POD | As per POD audit,,,,02:35.4,48000,49.73,08:12.3,08:12.3,1,,D1,Forward Shipment,308735261,Haryana
311735362,A48281H24E10068  5551080,2,pbsenterprises10 rp b2brc,23:13.6,17-07-2026 20:58,23-07-2026,`6599,"ECO WHEELS, ECO WHEELS",Raipur,Dhanbad,kamal laxami ampere brc,,826001,1,24-07-2026,24-07-2026,Dhanbad_Tilabani_H (Jharkhand),25-07-2026 14:50,Delivered,Delivered,Delivered to Consignee,23-07-2026,24-07-2026 17:35,Pre-paid,5.43766E+13,Clean POD | As per POD audit,,,,06:36.5,49000,10.55,35:43.5,35:43.5,1,,D1,Forward Shipment,305941250,Jharkhand
312162533,B111001390222332-5560384,2,pbsenterprises10 rp b2brc,37:12.6,24-07-2026 20:22,03-08-2026,`841,"KABRA EXTRUSION TECHNIK LTDBATTRIXX , KABRA EXTRUSION TECHNIK LTDBATTRIXX",hazaribagh,Pune,mitali automobiles,,410501,1,31-07-2026,31-07-2026,Pune_Bhamboli_L (Maharashtra),01-08-2026 21:40,Delivered,Delivered,Delivered to Consignee,03-08-2026,31-07-2026 16:33,Pre-paid,5.43766E+13,Clean POD | As per POD audit,,,,54:20.1,49000,20.04,33:36.9,33:36.9,1,,D2,Forward Shipment,307526762,Maharashtra
311269572,FUJIYAMA-7086,2,pbsenterprises10 rp b2brc,54:21.6,08-07-2026 20:44,13-07-2026,`DCGN-7086/26-27,"MAHALAXMI TRADERS, .",Noida,Sirohi,fujiyama power system (panel),,307001,1,13-07-2026,13-07-2026,Sirohi_Vedhaynathcolony_D (Rajasthan),14-07-2026 12:53,Delivered,Delivered,Delivered to Consignee,13-07-2026,13-07-2026 13:18,Pre-paid,5.43766E+13,Clean POD | As per POD audit,,,,18:30.7,120595,116,18:34.7,18:34.7,1,,D1,Forward Shipment,303676804,Rajasthan
311131341,DCGN-6808/26-27,2,pbsenterprises10 rp b2brc,54:50.0,04-07-2026 20:20,11-07-2026,`DCGN-6808/26-27,"BANKURA BATTERY CENTRE, BANKURA BATTERY CENTRE",Noida,Bankura,fujiyama power system (panel),,722101,1,11-07-2026,11-07-2026,Bankura_KeranDPP_D (West Bengal),11-07-2026 18:29,Delivered,Delivered,Delivered to Consignee,11-07-2026,11-07-2026 18:29,Pre-paid,5.43766E+13,Contactless Delivery -  Geofence verified,,,,03:57.6,39292,49.3,29:55.2,29:55.2,1,,D1,Forward Shipment,302580087,West Bengal
312222327,DCGN-8699/26-27,2,pbsenterprises10 rp b2brc,02:31.9,25-07-2026 19:47,29-07-2026,`DCGN-8699/26-27,"ANSHIKA BATTERY SERVICE, .",Noida,Gorakhpur,fujiyama power system (panel),,273001,2,27-07-2026,04-08-2026,Gorakhpur_Bhauwapar_H (Uttar Pradesh),06-08-2026 13:00,Delivered,Delivered,Delivered to Consignee,29-07-2026,04-08-2026 13:15,Pre-paid,5.43766E+13,Clean POD | As per POD audit,,,,40:12.4,37561,50.5,19:53.2,15:43.3,2,,D1,Forward Shipment,307942843,Uttar Pradesh
312408112,REDON,2,pbsenterprises10 rp b2brc,26:02.6,28-07-2026 14:32,03-08-2026,`107,"REDON LITHIUM BATTERIES LLP, .",Panskura,Noida,m j enterprise,,201308,1,04-08-2026,04-08-2026,Noida_Surajpur_L (Uttar Pradesh),06-08-2026 12:55,Delivered,Delivered,Delivered to Consignee,03-08-2026,05-08-2026 12:05,Pre-paid,5.43766E+13,Clean POD | As per POD audit,,,,52:51.4,20000,14.1,05:21.6,05:21.6,1,,D2,Forward Shipment,308633935,Uttar Pradesh
311137283,DCGN-6801/26-27,2,pbsenterprises10 rp b2brc,00:18.6,04-07-2026 20:21,08-07-2026,`DCGN-6801/26-27,"KUMOUN BATTERIES, KUMOUN BATTERIES",Noida,Rudrapur,fujiyama power system (panel),,263153,1,09-07-2026,09-07-2026,Rudrapur_Amarpur_H (Uttarakhand),10-07-2026 16:28,Delivered,Delivered,Delivered to Consignee,08-07-2026,09-07-2026 16:42,Pre-paid,5.43766E+13,Clean POD | As per POD audit,,,,08:03.2,121766,113.5,42:57.8,42:57.8,1,,B,Forward Shipment,302580087,Uttarakhand
312901305,DCGN-9871/26-27,2,pbsenterprises10 rp b2brc,29:53.8,07-08-2026 19:48,14-08-2026,`DCGN-9871/26-27,"HASIM ENTERPRISE, ,",Noida,Murarai,fujiyama power system (panel),,731219,0,,,Berhampore_Mankara_I (West Bengal),12-08-2026 11:01,In Transit,Undelivered,Consignment Dispatched from Origin City,14-08-2026,,Pre-paid,5.43766E+13,,,,,,53589,49.4,,,,,D1,Forward Shipment,311278018,West Bengal
310993259,SAFELI,2,pbsenterprises10 rp b2brc,48:39.8,02-07-2026 15:47,06-07-2026,`AS-185,"AR Traders, AR Traders",Guwahati,Thelamara,safeli assam kakkar smart energy ventures llp,,784506,1,06-07-2026,06-07-2026,Thelamara_NilachalPath_D (Assam),06-07-2026 10:47,Delivered,Delivered,Delivered to Consignee,06-07-2026,06-07-2026 10:47,Pre-paid,5.43766E+13,Contactless Delivery -  Geofence verified,,,,45:39.0,45000,49.26,47:23.0,47:23.0,1,,E,Forward Shipment,302248025,Assam
311384359,drive volts,2,pbsenterprises10 rp b2brc,25:05.8,10-07-2026 15:30,14-07-2026,`10,"0, Drive Volts Private Limited",Robertsganj,Dehradun,jain enterprises,,248011,1,15-07-2026,15-07-2026,Dehradun_Temp_L (Uttarakhand),15-07-2026 16:29,Delivered,Delivered,Delivered to Consignee,14-07-2026,15-07-2026 16:29,Pre-paid,5.43766E+13,Contactless Delivery -  Geofence verified,,,,35:00.8,14999,13.22,29:54.2,29:54.2,1,,D1,Forward Shipment,304030543,Uttarakhand
311183218,Bounce,3,pbsenterprises10 rp b2brc,51:58.2,08-07-2026 14:28,13-07-2026,`92,"EXICOM TELE-SYSTEMS LIMITED, .",Mysore,Bangalore,bounce wadiyar ev motors pvt ltd,,560065,1,13-07-2026,13-07-2026,Bangalore_Bettahalsoor_L (Karnataka),15-07-2026 10:34,Delivered,Delivered,Delivered to Consignee,13-07-2026,13-07-2026 15:42,Pre-paid,5.43766E+13,Clean POD | As per POD audit,,,,34:18.1,40000,14,42:16.7,42:16.7,1,,B,Forward Shipment,303693111,Karnataka
311963618,B111001390246358-5560343,2,pbsenterprises10 rp b2brc,06:03.3,21-07-2026 14:31,24-07-2026,`893,"KABRA EXTRUSION TECHNIK LTDBATTRIXX , KABRA EXTRUSION TECHNIK LTDBATTRIXX",Latur,Pune,bidve motors pvt ltd,,410501,1,25-07-2026,25-07-2026,Pune_Bhamboli_L (Maharashtra),26-07-2026 08:53,Delivered,Delivered,Delivered to Consignee,24-07-2026,25-07-2026 21:02,Pre-paid,5.43766E+13,Clean POD | As per POD audit,,,,29:18.8,49000,21.48,02:21.4,02:21.4,1,,B,Forward Shipment,306708424,Maharashtra
312981332,DCGN-10072/26-27,2,pbsenterprises10 rp b2brc,29:37.0,,,`DCGN-10072/26-27,"RATNAM SOLAR AND POWER ELECTRONICS, .",Noida,Bihar Sharif,fujiyama power system (panel),,803101,0,,,Noida_Bairangpur_GW (Uttar Pradesh),07-08-2026 20:09,Manifested,Undelivered,Consignment Manifested,,,Pre-paid,5.43766E+13,,,,,,123156,20,,,,,D1,Forward Shipment,,Bihar
311677418,E2W4828A37240098-5556573,2,pbsenterprises10 rp b2brc,21:59.9,17-07-2026 22:19,22-07-2026,`889,"CYGNI ENERGY PRIVATE LIMITED, CYGNI ENERGY PRIVATE LIMITED",Pune,Hyderabad,ace ev,,501359,1,22-07-2026,22-07-2026,Hyderabad_Shamshbd_H (Telangana),23-07-2026 21:48,Delivered,Delivered,Delivered to Consignee,22-07-2026,22-07-2026 17:37,Pre-paid,5.43766E+13,Clean POD | As per POD audit,,,,01:36.7,49000,11.04,37:16.0,37:16.0,1,,D1,Forward Shipment,FMINC_78cf3efa-81ff-11f1-9ab7-89b2e0f810fa,Telangana
311550431,B111001390191494  5551245,3,pbsenterprises10 rp b2brc,45:06.3,13-07-2026 14:35,16-07-2026,`014/26-27,"SHREE SAI AUTO,  SHREE SAI AUTO",Ahmedabad,Pune,jalaram lithium battery ampere b2b,,411027,1,17-07-2026,17-07-2026,Pune_GandharvNagari_L (Maharashtra),18-07-2026 10:14,Delivered,Delivered,Delivered to Consignee,16-07-2026,17-07-2026 14:08,Pre-paid,5.43766E+13,Clean POD | As per POD audit,,,,47:28.1,47200,14.64,08:55.6,08:55.6,1,,C1,Forward Shipment,304879243,Maharashtra
311621814,Ryoto,3,pbsenterprises10 rp b2brc,19:41.5,14-07-2026 17:42,17-07-2026,`125,"., ryoto",Mariahu,Noida,mauryanikhil,,203202,1,23-07-2026,23-07-2026,Noida_Surajpur_L (Uttar Pradesh),24-07-2026 17:05,Delivered,Delivered,Delivered to Consignee,17-07-2026,23-07-2026 19:45,Pre-paid,5.43766E+13,Clean POD | As per POD audit,,,,16:31.5,15000,10,45:58.7,45:58.7,1,,D1,Forward Shipment,305166385,Uttar Pradesh
311674188,Bounce,2,pbsenterprises10 rp b2brc,42:09.9,15-07-2026 19:30,21-07-2026,`21,"Clean Electric Private Limited, .",Maddur,Pune,bounce nandish,,410501,1,20-07-2026,20-07-2026,Pune_Bhamboli_L (Maharashtra),20-07-2026 16:21,Delivered,Delivered,Delivered to Consignee,21-07-2026,20-07-2026 16:21,Pre-paid,5.43766E+13,Contactless Delivery -  Geofence verified,,,,06:32.7,45000,15.76,21:51.1,21:51.1,1,,D1,Forward Shipment,305439241,Maharashtra
311385095,E2W4830A29250502-5558098,2,pbsenterprises10 rp b2brc,35:20.7,10-07-2026 18:29,16-07-2026,`888,"CYGNI ENERGY PRIVATE LIMITED, CYGNI ENERGY PRIVATE LIMITED",Kottayam,Hyderabad,g way ampere-kottayam,,501359,1,14-07-2026,14-07-2026,Hyderabad_Shamshbd_H (Telangana),22-07-2026 15:02,Delivered,Delivered,Delivered to Consignee,16-07-2026,14-07-2026 18:46,Pre-paid,5.43766E+13,Clean POD | As per POD audit,,,,45:52.1,49000,12.94,46:08.6,46:08.6,1,,D1,Forward Shipment,304038728,Telangana
310994557,SAFELI,2,pbsenterprises10 rp b2brc,04:22.3,02-07-2026 18:18,08-07-2026,`45,"KAKKAR SMART ENERGY VENTURES LLP, KAKKAR SMART ENERGY VENTURES LLP",Biswan,Sonipat,safeli fatima auto sales & service,,131028,1,09-07-2026,09-07-2026,Sonipat_Sector42_P (Haryana),10-07-2026 21:31,Delivered,Delivered,Delivered to Consignee,08-07-2026,09-07-2026 12:16,Pre-paid,5.43766E+13,Clean POD | As per POD audit,,,,35:08.7,15000,57.32,17:05.9,17:05.9,1,,B,Forward Shipment,302249664,Haryana
311572291,A60391H124A27401  5552165,2,pbsenterprises10 rp b2brc,41:29.8,14-07-2026 13:37,21-07-2026,`8451,"ARYA MOTORS, ARYA MOTORS",Salem,Sitamarhi,oxygen energy enterprises ampere,,843302,1,22-07-2026,22-07-2026,Sitamarhi_Punaura_D (Bihar),28-07-2026 16:02,Delivered,Delivered,Delivered to Consignee,20-07-2026,22-07-2026 13:41,Pre-paid,5.43766E+13,Clean POD | As per POD audit,,,,37:55.8,49000,18.64,41:23.5,41:23.5,1,,D2,Forward Shipment,305120806,Bihar
312476520,DCGN-9128/26-27,2,pbsenterprises10 rp b2brc,49:19.4,29-07-2026 20:27,04-08-2026,`DCGN-9128/26-27,"M K DISTRIBUTOR, .",Noida,Guna,fujiyama power system (panel),,473001,1,03-08-2026,03-08-2026,Guna_Shahpur_H (Madhya Pradesh),05-08-2026 12:17,Delivered,Delivered,Delivered to Consignee,04-08-2026,03-08-2026 15:09,Pre-paid,5.43766E+13,Clean POD | As per POD audit,,,,39:45.7,44444,57.92,10:07.0,10:07.0,1,,D1,Forward Shipment,309036872,Madhya Pradesh
311799452,B1_51105_S_120209,5,pbsenterprises10 rp b2brc,31:04.7,17-07-2026 14:48,21-07-2026,`UEPIND230,"KABRA EXTRUSIONTECHNIK LTD, KABRA EXTRUSIONTECHNIK LTD",Indore,Gurgaon,upgrid wh0090 indore,,122004,2,23-07-2026,28-07-2026,Gurgaon_Sihi_L (Haryana),30-07-2026 15:53,Delivered,Delivered,Delivered to Consignee,21-07-2026,28-07-2026 19:18,Pre-paid,5.43766E+13,Clean POD | As per POD audit,,,,20:01.7,80004,49.05,18:46.8,18:46.8,1,,D1,Forward Shipment,305969469,Haryana
312901338,SAFELI,2,pbsenterprises10 rp b2brc,30:18.7,06-08-2026 13:55,12-08-2026,`AS-255,"KAKKAR SMART ENERGY VENTURES LLP, KAKKAR SMART ENERGY VENTURES LLP",Guwahati,Sonipat,safeli assam kakkar smart energy ventures llp,,131028,0,,,Gurgaon_Pathradi_H (Haryana),11-08-2026 18:15,In Transit,Undelivered,Consignment Dispatched from Origin City,12-08-2026,,Pre-paid,5.43766E+13,,,,,,30000,20.18,,,,,E,Forward Shipment,311057745,Haryana
312658655,A48281A24F28186-5561369,2,pbsenterprises10 rp b2brc,29:40.4,01-08-2026 16:08,06-08-2026,`05,", OXYGEN ENERGY ENTERPRISES",Kolkata,Salem,future green automobile,,636006,1,06-08-2026,06-08-2026,Salem_Ramalingapuram_H (Tamil Nadu),08-08-2026 11:31,Delivered,Delivered,Delivered to Consignee,06-08-2026,06-08-2026 16:54,Pre-paid,5.43766E+13,Clean POD | As per POD audit,,,,58:48.6,25000,10.45,54:29.5,54:29.5,1,,D2,Forward Shipment,309736065,Tamil Nadu
311733777,EA5160W122303098-5484822,2,pbsenterprises10 rp b2brc,01:53.9,16-07-2026 17:43,21-07-2026,`800,"CYGNI ENERGY PRIVATE LIMITED, CYGNI ENERGY PRIVATE LIMITED",Ajmer,Hyderabad,matrix electric mobility,,501359,1,22-07-2026,22-07-2026,Hyderabad_Shamshbd_H (Telangana),23-07-2026 21:48,Delivered,Delivered,Delivered to Consignee,21-07-2026,22-07-2026 15:46,Pre-paid,5.43766E+13,Clean POD | As per POD audit,,,,36:35.6,49000,38.44,46:52.6,46:52.6,1,,D2,Forward Shipment,305712525,Telangana
310944531,A60391H124A18727 5555179,2,pbsenterprises10 rp b2brc,28:03.2,01-07-2026 13:47,06-07-2026,`1048,"AIMS ITALIA, AIMS ITALIA",Salem,Mumbai,oxygen energy enterprises ampere,,400072,1,06-07-2026,06-07-2026,Mumbai_AndheriEast_L (Maharashtra),06-07-2026 10:54,Delivered,Delivered,Delivered to Consignee,06-07-2026,06-07-2026 10:54,Pre-paid,5.43766E+13,Contactless Delivery -  Geofence verified,,,,30:18.4,49000,18.49,54:51.3,54:51.3,1,,D1,Forward Shipment,301995996,Maharashtra
312692591,20211228K50014,3,pbsenterprises10 rp b2brc,15:43.3,03-08-2026 15:41,10-08-2026,`11,"KABRA EXTRUSION TECHNIK LTDBATTRIXX , KABRA EXTRUSION TECHNIK LTDBATTRIXX",Kolkata,Pune,maheswari udyog (kab),,410501,1,08-08-2026,08-08-2026,Pune_Bhamboli_L (Maharashtra),11-08-2026 18:06,Delivered,Delivered,Delivered to Consignee,10-08-2026,10-08-2026 18:58,Pre-paid,5.43766E+13,Clean POD | As per POD audit,,,,26:11.6,48000,48.46,58:17.6,58:17.6,1,,C2,Forward Shipment,309832659,Maharashtra
312081047,DCGN-8417/26-27,3,pbsenterprises10 rp b2brc,31:46.7,23-07-2026 20:18,31-07-2026,`DCGN-8417/26-27,"SHREE MANGAL TRADERS, .",Noida,Fatehabad,fujiyama power system (panel),,125050,1,29-07-2026,29-07-2026,Fatehabad_SirsaRd_D (Haryana),30-07-2026 13:51,Delivered,Delivered,Delivered to Consignee,27-07-2026,29-07-2026 19:24,Pre-paid,5.43766E+13,Clean POD | As per POD audit,,,,01:42.2,20152,57.2,24:16.5,24:16.5,1,,B,Forward Shipment,307540424,Haryana
311611148,SAFELI,2,pbsenterprises10 rp b2brc,16:57.0,15-07-2026 18:06,20-07-2026,`34,"KAKKAR SMART ENERGY VENTURES LLP, KAKKAR SMART ENERGY VENTURES LLP",Chandausi,Sonipat,safeli banke bihari traders,,131028,1,21-07-2026,21-07-2026,Sonipat_Sector42_P (Haryana),23-07-2026 23:12,Delivered,Delivered,Delivered to Consignee,20-07-2026,21-07-2026 12:34,Pre-paid,5.43766E+13,Clean POD | As per POD audit,,,,48:23.0,15000,48.49,34:50.6,34:50.6,1,,B,Forward Shipment,305426819,Haryana
312904128,B111001390267548-5559152,2,pbsenterprises10 rp b2brc,10:39.4,06-08-2026 20:16,11-08-2026,`759,"KABRA EXTRUSION TECHNIK LTDBATTRIXX , KABRA EXTRUSION TECHNIK LTDBATTRIXX",Jamner,Pune,m/s shiv moters,,410501,1,10-08-2026,10-08-2026,Pune_Bhamboli_L (Maharashtra),11-08-2026 18:55,Delivered,Delivered,Delivered to Consignee,11-08-2026,10-08-2026 18:59,Pre-paid,5.43766E+13,Clean POD | As per POD audit,,,,09:55.1,49000,20.08,59:32.1,59:32.1,1,,B,Forward Shipment,311064689,Maharashtra
311379563,A60391H124B11207  5551670,2,pbsenterprises10 rp b2brc,34:59.7,13-07-2026 23:47,20-07-2026,`4593,"KRISHNA  ENTERPRISES, KRISHNA  ENTERPRISES",Raipur,Rewa,kamal laxami ampere brc,,486001,1,18-07-2026,18-07-2026,Rewa_Godahar_D (Madhya Pradesh),18-07-2026 19:56,Delivered,Delivered,Delivered to Consignee,20-07-2026,18-07-2026 18:00,Pre-paid,5.43766E+13,Clean POD | As per POD audit,,,,08:52.2,49000,18.48,00:14.5,00:14.5,1,,B,Forward Shipment,304897912,Madhya Pradesh
312605764,A48281C24I12333  5556585 A48281C24I13490   5556299,3,pbsenterprises10 rp b2brc,13:55.2,01-08-2026 13:29,06-08-2026,`8542,", ACE EV",Salem,Pune,oxygen energy enterprises ampere,,411003,1,05-08-2026,05-08-2026,Pune_GandharvNagari_L (Maharashtra),06-08-2026 14:42,Delivered,Delivered,Delivered to Consignee,06-08-2026,05-08-2026 17:55,Pre-paid,5.43766E+13,Clean POD | As per POD audit,,,,43:28.7,49000,10.43,56:03.8,56:03.8,1,,D1,Forward Shipment,309484588,Maharashtra
311965574,DCGN-8208/26-27,2,pbsenterprises10 rp b2brc,29:54.2,21-07-2026 20:15,28-07-2026,`DCGN-8208/26-27,"LEMORIYAN ENTERPRISES, .",Noida,Madurai,fujiyama power system (panel),,625007,1,28-07-2026,28-07-2026,Madurai_Avaniyapuram_H (Tamil Nadu),30-07-2026 12:57,Delivered,Delivered,Delivered to Consignee,28-07-2026,28-07-2026 18:23,Pre-paid,5.43766E+13,Clean POD | As per POD audit,,,,52:44.4,41290,50.47,23:52.0,23:52.0,1,,D2,Forward Shipment,306858972,Tamil Nadu
312807369,SAFELI,2,pbsenterprises10 rp b2brc,01:13.1,05-08-2026 16:43,08-08-2026,`51,"KAKKAR SMART ENERGY VENTURES LLP, KAKKAR SMART ENERGY VENTURES LLP",Kota,Sonipat,safeli plug pana,,131028,1,11-08-2026,11-08-2026,Sonipat_Sector42_P (Haryana),12-08-2026 01:13,Delivered,Delivered,Delivered to Consignee,08-08-2026,11-08-2026 22:08,Pre-paid,5.43766E+13,LM POD document uploaded,,,,25:24.0,15000,53.44,08:40.0,08:40.0,1,,D1,Forward Shipment,310780973,Haryana
311364631,B1_51105_B_120500,2,pbsenterprises10 rp b2brc,56:43.5,10-07-2026 14:31,16-07-2026,`DC/UEPL/BAH224,"KABRA EXTRUSION TECHNIK LTDBATTRIXX , KABRA EXTRUSION TECHNIK LTDBATTRIXX",Bahraich,Pune,upgrid wh0081,,410501,1,16-07-2026,16-07-2026,Pune_Bhamboli_L (Maharashtra),18-07-2026 09:59,Delivered,Delivered,Delivered to Consignee,16-07-2026,16-07-2026 18:15,Pre-paid,5.43766E+13,Clean POD | As per POD audit,,,,22:15.9,19999,50,15:50.9,15:50.9,1,,D2,Forward Shipment,303985952,Maharashtra
311893381,DCGN-8098/26-27,8,pbsenterprises10 rp b2brc,05:50.7,20-07-2026 18:30,27-07-2026,`DCGN-8098/26-27,"M/S. MAA AMBEY ENERGY ELECTRIC, .",Noida,Lalitpur,fujiyama power system (panel),,284403,1,25-07-2026,01-08-2026,Noida_Surajpur_L (Uttar Pradesh),03-08-2026 15:40,RTO,Delivered,Return Accepted/RTO Delivered,25-07-2026,03-08-2026 15:40,Pre-paid,5.43766E+13,No Issue,03-08-2026,,,40:48.2,48000,20.57,16:28.5,16:28.5,1,28:16.5,D1,Forward Shipment,306596899,Uttar Pradesh
311130633,DCGN-6830/26-27,2,pbsenterprises10 rp b2brc,47:09.9,04-07-2026 20:20,09-07-2026,`DCGN-6830/26-27,"BUNDELKHAND SOLAR STRUCTURE & INFRASTRU., BUNDELKHAND SOLAR STRUCTURE & INFRASTRU.",Noida,Jhansi,fujiyama power system (panel),,284001,1,09-07-2026,09-07-2026,Jhansi_Nandanpura_I (Uttar Pradesh),10-07-2026 19:07,Delivered,Delivered,Delivered to Consignee,09-07-2026,09-07-2026 15:52,Pre-paid,5.43766E+13,Clean POD | As per POD audit,,,,55:52.5,27196,27.5,52:34.2,52:34.2,1,,B,Forward Shipment,302580087,Uttar Pradesh
311105856,B111001390239802-5557297,2,pbsenterprises10 rp b2brc,13:46.0,04-07-2026 18:03,08-07-2026,`815,"KABRA EXTRUSION TECHNIK LTDBATTRIXX , KABRA EXTRUSION TECHNIK LTDBATTRIXX",Loni,Pune,jai mata di auto-loni,,410501,1,11-07-2026,11-07-2026,Pune_Bhamboli_L (Maharashtra),12-07-2026 21:04,Delivered,Delivered,Delivered to Consignee,08-07-2026,11-07-2026 17:59,Pre-paid,5.43766E+13,Clean POD | As per POD audit,,,,02:52.2,49000,20.42,59:17.8,59:17.8,1,,B,Forward Shipment,302732077,Maharashtra
311061034,DIGITAL BHARAT,4,pbsenterprises10 rp b2brc,52:12.8,04-07-2026 20:06,13-07-2026,`382,"Tiranga Autotech India Private, .",Robertsganj,Kudus,digital bharat,,421303,3,15-07-2026,18-07-2026,Kudus_Shele_D (Maharashtra),18-07-2026 19:53,Delivered,Delivered,Delivered to Consignee,10-07-2026,18-07-2026 16:03,Pre-paid,5.43766E+13,Clean POD | As per POD audit,,,,09:24.9,48000,31.24,36:57.3,03:48.2,2,,D2,Forward Shipment,302517745,Maharashtra
311061581,SAFELI,3,pbsenterprises10 rp b2brc,57:50.4,04-07-2026 17:00,09-07-2026,`433,"KAKKAR SMART ENERGY VENTURES LLP, KAKKAR SMART ENERGY VENTURES LLP",Hajipur,Sonipat,safeli m/s singh traders,,131028,1,11-07-2026,11-07-2026,Sonipat_Sector42_P (Haryana),13-07-2026 15:31,Delivered,Delivered,Delivered to Consignee,09-07-2026,11-07-2026 13:52,Pre-paid,5.43766E+13,Clean POD | As per POD audit,,,,22:35.9,15000,55.21,52:18.4,52:18.4,1,,D1,Forward Shipment,302730919,Haryana
312818943,B221005650_120738,2,pbsenterprises10 rp b2brc,35:39.9,05-08-2026 15:48,08-08-2026,`11,"KABRA EXTRUSION TECHNIK-GURUGRAM , KABRA EXTRUSION TECHNIK-GURUGRAM",Kota,Gurgaon,amyush technco solultion pvt. ltd (kab),,122004,1,10-08-2026,10-08-2026,Gurgaon_Sihi_L (Haryana),11-08-2026 17:53,Delivered,Delivered,Delivered to Consignee,08-08-2026,10-08-2026 21:26,Pre-paid,5.43766E+13,LM POD document uploaded,,,,15:13.4,48999,14.64,26:17.3,26:17.3,1,,D1,Forward Shipment,310598990,Haryana
312953634,B112004420_120070,4,pbsenterprises10 rp b2brc,53:21.8,07-08-2026 13:17,11-08-2026,`DC/UEPL/BLR300,"KABRA EXTRUSION TECHNIK LTDBATTRIXX , KABRA EXTRUSION TECHNIK LTDBATTRIXX",Bangalore,Pune,battery smart bangalore-wh0025,,410501,1,10-08-2026,10-08-2026,Pune_Bhamboli_L (Maharashtra),11-08-2026 16:06,Delivered,Delivered,Delivered to Consignee,11-08-2026,10-08-2026 18:55,Pre-paid,5.43766E+13,Clean POD | As per POD audit,,,,12:42.3,60003,21.28,55:59.9,55:59.9,1,,C1,Forward Shipment,311080500,Maharashtra
311862063,SAFELI,2,pbsenterprises10 rp b2brc,13:50.6,21-07-2026 12:36,24-07-2026,`45,"KAKKAR SMART ENERGY VENTURES LLP, KAKKAR SMART ENERGY VENTURES LLP",Pratapgarh,Sonipat,safeli sk enterprises,,131028,1,27-07-2026,27-07-2026,Sonipat_Sector42_P (Haryana),29-07-2026 10:16,Delivered,Delivered,Delivered to Consignee,24-07-2026,27-07-2026 14:51,Pre-paid,5.43766E+13,Clean POD | As per POD audit,,,,33:46.6,15000,50.62,51:24.0,51:24.0,1,,D1,Forward Shipment,FMINC_ba2e6c42-84d2-11f1-a51c-2125da1445cb,Haryana
311865291,A48281E24E04102-5559796,2,pbsenterprises10 rp b2brc,49:40.5,20-07-2026 13:54,25-07-2026,`690,"JALARAM LITHIUM BATTERY-AMPERE, JALARAM LITHIUM BATTERY-AMPERE",Bhavnagar,Bavla,national battery-bhav nagar,,382213,2,23-07-2026,30-07-2026,Bavla_Rajoda_D (Gujarat),31-07-2026 12:49,Delivered,Delivered,Delivered to Consignee,23-07-2026,30-07-2026 17:27,Pre-paid,5.43766E+13,Clean POD | As per POD audit,,,,36:19.4,49000,2.63,17:00.3,27:26.6,2,,B,Forward Shipment,306249897,Gujarat
311877604,B111001390215859-5558894,2,pbsenterprises10 rp b2brc,07:09.5,20-07-2026 15:59,25-07-2026,`966,"KABRA EXTRUSION TECHNIK LTDBATTRIXX , KABRA EXTRUSION TECHNIK LTDBATTRIXX",Bhubaneshwar,Pune,pmg motor,,410501,1,25-07-2026,25-07-2026,Pune_Bhamboli_L (Maharashtra),26-07-2026 08:51,Delivered,Delivered,Delivered to Consignee,25-07-2026,25-07-2026 21:00,Pre-paid,5.43766E+13,Clean POD | As per POD audit,,,,40:31.5,49000,20.38,00:50.6,00:50.6,1,,D2,Forward Shipment,306638826,Maharashtra
311050861,A48281E24F04167-5556566,2,pbsenterprises10 rp b2brc,45:38.9,03-07-2026 17:58,06-07-2026,`953,"KAMAL LAXMI INDUSTRIES-AMPERE, KAMAL LAXMI INDUSTRIES-AMPERE",Durg,Raipur,ashutosh electricals,,492015,1,09-07-2026,09-07-2026,Raipur_Devpuri_L (Chhattisgarh),10-07-2026 15:19,Delivered,Delivered,Delivered to Consignee,06-07-2026,09-07-2026 16:33,Pre-paid,5.43766E+13,Clean POD | As per POD audit,,,,38:45.2,49000,10.28,33:20.8,33:20.8,1,,B,Forward Shipment,302488070,Chhattisgarh
311445192,DCGN-7363/26-27,2,pbsenterprises10 rp b2brc,38:07.1,13-07-2026 17:56,18-07-2026,`DCGN-7363/26-27,"S.S.B.POWERS, .",Noida,Kota,fujiyama power system (panel),,324005,1,22-07-2026,22-07-2026,Kota_IndustrialArea_H (Rajasthan),24-07-2026 17:15,Delivered,Delivered,Delivered to Consignee,18-07-2026,22-07-2026 20:50,Pre-paid,5.43766E+13,Clean POD | As per POD audit,,,,52:13.5,120594,118.5,51:05.8,51:05.8,1,,D1,Forward Shipment,304847002,Rajasthan
310960552,B111001390-253509-5556979,3,pbsenterprises10 rp b2brc,20:15.8,02-07-2026 19:49,07-07-2026,`1,"KABRA EXTRUSION TECHNIK LTDBATTRIXX , KABRA EXTRUSION TECHNIK LTDBATTRIXX",Baloda Bazar,Pune,narayan energies,,410501,1,09-07-2026,09-07-2026,Pune_Bhamboli_L (Maharashtra),10-07-2026 15:37,Delivered,Delivered,Delivered to Consignee,07-07-2026,09-07-2026 16:58,Pre-paid,5.43766E+13,Clean POD | As per POD audit,,,,09:31.5,47000,20.4,58:59.3,58:59.3,1,,D1,Forward Shipment,302049602,Maharashtra
312756616,B111001930181030-5561825,3,pbsenterprises10 rp b2brc,22:10.2,04-08-2026 15:34,07-08-2026,`1,"JALARAM LITHIUM BATTERY-AMPERE, JALARAM LITHIUM BATTERY-AMPERE",Nagpur,Ahmedabad,alf electric vehicle private limited,,382213,1,07-08-2026,07-08-2026,Ahmedabad_Sanathal_L (Gujarat),08-08-2026 17:52,Delivered,Delivered,Delivered to Consignee,07-08-2026,07-08-2026 15:44,Pre-paid,5.43766E+13,Clean POD | As per POD audit,,,,41:39.2,49000,16.79,44:56.8,44:56.8,1,,D1,Forward Shipment,310275406,Gujarat
312438253,B111001390197937,6,pbsenterprises10 rp b2brc,42:17.3,30-07-2026 12:27,03-08-2026,`84565,"KABRA EXTRUSION TECHNIK LTDBATTRIXX , KABRA EXTRUSION TECHNIK LTDBATTRIXX",Hyderabad,Pune,cygni energy private limited,,410501,1,06-08-2026,06-08-2026,Pune_Bhamboli_L (Maharashtra),08-08-2026 21:39,Delivered,Delivered,Delivered to Consignee,03-08-2026,07-08-2026 19:43,Pre-paid,5.43766E+13,Clean POD | As per POD audit,,,,42:42.8,48999,16.98,43:19.3,43:19.3,1,,D1,Forward Shipment,309170702,Maharashtra
311133324,DCGN-6815/26-27,2,pbsenterprises10 rp b2brc,14:23.7,04-07-2026 20:20,08-07-2026,`DCGN-6815/26-27,"RHP SOLAR SYSTEMS, RHP SOLAR SYSTEMS",Noida,Ludhiana,fujiyama power system (panel),,141001,1,09-07-2026,09-07-2026,Ludhiana_Barmalipur_H (Punjab),10-07-2026 16:40,Delivered,Delivered,Delivered to Consignee,08-07-2026,09-07-2026 13:06,Pre-paid,5.43766E+13,Clean POD | As per POD audit,,,,10:54.2,41463,49.5,07:01.3,07:01.3,1,,B,Forward Shipment,302580087,Punjab
312476969,B1_51105_B_126889,3,pbsenterprises10 rp b2brc,53:08.3,29-07-2026 15:08,03-08-2026,`UEPIND238,"KABRA EXTRUSIONTECHNIK LTD, KABRA EXTRUSIONTECHNIK LTD",Indore,Gurgaon,upgrid wh0090 indore,,122004,1,01-08-2026,01-08-2026,Gurgaon_Sihi_L (Haryana),01-08-2026 21:41,Delivered,Delivered,Delivered to Consignee,03-08-2026,01-08-2026 18:10,Pre-paid,5.43766E+13,Clean POD | As per POD audit,,,,37:51.5,40002,51.3,10:42.6,10:42.6,1,,D1,Forward Shipment,308946703,Haryana
311956656,B111001390247365-5559282,2,pbsenterprises10 rp b2brc,51:18.3,21-07-2026 14:51,24-07-2026,`1,"KABRA EXTRUSION TECHNIK LTDBATTRIXX , KABRA EXTRUSION TECHNIK LTDBATTRIXX",Nagpur,Pune,alf electric vehicle private limited,,410501,1,25-07-2026,25-07-2026,Pune_Bhamboli_L (Maharashtra),26-07-2026 08:52,Delivered,Delivered,Delivered to Consignee,24-07-2026,25-07-2026 21:01,Pre-paid,5.43766E+13,Clean POD | As per POD audit,,,,28:51.7,49000,20.08,01:42.4,01:42.4,1,,D1,Forward Shipment,306912049,Maharashtra
312668828,SAFELI,2,pbsenterprises10 rp b2brc,22:26.7,01-08-2026 21:13,06-08-2026,`026,", Kakkar smart energy ventures LLP",Raxaul,Sonipat,safeli rajpari electric vechile,,131028,1,08-08-2026,08-08-2026,Sonipat_Sector42_P (Haryana),10-08-2026 15:10,Delivered,Delivered,Delivered to Consignee,06-08-2026,08-08-2026 16:04,Pre-paid,5.43766E+13,Clean POD | As per POD audit,,,,43:09.4,45000,52,04:50.5,04:50.5,1,,D1,Forward Shipment,309746185,Haryana
313088845,584,2,pbsenterprises10 rp b2brc,39:06.8,10-08-2026 19:39,14-08-2026,`UEPL/PPT/584,KABRA EXTRUSIONTECHNIK LIMITED,Panipat,Gurgaon,upgrid wh0156,,122004,0,,,Gurgaon_Tauru_GW (Haryana),11-08-2026 19:01,In Transit,Undelivered,Consignment Dispatched from Origin City,14-08-2026,,Pre-paid,5.43766E+13,,,,,,20001,50.99,,,,,B,Forward Shipment,311698837,Haryana
313195028,B111001390_121811,2,pbsenterprises10 rp b2brc,24:41.0,,,`502,"Karo Sambhav Private Limited, Karo Sambhav Private Limited",Salem,Delhi,oxygen energy enterprises ampere,,110094,0,,,Salem_Ramalingapuram_H (Tamil Nadu),12-08-2026 12:24,Manifested,Undelivered,Consignment Manifested,,,Pre-paid,5.43766E+13,,,,,,49000,20,,,,,D2,Forward Shipment,,Delhi
312323113,B111001390220287-5560437,2,pbsenterprises10 rp b2brc,15:29.8,27-07-2026 14:38,30-07-2026,`1,"KABRA EXTRUSION TECHNIK LTDBATTRIXX , KABRA EXTRUSION TECHNIK LTDBATTRIXX",Ahmedabad,Pune,arke omnitrade,,410501,1,31-07-2026,31-07-2026,Pune_Bhamboli_L (Maharashtra),01-08-2026 21:40,Delivered,Delivered,Delivered to Consignee,30-07-2026,31-07-2026 16:32,Pre-paid,5.43766E+13,Clean POD | As per POD audit,,,,23:57.7,49000,19.97,32:54.4,32:54.4,1,,C1,Forward Shipment,308348629,Maharashtra
311674924,B1_51105_B_126865,3,pbsenterprises10 rp b2brc,50:59.1,15-07-2026 16:45,20-07-2026,`DC/UEPL/MOZ/521,"KABRA EXTRUSIONTECHNIK LTD, KABRA EXTRUSIONTECHNIK LTD",Muzaffarnagar,Gurgaon,upgrid muzaffarnagar wh0019,,122004,1,21-07-2026,21-07-2026,Gurgaon_Sihi_L (Haryana),22-07-2026 18:19,Delivered,Delivered,Delivered to Consignee,20-07-2026,21-07-2026 20:27,Pre-paid,5.43766E+13,Clean POD | As per POD audit,,,,46:16.1,40002,48.5,28:02.7,28:02.7,1,,B,Forward Shipment,305441876,Haryana
311476622,SAFELI,2,pbsenterprises10 rp b2brc,09:16.2,13-07-2026 16:34,16-07-2026,`32,"KAKKAR SMART ENERGY VENTURES LLP, KAKKAR SMART ENERGY VENTURES LLP",Lucknow,Sonipat,safeli rego enterprise,,131028,1,17-07-2026,17-07-2026,Sonipat_Sector42_P (Haryana),18-07-2026 19:47,Delivered,Delivered,Delivered to Consignee,16-07-2026,17-07-2026 17:51,Pre-paid,5.43766E+13,Clean POD | As per POD audit,,,,22:00.6,15000,52.2,51:53.5,51:53.5,1,,D1,Forward Shipment,304877537,Haryana
312001829,Bounce,2,pbsenterprises10 rp b2brc,38:19.9,21-07-2026 14:14,23-07-2026,`02,"Clean Electric Private Limited, .",Pune,Pune,bounce infinity ev workshop,,410501,1,25-07-2026,25-07-2026,Pune_Bhamboli_L (Maharashtra),25-07-2026 16:15,Delivered,Delivered,Delivered to Consignee,23-07-2026,25-07-2026 16:15,Pre-paid,5.43766E+13,Contactless Delivery -  Geofence verified,,,,45:45.2,45000,16,15:41.5,15:41.5,1,,A,Forward Shipment,306913596,Maharashtra
311696474,B111001390211834-5559324,2,pbsenterprises10 rp b2brc,44:11.9,16-07-2026 20:36,21-07-2026,`783,"KABRA EXTRUSION TECHNIK LTDBATTRIXX , KABRA EXTRUSION TECHNIK LTDBATTRIXX",Selu,Pune,amarnath motors,,410501,1,21-07-2026,21-07-2026,Pune_Bhamboli_L (Maharashtra),22-07-2026 17:07,Delivered,Delivered,Delivered to Consignee,21-07-2026,21-07-2026 17:42,Pre-paid,5.43766E+13,Clean POD | As per POD audit,,,,26:09.1,49000,21.14,42:42.8,42:42.8,1,,B,Forward Shipment,305500870,Maharashtra
311054561,B112004420_125187,6,pbsenterprises10 rp b2brc,30:05.6,03-07-2026 17:06,10-07-2026,`DC/UEPL/LKO/1662,"KABRA EXTRUSION TECHNIK LTDBATTRIXX , KABRA EXTRUSION TECHNIK LTDBATTRIXX",Lucknow,Pune,upgrid wh0105 lucknow,,410501,1,11-07-2026,11-07-2026,Pune_Bhamboli_L (Maharashtra),13-07-2026 13:09,Delivered,Delivered,Delivered to Consignee,10-07-2026,11-07-2026 18:00,Pre-paid,5.43766E+13,Clean POD | As per POD audit,,,,15:11.6,100005,20.44,00:37.6,00:37.6,1,,D2,Forward Shipment,302498101,Maharashtra
311693591,B112004450_129503,9,pbsenterprises10 rp b2brc,14:13.6,15-07-2026 17:16,18-07-2026,`DC/UEPL/LKO/1700,"KABRA EXTRUSIONTECHNIK LTD, KABRA EXTRUSIONTECHNIK LTD",Lucknow,Gurgaon,upgrid wh0105 lucknow,,122004,1,18-07-2026,18-07-2026,Gurgaon_Sihi_L (Haryana),21-07-2026 17:06,Delivered,Delivered,Delivered to Consignee,18-07-2026,18-07-2026 12:49,Pre-paid,5.43766E+13,Clean POD | As per POD audit,,,,21:30.8,160008,19.92,49:33.0,49:33.0,1,,D1,Forward Shipment,305179238,Haryana
311671001,B1_51105_B_129453,3,pbsenterprises10 rp b2brc,01:41.9,16-07-2026 19:55,20-07-2026,`DC/UEPL/STP/449,"KABRA EXTRUSION TECHNIK-GURUGRAM , KABRA EXTRUSION TECHNIK-GURUGRAM",Sitapur,Gurgaon,upgrid sitapur wh0021,,122004,1,21-07-2026,21-07-2026,Gurgaon_Sihi_L (Haryana),22-07-2026 18:19,Delivered,Delivered,Delivered to Consignee,20-07-2026,21-07-2026 20:22,Pre-paid,5.43766E+13,Clean POD | As per POD audit,,,,33:22.6,54162,51.32,22:39.2,22:39.2,1,,B,Forward Shipment,305659930,Haryana
310964592,FUJIYAMA-6562,2,pbsenterprises10 rp b2brc,18:48.0,02-07-2026 18:48,10-07-2026,`DCGN-6562/26-27,"MALATHI ENTERPRISES, .",Noida,Chiramanangad,fujiyama power system (panel),,680519,1,10-07-2026,10-07-2026,Chiramanangad_Akathiyor_D (Kerala),11-07-2026 18:39,Delivered,Delivered,Delivered to Consignee,10-07-2026,10-07-2026 19:01,Pre-paid,5.43766E+13,Clean POD | As per POD audit,,,,30:21.7,20873,27.56,01:25.6,01:25.6,1,,D2,Forward Shipment,302046695,Kerala
311434977,DCGN-7392/26-27,2,pbsenterprises10 rp b2brc,54:57.8,11-07-2026 15:38,18-07-2026,`DCGN-7392/26-27,"Tigers Electronics, .",Noida,Tirunelveli,fujiyama power system (panel),,627005,1,18-07-2026,18-07-2026,Tirunelveli_Krishnapuram_H (Tamil Nadu),18-07-2026 19:48,Delivered,Delivered,Delivered to Consignee,18-07-2026,18-07-2026 13:03,Pre-paid,5.43766E+13,Clean POD | As per POD audit,,,,37:48.2,46954,50.09,03:11.8,03:11.8,1,,D2,Forward Shipment,304522398,Tamil Nadu
312607495,TK-5145-07HY-C-026930,2,pbsenterprises10 rp b2brc,34:12.6,31-07-2026 18:01,06-08-2026,`82219,", Trontek Electronics limited",Hyderabad,Delhi,cygni energy private limited,,110028,1,04-08-2026,04-08-2026,Delhi_Mayapuri_L (Delhi),06-08-2026 14:42,Delivered,Delivered,Delivered to Consignee,06-08-2026,04-08-2026 20:46,Pre-paid,5.43766E+13,Clean POD | As per POD audit,,,,05:05.4,49000,20.32,46:47.4,46:47.4,1,,D2,Forward Shipment,309487326,Delhi
311142521,B111001390_188772  5550926,3,pbsenterprises10 rp b2brc,20:52.7,08-07-2026 20:50,14-07-2026,`1014,"SHRI SHYAM AUTO ELECTRIC , SHRI SHYAM AUTO ELECTRIC",Raipur,Jhabua,kamal laxami ampere brc,,457661,2,13-07-2026,15-07-2026,Jhabua_Mojipada_D (Madhya Pradesh),15-07-2026 12:09,Delivered,Delivered,Delivered to Consignee,13-07-2026,15-07-2026 12:09,Pre-paid,5.43766E+13,Contactless Delivery -  Geofence verified,,,,04:47.4,49000,16.78,27:15.1,09:52.8,2,,D1,Forward Shipment,303467829,Madhya Pradesh
311646012,B111001390242537-5559007,3,pbsenterprises10 rp b2brc,50:49.9,15-07-2026 13:35,20-07-2026,`892,"KABRA EXTRUSION TECHNIK LTDBATTRIXX , KABRA EXTRUSION TECHNIK LTDBATTRIXX",Latur,Pune,bidve motors pvt ltd,,410501,1,21-07-2026,21-07-2026,Pune_Bhamboli_L (Maharashtra),22-07-2026 18:18,Delivered,Delivered,Delivered to Consignee,20-07-2026,21-07-2026 17:43,Pre-paid,5.43766E+13,Clean POD | As per POD audit,,,,11:04.6,49000,20.78,43:43.8,43:43.8,1,,B,Forward Shipment,305258147,Maharashtra
312068004,Supreme,21,pbsenterprises10 rp b2brc,10:53.0,22-07-2026 17:38,29-07-2026,`SLE/26-27/00258,"Energy power solutions lithium battery service, .",Noida,Sankarapuram,supreme noida ps,,606213,1,30-07-2026,30-07-2026,Sankarapuram_Vdasiruvlr_D (Tamil Nadu),30-07-2026 12:40,Delivered,Delivered,Delivered to Consignee,28-07-2026,30-07-2026 12:40,Pre-paid,5.43766E+13,Contactless Delivery -  Geofence NA,,,,19:16.9,349534,14.59,40:50.2,40:50.2,1,,D2,Forward Shipment,307181601,Tamil Nadu
311050546,B1_51105_B_124809,2,pbsenterprises10 rp b2brc,42:17.3,13-07-2026 16:17,17-07-2026,`UEPIND219,"KABRA EXTRUSION TECHNIK LTDBATTRIXX , KABRA EXTRUSION TECHNIK LTDBATTRIXX",Indore,Pune,upgrid wh0090 indore,,410501,1,21-07-2026,21-07-2026,Pune_Bhamboli_L (Maharashtra),22-07-2026 18:17,Delivered,Delivered,Delivered to Consignee,17-07-2026,21-07-2026 17:40,Pre-paid,5.43766E+13,Clean POD | As per POD audit,,,,37:44.1,20001,50.9,40:50.1,40:50.1,1,,D1,Forward Shipment,304898113,Maharashtra
311563682,B111001390240608-5558365,3,pbsenterprises10 rp b2brc,15:31.7,18-07-2026 20:58,23-07-2026,`41,"KABRA EXTRUSION TECHNIK LTDBATTRIXX , KABRA EXTRUSION TECHNIK LTDBATTRIXX",Baloda Bazar,Pune,narayan energies,,410501,1,24-07-2026,24-07-2026,Pune_Bhamboli_L (Maharashtra),25-07-2026 14:50,Delivered,Delivered,Delivered to Consignee,23-07-2026,24-07-2026 18:59,Pre-paid,5.43766E+13,Clean POD | As per POD audit,,,,12:05.3,47000,19.92,59:59.4,59:59.4,1,,D1,Forward Shipment,306027798,Maharashtra
312063428,Bounce,2,pbsenterprises10 rp b2brc,17:56.2,22-07-2026 17:46,25-07-2026,`DC140,"Exicom Tele-Systems Limited, Exicom Tele-Systems Limited",Nanded,Bangalore,bounce mahesh enterprises,,560065,1,27-07-2026,27-07-2026,Bangalore_Bettahalsoor_L (Karnataka),28-07-2026 20:09,Delivered,Delivered,Delivered to Consignee,25-07-2026,27-07-2026 20:46,Pre-paid,5.43766E+13,1 boxes damaged | As per POD audit,,,,16:36.1,30000,12.86,46:47.8,46:47.8,1,,D1,Forward Shipment,307179065,Karnataka
311798953,SAFELI,3,pbsenterprises10 rp b2brc,27:12.8,17-07-2026 13:54,21-07-2026,`555,"KAKKAR SMART ENERGY VENTURES LLP, ASSAM KAKKAR SMART ENERGY VENTURES LLP",Baharampur,Guwahati,safeli rahul automobile b2b,,781035,1,21-07-2026,21-07-2026,Guwahati_Kaikchi1_L (Assam),23-07-2026 11:54,Delivered,Delivered,Delivered to Consignee,21-07-2026,21-07-2026 16:23,Pre-paid,5.43766E+13,Clean POD | As per POD audit,,,,54:25.1,30000,50.2,23:43.6,23:43.6,1,,E,Forward Shipment,305967525,Assam
311940548,DCGN-8160/26-27,2,pbsenterprises10 rp b2brc,59:34.8,20-07-2026 18:36,27-07-2026,`DCGN-8160/26-27,"BRAND CONCEPTS , .",Noida,Banka,fujiyama power system (panel),,813102,1,25-07-2026,25-07-2026,Banka_Jagatpur_D (Bihar),25-07-2026 19:52,Delivered,Delivered,Delivered to Consignee,27-07-2026,25-07-2026 19:52,Pre-paid,5.43766E+13,Contactless Delivery -  Geofence not verified,,,,00:39.7,37779,51.2,52:17.4,52:17.4,1,,D1,Forward Shipment,306596899,Bihar
312469887,Bounce,3,pbsenterprises10 rp b2brc,39:32.4,30-07-2026 12:02,03-08-2026,`D/26-27/154,"Wadiyar EV Motors Pvt Ltd, .",Bangalore,Mysore,bounce exicom energy systems private limited bangalore,,570023,2,01-08-2026,03-08-2026,Mysore_Hebbalestate_H (Karnataka),04-08-2026 11:36,Delivered,Delivered,Delivered to Consignee,03-08-2026,03-08-2026 15:53,Pre-paid,5.43766E+13,Clean POD | As per POD audit,,,,56:01.7,49000,12.62,06:55.7,53:49.4,2,,B,Forward Shipment,309172052,Karnataka
311863157,SAFELI,2,pbsenterprises10 rp b2brc,24:37.1,18-07-2026 15:12,23-07-2026,`56,"KAKKAR SMART ENERGY VENTURES LLP, KAKKAR SMART ENERGY VENTURES LLP",Purnia,Sonipat,safeli laxmi enterprise,,131028,1,22-07-2026,22-07-2026,Sonipat_Sector42_P (Haryana),24-07-2026 10:21,Delivered,Delivered,Delivered to Consignee,23-07-2026,22-07-2026 14:54,Pre-paid,5.43766E+13,Clean POD | As per POD audit,,,,55:01.4,15000,57.76,54:48.5,54:48.5,1,,D1,Forward Shipment,306228085,Haryana
312283860,DCGN-8781/26-27,2,pbsenterprises10 rp b2brc,55:18.7,25-07-2026 19:47,30-07-2026,`DCGN-8781/26-27,"RAM SOLAR ENERGY, .",Noida,Jaunpur,fujiyama power system (panel),,222002,1,30-07-2026,30-07-2026,Jaunpur_Chachakpur_D (Uttar Pradesh),31-07-2026 12:33,Delivered,Delivered,Delivered to Consignee,29-07-2026,30-07-2026 15:11,Pre-paid,5.43766E+13,Clean POD | As per POD audit,,,,23:18.9,113024,115,12:02.7,12:02.7,1,,D1,Forward Shipment,307942843,Uttar Pradesh
311268238,B1_51105_S_120298,3,pbsenterprises10 rp b2brc,33:02.6,10-07-2026 15:27,14-07-2026,`UEPIND223,"KABRA EXTRUSION TECHNIK LTDBATTRIXX , KABRA EXTRUSION TECHNIK LTDBATTRIXX",Indore,Pune,upgrid wh0090 indore,,410501,2,14-07-2026,15-07-2026,Pune_Bhamboli_L (Maharashtra),16-07-2026 19:38,Delivered,Delivered,Delivered to Consignee,14-07-2026,15-07-2026 13:43,Pre-paid,5.43766E+13,Clean POD | As per POD audit,,,,51:07.9,40002,51.06,43:46.3,43:46.3,1,,D1,Forward Shipment,303981752,Maharashtra
310946656,B60382B22L04107 B111001390184833 5489452  5494302,3,pbsenterprises10 rp b2brc,05:54.3,06-07-2026 17:32,10-07-2026,`006/26-27,"SONITH MOTORS, SONITH MOTORS",Ahmedabad,Palghar,jalaram lithium battery ampere b2b,,401506,1,10-07-2026,10-07-2026,Palghar_VishnuNagar_L (Maharashtra),11-07-2026 15:47,Delivered,Delivered,Delivered to Consignee,10-07-2026,10-07-2026 19:05,Pre-paid,5.43766E+13,Clean POD | As per POD audit,,,,37:51.9,47200,13.58,05:27.6,05:27.6,1,,B,Forward Shipment,303158792,Maharashtra
311352935,B111001390239555-5558187,4,pbsenterprises10 rp b2brc,34:34.7,09-07-2026 15:59,15-07-2026,`679,"KABRA EXTRUSION TECHNIK LTDBATTRIXX , KABRA EXTRUSION TECHNIK LTDBATTRIXX",Kota,Pune,sr wheels-kota,,410501,2,14-07-2026,15-07-2026,Pune_Bhamboli_L (Maharashtra),16-07-2026 16:57,Delivered,Delivered,Delivered to Consignee,15-07-2026,15-07-2026 13:44,Pre-paid,5.43766E+13,Clean POD | As per POD audit,,,,32:00.5,49000,20.02,44:16.3,44:16.3,1,,D1,Forward Shipment,303955346,Maharashtra
312954968,REDON,2,pbsenterprises10 rp b2brc,09:53.2,,,`447,"REDON LITHIUM BATTERIES LLP, .",Patti,Noida,baba e vehicle,,201308,0,,,Patti_TarnTaran_D (Punjab),07-08-2026 18:52,Manifested,Undelivered,Consignment Manifested,,,Pre-paid,5.43766E+13,,,,,,35000,20,,,,,B,Forward Shipment,,Uttar Pradesh
312677136,"B112004180_130399,B112004180_120348",3,pbsenterprises10 rp b2brc,16:41.7,01-08-2026 17:48,07-08-2026,`DC/UEPL/MZP/251,", KABRA EXTRUSIONTECHNIK LIMITED",Muzaffarpur,Pune,upgrid muzaffarpur - wh0042,,410501,1,10-08-2026,10-08-2026,Pune_Bhamboli_L (Maharashtra),11-08-2026 17:48,Delivered,Delivered,Delivered to Consignee,07-08-2026,10-08-2026 18:58,Pre-paid,5.43766E+13,Clean POD | As per POD audit,,,,21:25.0,40002,20.34,58:53.1,58:53.1,1,,D2,Forward Shipment,309756787,Maharashtra
311323991,B111001390270844-5557782,2,pbsenterprises10 rp b2brc,04:05.0,10-07-2026 18:33,14-07-2026,`817,"KABRA EXTRUSION TECHNIK LTDBATTRIXX , KABRA EXTRUSION TECHNIK LTDBATTRIXX",Loni,Pune,jai mata di auto-loni,,410501,1,15-07-2026,15-07-2026,Pune_Bhamboli_L (Maharashtra),16-07-2026 19:39,Delivered,Delivered,Delivered to Consignee,14-07-2026,15-07-2026 13:42,Pre-paid,5.43766E+13,Clean POD | As per POD audit,,,,08:57.0,49000,20.35,42:50.8,42:50.8,1,,B,Forward Shipment,304209031,Maharashtra
312865950,VANSHIKA MOTORS,2,pbsenterprises10 rp b2brc,36:24.2,06-08-2026 15:20,11-08-2026,`890,"MAA AMBIKA ENTERPRISES, MAA AMBIKA ENTERPRISES",Jharsuguda,Baripada,vanshika motors,,757001,1,11-08-2026,11-08-2026,Baripada_Takatpur_D (Orissa),11-08-2026 18:43,Delivered,Delivered,Delivered to Consignee,11-08-2026,11-08-2026 18:43,Pre-paid,5.43766E+13,Geofence not verified,,,,11:06.1,49000,22.38,43:37.7,43:37.7,1,,B,Forward Shipment,311052083,Orissa
311215169,12,2,pbsenterprises10 rp b2brc,56:40.9,06-07-2026 20:56,13-07-2026,`12,"ss, rama",Khagaria,Sonipat,safeli vaishnavi traders b2b,,131028,1,11-07-2026,11-07-2026,Sonipat_Sector42_P (Haryana),13-07-2026 14:52,Delivered,Delivered,Delivered to Consignee,13-07-2026,11-07-2026 13:48,Pre-paid,5.43766E+13,Clean POD | As per POD audit,,,,18:44.6,45000,56.4,48:51.3,48:51.3,1,,D1,Forward Shipment,303154407,Haryana
311255530,B111001390201790-5557582,2,pbsenterprises10 rp b2brc,05:54.4,08-07-2026 13:07,13-07-2026,`167,"KABRA EXTRUSION TECHNIK LTDBATTRIXX , KABRA EXTRUSION TECHNIK LTDBATTRIXX",Jalgaon,Pune,kalpana motors,,410501,1,16-07-2026,16-07-2026,Pune_Bhamboli_L (Maharashtra),18-07-2026 09:59,Delivered,Delivered,Delivered to Consignee,13-07-2026,16-07-2026 18:18,Pre-paid,5.43766E+13,Clean POD | As per POD audit,,,,55:41.0,40000,20.06,18:36.1,18:36.1,1,,B,Forward Shipment,303464357,Maharashtra
312541988,B121004760_120301,2,pbsenterprises10 rp b2brc,47:09.8,30-07-2026 15:44,04-08-2026,`11,"KABRA EXTRUSIONTECHNIK LTD, KABRA EXTRUSIONTECHNIK LTD",Raipur,Gurgaon,shubh marketing (kab),,122004,1,04-08-2026,04-08-2026,Gurgaon_Sihi_L (Haryana),06-08-2026 14:32,Delivered,Delivered,Delivered to Consignee,04-08-2026,04-08-2026 16:14,Pre-paid,5.43766E+13,Clean POD | As per POD audit,,,,53:14.7,48000,49.8,14:45.3,14:45.3,1,,D1,Forward Shipment,308994089,Haryana
311418694,drive volts,2,pbsenterprises10 rp b2brc,05:09.3,11-07-2026 16:04,17-07-2026,`115,"0, Drive Volts Private Limited",Raipur,Dehradun,om mobility,,248011,1,16-07-2026,16-07-2026,Dehradun_Temp_L (Uttarakhand),16-07-2026 15:50,Delivered,Delivered,Delivered to Consignee,17-07-2026,16-07-2026 15:50,Pre-paid,5.43766E+13,Contactless Delivery -  Geofence verified,,,,12:13.5,49500,12.76,50:14.4,50:14.4,1,,D1,Forward Shipment,304242103,Uttarakhand
312866962,DCGN-9873/26-27,2,pbsenterprises10 rp b2brc,48:39.3,07-08-2026 19:33,14-08-2026,`DCGN-9873/26-27,"AGRI DOSTH, .",Noida,Virudhachalam,fujiyama power system (panel),,606001,0,,,Chennai_Sriperumbudur_GW (Tamil Nadu),12-08-2026 13:02,In Transit,Undelivered,Consignment Dispatched from Origin City,14-08-2026,,Pre-paid,5.43766E+13,,,,,,13434.3,61,,,,,D2,Forward Shipment,311278018,Tamil Nadu
311134288,DCGN-6365/26-27,2,pbsenterprises10 rp b2brc,25:27.4,04-07-2026 20:21,14-07-2026,`DCGN-6365/26-27,"AJEET KUMAR, AJEET KUMAR",Noida,Samastipur,fujiyama power system (panel),,848101,1,13-07-2026,13-07-2026,Samastipur_RhmprRdli_D (Bihar),15-07-2026 12:54,Delivered,Delivered,Delivered to Consignee,10-07-2026,13-07-2026 18:41,Pre-paid,5.43766E+13,Clean POD | As per POD audit,,,,00:43.4,35883,45,41:39.7,41:39.7,1,,D1,Forward Shipment,302580087,Bihar
311351449,DCGN-7222/26-27,2,pbsenterprises10 rp b2brc,18:31.5,09-07-2026 18:36,14-07-2026,`DCGN-7222/26-27,"SAYAN ENTERPRISE, .",Noida,Canning,fujiyama power system (panel),,743329,1,13-07-2026,13-07-2026,Canning_Kanthalberia_D (West Bengal),13-07-2026 12:31,Delivered,Delivered,Delivered to Consignee,14-07-2026,13-07-2026 12:31,Pre-paid,5.43766E+13,Contactless Delivery -  Geofence verified,,,,56:15.4,30471,45.5,31:51.6,31:51.6,1,,D2,Forward Shipment,303931375,West Bengal
311129195,B111001390127312  5555269,2,pbsenterprises10 rp b2brc,33:03.5,04-07-2026 20:41,09-07-2026,`1073,"VARIETY MOTORS, VARIETY MOTORS",Raipur,Bhopal,kamal laxami ampere brc,,462008,1,09-07-2026,09-07-2026,Bhopal_Pipaliya_H (Madhya Pradesh),10-07-2026 15:20,Delivered,Delivered,Delivered to Consignee,09-07-2026,09-07-2026 13:43,Pre-paid,5.43766E+13,Clean POD | As per POD audit,,,,25:53.5,49000,17.34,43:51.1,43:51.1,1,,D1,Forward Shipment,302753308,Madhya Pradesh
313014346,A48282B123L05500  5559014,2,pbsenterprises10 rp b2brc,00:10.4,08-08-2026 20:43,12-08-2026,`8789,"Bms e wheels, Bms e wheels",Salem,Bangalore,oxygen energy enterprises ampere,,560073,1,11-08-2026,11-08-2026,Bangalore_Nagasandra_D (Karnataka),11-08-2026 17:18,Delivered,Delivered,Delivered to Consignee,12-08-2026,11-08-2026 17:18,Pre-paid,5.43766E+13,Contactless Delivery -  Geofence verified,,,,29:10.0,49000,7.88,18:50.8,18:50.8,1,,B,Forward Shipment,311620401,Karnataka
311185780,FUJIYAMA-6885,2,pbsenterprises10 rp b2brc,26:51.0,06-07-2026 19:02,13-07-2026,`DCGN-6885/26-27,"HASIM ENTERPRISE, .",Noida,Murarai,fujiyama power system (panel),,731219,1,11-07-2026,11-07-2026,Murarai_Birbhumi_D (West Bengal),13-07-2026 11:40,Delivered,Delivered,Delivered to Consignee,13-07-2026,11-07-2026 19:41,Pre-paid,5.43766E+13,Clean POD | As per POD audit,,,,39:20.8,36475,45.18,41:07.4,41:07.4,1,,D1,Forward Shipment,303127210,West Bengal
311353232,Bounce,2,pbsenterprises10 rp b2brc,37:35.0,09-07-2026 17:18,13-07-2026,`2666,"Clean Electric Private Limited, .",Tiptur,Pune,bounce sri lakshmi motors,,410501,1,15-07-2026,15-07-2026,Pune_Bhamboli_L (Maharashtra),16-07-2026 19:40,Delivered,Delivered,Delivered to Consignee,13-07-2026,15-07-2026 18:30,Pre-paid,5.43766E+13,Clean POD | As per POD audit,,,,37:46.9,45000,15.41,31:05.4,31:05.4,1,,D1,Forward Shipment,303954047,Maharashtra
311799123,SAFELI,2,pbsenterprises10 rp b2brc,29:01.0,17-07-2026 21:50,23-07-2026,`454,"KAKKAR SMART ENERGY VENTURES LLP, KAKKAR SMART ENERGY VENTURES LLP",Samastipur,Sonipat,safeli laloo sharma,,131028,1,21-07-2026,21-07-2026,Sonipat_Sector42_P (Haryana),23-07-2026 22:59,Delivered,Delivered,Delivered to Consignee,23-07-2026,21-07-2026 15:48,Pre-paid,5.43766E+13,Clean POD | As per POD audit,,,,31:26.7,15000,6.29,48:11.1,48:11.1,1,,D1,Forward Shipment,305967722,Haryana
312028750,REDON,4,pbsenterprises10 rp b2brc,32:47.0,24-07-2026 19:03,28-07-2026,`428,"REDON LITHIUM BATTERIES LLP, .",Chunnar,Noida,verma auto sales,,201308,1,29-07-2026,29-07-2026,Noida_Surajpur_L (Uttar Pradesh),31-07-2026 20:35,Delivered,Delivered,Delivered to Consignee,28-07-2026,30-07-2026 09:56,Pre-paid,5.43766E+13,Clean POD | As per POD audit,,,,22:56.9,30000,14.28,56:36.8,56:36.8,1,,D1,Forward Shipment,307537013,Uttar Pradesh
311112053,REDON,2,pbsenterprises10 rp b2brc,23:32.8,06-07-2026 17:14,13-07-2026,`MA/031,"REDON LITHIUM BATTERIES LLP, .",Mangaldoi,Noida,hridayangam enterprise,,201308,1,17-07-2026,17-07-2026,Noida_Surajpur_L (Uttar Pradesh),18-07-2026 10:13,Delivered,Delivered,Delivered to Consignee,13-07-2026,17-07-2026 19:32,Pre-paid,5.43766E+13,Clean POD | As per POD audit,,,,40:53.5,21000,12.32,32:38.9,32:38.9,1,,E,Forward Shipment,303142263,Uttar Pradesh
312295801,B111001390278454-5561173,2,pbsenterprises10 rp b2brc,31:56.7,01-08-2026 21:41,06-08-2026,`41,"KABRA EXTRUSION TECHNIK LTDBATTRIXX , KABRA EXTRUSION TECHNIK LTDBATTRIXX",Baloda Bazar,Pune,narayan energies,,410501,1,08-08-2026,08-08-2026,Pune_Bhamboli_L (Maharashtra),11-08-2026 17:58,Delivered,Delivered,Delivered to Consignee,06-08-2026,10-08-2026 18:57,Pre-paid,5.43766E+13,Clean POD | As per POD audit,,,,53:27.3,47000,20.4,57:19.7,57:19.7,1,,D1,Forward Shipment,309766819,Maharashtra
312535497,SAFELI,2,pbsenterprises10 rp b2brc,44:18.8,30-07-2026 13:00,03-08-2026,`AS-240,"Prafulla E Rikshaw, Prafulla E Rikshaw",Guwahati,Bokakhat,safeli assam kakkar smart energy ventures llp,,785612,1,03-08-2026,03-08-2026,Bokakhat_Latabari_D (Assam),04-08-2026 11:36,Delivered,Delivered,Delivered to Consignee,03-08-2026,03-08-2026 18:17,Pre-paid,5.43766E+13,Clean POD | As per POD audit,,,,16:24.0,7000,3.36,17:59.9,17:59.9,1,,E,Forward Shipment,309191501,Assam
312436956,B111001390255348-5560716,2,pbsenterprises10 rp b2brc,26:09.2,29-07-2026 14:03,05-08-2026,`12,"KABRA EXTRUSION TECHNIK LTDBATTRIXX , KABRA EXTRUSION TECHNIK LTDBATTRIXX",Bikaner,Pune,vinayak e mobility,,410501,0,,,Pune_Bhamboli_L (Maharashtra),11-08-2026 15:07,Pending,Undelivered,Consignment Reached at Destination,05-08-2026,,Pre-paid,5.43766E+13,,,,,39:40.5,6000,20.02,,,,,D1,Forward Shipment,308752850,Maharashtra
310943592,SAFELI,2,pbsenterprises10 rp b2brc,16:48.6,01-07-2026 14:41,06-07-2026,`42,"KAKKAR SMART ENERGY VENTURES LLP, KAKKAR SMART ENERGY VENTURES LLP",Bahadurganj,Sonipat,safeli nf trader,,131028,1,09-07-2026,09-07-2026,Sonipat_Sector42_P (Haryana),10-07-2026 21:31,Delivered,Delivered,Delivered to Consignee,06-07-2026,09-07-2026 13:53,Pre-paid,5.43766E+13,Clean POD | As per POD audit,,,,39:14.4,15000,56.5,53:30.2,53:30.2,1,,D1,Forward Shipment,301988847,Haryana
312271844,B112004420_125397,4,pbsenterprises10 rp b2brc,58:29.5,25-07-2026 16:21,28-07-2026,`DC/UEPL/LKO/803,"KABRA EXTRUSIONTECHNIK LTD, KABRA EXTRUSIONTECHNIK LTD",Lucknow,Gurgaon,upgrid wh0087 lucknow,,122004,1,30-07-2026,30-07-2026,Gurgaon_Sihi_L (Haryana),31-07-2026 12:49,Delivered,Delivered,Delivered to Consignee,28-07-2026,30-07-2026 18:26,Pre-paid,5.43766E+13,Clean POD | As per POD audit,,,,58:56.4,60003,20.92,26:50.9,26:50.9,1,,D1,Forward Shipment,307990131,Haryana
310839442,B111001390273012-5555988,2,pbsenterprises10 rp b2brc,13:43.0,30-06-2026 18:52,06-07-2026,`628,"KABRA EXTRUSION TECHNIK LTDBATTRIXX , KABRA EXTRUSION TECHNIK LTDBATTRIXX",Ganj Basoda,Pune,shri maruti enterprises,,410501,1,07-07-2026,07-07-2026,Pune_Bhamboli_L (Maharashtra),09-07-2026 19:35,Delivered,Delivered,Delivered to Consignee,06-07-2026,08-07-2026 16:52,Pre-paid,5.43766E+13,Clean POD | As per POD audit,,,,20:37.8,49000,20.26,52:26.8,52:26.8,1,,D1,Forward Shipment,301527169,Maharashtra
310944018,SAFELI,2,pbsenterprises10 rp b2brc,21:53.4,08-07-2026 17:16,14-07-2026,`34,"KAKKAR SMART ENERGY VENTURES LLP, KAKKAR SMART ENERGY VENTURES LLP",Madhepura,Sonipat,safeli shiv shankar agro,,131028,1,13-07-2026,13-07-2026,Sonipat_Sector42_P (Haryana),15-07-2026 10:32,Delivered,Delivered,Delivered to Consignee,14-07-2026,13-07-2026 16:57,Pre-paid,5.43766E+13,Clean POD | As per POD audit,,,,23:17.9,15000,47.36,57:29.6,57:29.6,1,,D1,Forward Shipment,303681341,Haryana
310920382,B111001390235316-5556189,2,pbsenterprises10 rp b2brc,00:01.1,01-07-2026 11:28,06-07-2026,`965,"KABRA EXTRUSION TECHNIK LTDBATTRIXX , KABRA EXTRUSION TECHNIK LTDBATTRIXX",Bhubaneshwar,Pune,pmg motor,,410501,1,06-07-2026,06-07-2026,Pune_Bhamboli_L (Maharashtra),07-07-2026 14:00,Delivered,Delivered,Delivered to Consignee,06-07-2026,06-07-2026 17:05,Pre-paid,5.43766E+13,Clean POD | As per POD audit,,,,52:11.1,49000,20.28,05:24.7,05:24.7,1,,D2,Forward Shipment,301819845,Maharashtra
311569661,E2W4830A29250027-5559020,2,pbsenterprises10 rp b2brc,15:27.9,14-07-2026 15:58,20-07-2026,`3,"CYGNI ENERGY PRIVATE LIMITED, CYGNI ENERGY PRIVATE LIMITED",Goa,Hyderabad,smartev solutions llp,,501359,1,18-07-2026,18-07-2026,Hyderabad_Shamshbd_H (Telangana),20-07-2026 13:57,Delivered,Delivered,Delivered to Consignee,20-07-2026,18-07-2026 16:34,Pre-paid,5.43766E+13,Clean POD | As per POD audit,,,,53:23.0,30000,13.04,34:09.8,34:09.8,1,,D1,Forward Shipment,304945659,Telangana
312397744,B111001390251768-5561829,2,pbsenterprises10 rp b2brc,31:44.0,28-07-2026 19:54,04-08-2026,`645,"KABRA EXTRUSION TECHNIK LTDBATTRIXX , KABRA EXTRUSION TECHNIK LTDBATTRIXX",Bulandshahr,Pune,radhika enterprises,,410501,1,07-08-2026,07-08-2026,Pune_Bhamboli_L (Maharashtra),08-08-2026 21:42,Delivered,Delivered,Delivered to Consignee,04-08-2026,07-08-2026 18:19,Pre-paid,5.43766E+13,Clean POD | As per POD audit,,,,39:35.8,49000,12.5,19:43.7,19:43.7,1,,D2,Forward Shipment,308647917,Maharashtra
312690837,B111001390269729-5561929,3,pbsenterprises10 rp b2brc,53:23.0,03-08-2026 13:56,08-08-2026,`1006,"KABRA EXTRUSION TECHNIK LTDBATTRIXX , KABRA EXTRUSION TECHNIK LTDBATTRIXX",Delhi,Pune,benz india pvt ltd,,410501,1,08-08-2026,08-08-2026,Pune_Bhamboli_L (Maharashtra),11-08-2026 17:07,Delivered,Delivered,Delivered to Consignee,08-08-2026,10-08-2026 18:58,Pre-paid,5.43766E+13,Clean POD | As per POD audit,,,,25:52.5,49000,20.66,58:35.3,58:35.3,1,,C2,Forward Shipment,309830123,Maharashtra
312212111,B60381C22F05118 5487875,2,pbsenterprises10 rp b2brc,23:05.0,24-07-2026 19:30,31-07-2026,`Kamal2093,"WE CAN STORE, WE CAN STORE",Abhanpur,Bongaigaon,kamal laxmi industrie ampere b2b,,783380,1,01-08-2026,01-08-2026,Bongaigaon_Chapaguri_I (Assam),01-08-2026 21:33,Delivered,Delivered,Delivered to Consignee,31-07-2026,01-08-2026 14:32,Pre-paid,5.43766E+13,Clean POD | As per POD audit,,,,22:45.1,49000,14.88,32:49.2,32:49.2,1,,E,Forward Shipment,307684135,Assam
310822594,Bonuce,2,pbsenterprises10 rp b2brc,11:43.5,29-06-2026 16:57,02-07-2026,`81,"EXICOM TELE-SYSTEMS LIMITED, .",Mysore,Bangalore,bounce wadiyar ev motors pvt ltd,,560065,1,01-07-2026,01-07-2026,Bangalore_Bettahalsoor_L (Karnataka),02-07-2026 17:20,Delivered,Delivered,Delivered to Consignee,02-07-2026,01-07-2026 15:01,Pre-paid,5.43766E+13,Clean POD | As per POD audit,,,,54:14.9,40000,12.93,01:12.6,01:12.6,1,,B,Forward Shipment,301484544,Karnataka
311173872,FUJIYAMA-6880,2,pbsenterprises10 rp b2brc,17:51.5,06-07-2026 18:59,17-07-2026,`DCGN-6880/26-27,"GALAXY ELECTRONICS , .",Noida,Vadnagar,fujiyama power system (panel),,384315,1,15-07-2026,15-07-2026,Vadnagar_BsstdDPP_D (Gujarat),15-07-2026 18:41,Delivered,Delivered,Delivered to Consignee,13-07-2026,15-07-2026 18:41,Pre-paid,5.43766E+13,Contactless Delivery -  Geofence not verified,,,,25:48.5,11330,67,41:43.2,41:43.2,1,,D1,Forward Shipment,303127210,Gujarat
312575033,DCGN-9318/26-27,2,pbsenterprises10 rp b2brc,29:00.1,31-07-2026 19:55,05-08-2026,`DCGN-9318/26-27,"M/S NEW EXCEL BATTERIES & INVERTER, .",Noida,Bijnor,fujiyama power system (panel),,246701,0,,,Meerut_Panchlikhurd_H (Uttar Pradesh),10-08-2026 19:13,In Transit,Undelivered,Delay due to Disturbance/Strike,04-08-2026,,Pre-paid,5.43766E+13,Due To Kawad Yatra Restrictions,,,,,133367.14,115.5,,,,,B,Forward Shipment,309440961,Uttar Pradesh
312362698,B111001390207619-5557354,2,pbsenterprises10 rp b2brc,38:23.2,28-07-2026 19:56,04-08-2026,`875,"KABRA EXTRUSION TECHNIK LTDBATTRIXX , KABRA EXTRUSION TECHNIK LTDBATTRIXX",Moradabad,Pune,maa rajeshwari enterprises,,410501,1,04-08-2026,04-08-2026,Pune_Bhamboli_L (Maharashtra),05-08-2026 18:24,Delivered,Delivered,Delivered to Consignee,04-08-2026,04-08-2026 16:08,Pre-paid,5.43766E+13,Clean POD | As per POD audit,,,,18:07.7,49000,20.42,08:48.0,08:48.0,1,,D2,Forward Shipment,308448164,Maharashtra
310965419,LITIUM BATTERY CHARGERS 5,2,pbsenterprises10 rp b2brc,31:59.0,04-07-2026 19:44,11-07-2026,`11,"KABRA EXTRUSIONTECHNIK LTD, KABRA EXTRUSIONTECHNIK LTD",Ujjain,Gurgaon,raj batteries sales and services (kab),,122004,5,13-07-2026,27-07-2026,Gurgaon_Hasanpur2_D (Haryana),28-07-2026 15:02,Delivered,Delivered,Delivered to Consignee,10-07-2026,27-07-2026 16:46,Pre-paid,5.43766E+13,Clean POD | As per POD audit,,,,03:29.5,20000,9.78,20:21.8,46:22.1,5,,D1,Forward Shipment,302721153,Haryana
312062780,Bounce,2,pbsenterprises10 rp b2brc,11:19.2,22-07-2026 20:59,28-07-2026,`D/26-27/142,"Mahesh Enterprises, .",Bangalore,Nanded,bounce exicom energy systems private limited bangalore,,431750,1,27-07-2026,27-07-2026,Nanded_Puyni_H (Maharashtra),27-07-2026 14:40,Delivered,Delivered,Delivered to Consignee,28-07-2026,27-07-2026 14:40,Pre-paid,5.43766E+13,Contactless Delivery -  Geofence verified,,,,56:59.5,45000,13.64,40:16.6,40:16.6,1,,D1,Forward Shipment,307176977,Maharashtra
311938265,DCGN-8114/26-27,2,pbsenterprises10 rp b2brc,31:31.0,20-07-2026 18:28,24-07-2026,`DCGN-8114/26-27,"JACKSON POWER SYSTEMS, .",Noida,Jaipur,fujiyama power system (panel),,302012,1,25-07-2026,25-07-2026,Jaipur_VishwakrmIndArea_L (Rajasthan),26-07-2026 08:54,Delivered,Delivered,Delivered to Consignee,24-07-2026,25-07-2026 12:53,Pre-paid,5.43766E+13,Clean POD | As per POD audit,,,,49:33.8,41139,47.5,53:29.5,53:29.5,1,,B,Forward Shipment,306596899,Rajasthan
312202415,B60381H23B17103  5557307,2,pbsenterprises10 rp b2brc,34:45.2,25-07-2026 13:57,27-07-2026,`7799,"SMART BYKES, SMART BYKES",Salem,Coimbatore,oxygen energy enterprises ampere,,641015,1,27-07-2026,27-07-2026,Coimbatore_Pudhupalayam_GW (Tamil Nadu),29-07-2026 12:51,Delivered,Delivered,Delivered to Consignee,27-07-2026,27-07-2026 12:38,Pre-paid,5.43766E+13,Clean POD | As per POD audit,,,,28:25.9,49000,12.15,38:36.9,38:36.9,1,,B,Forward Shipment,307731357,Tamil Nadu
312263419,E2W4830A14250167-5561355,2,pbsenterprises10 rp b2brc,40:53.6,27-07-2026 16:30,01-08-2026,`613,"CYGNI ENERGY PRIVATE LIMITED, CYGNI ENERGY PRIVATE LIMITED",Rajkot,Hyderabad,shivam ev,,501359,2,01-08-2026,03-08-2026,Hyderabad_Shamshbd_H (Telangana),04-08-2026 11:37,Delivered,Delivered,Delivered to Consignee,01-08-2026,03-08-2026 16:30,Pre-paid,5.43766E+13,Clean POD | As per POD audit,,,,09:10.3,49000,15.32,31:09.5,31:09.5,1,,D1,Forward Shipment,308000427,Telangana
312681464,B60381C2-SIKINDER SIR,2,pbsenterprises10 rp b2brc,02:23.3,01-08-2026 19:38,06-08-2026,`874,"OXYGEN ENERGY ENTERPRISES-AMPERE, OXYGEN ENERGY ENTERPRISES-AMPERE",Hyderabad,Salem,realty shield servicespvt ltd (kmotors),,636006,1,06-08-2026,06-08-2026,Salem_Ramalingapuram_H (Tamil Nadu),08-08-2026 11:30,Delivered,Delivered,Delivered to Consignee,06-08-2026,06-08-2026 16:53,Pre-paid,5.43766E+13,Clean POD | As per POD audit,,,,31:54.7,49000,16.18,53:16.2,53:16.2,1,,D1,Forward Shipment,309769705,Tamil Nadu
311932038,B112004420_122585,6,pbsenterprises10 rp b2brc,13:41.7,20-07-2026 14:57,23-07-2026,`DC/UEPL/LKO/791,"KABRA EXTRUSIONTECHNIK LTD, KABRA EXTRUSIONTECHNIK LTD",Lucknow,Gurgaon,upgrid wh0087 lucknow,,122004,2,23-07-2026,28-07-2026,Gurgaon_Sihi_L (Haryana),30-07-2026 16:37,Delivered,Delivered,Delivered to Consignee,23-07-2026,28-07-2026 19:10,Pre-paid,5.43766E+13,Clean POD | As per POD audit,,,,20:57.1,100005,20.66,10:10.5,10:10.5,1,,D1,Forward Shipment,306632310,Haryana
312439075,rachna ji,3,pbsenterprises10 rp b2brc,00:20.3,01-08-2026 16:39,05-08-2026,`D-010117/26-27,"FUJIYAMA POWER SYSTEMS LIMITED, FUJIYAMA POWER SYSTEMS LIMITED",Dumraon,Noida,rachna ji nitish kumar,,201301,2,07-08-2026,08-08-2026,Noida_Surajpur_L (Uttar Pradesh),09-08-2026 11:03,Delivered,Delivered,Delivered to Consignee,05-08-2026,08-08-2026 16:09,Pre-paid,5.43766E+13,Clean POD | As per POD audit,,,,55:33.7,254880,63.94,09:56.0,09:56.0,1,,D1,Forward Shipment,309755416,Uttar Pradesh
312870599,DCGN-9884/26-27,2,pbsenterprises10 rp b2brc,32:59.7,07-08-2026 19:24,13-08-2026,`DCGN-9884/26-27,"HEALTHBUDDY PRAGATI ENTERPRISE , .",Noida,Bankura,fujiyama power system (panel),,722101,0,,,Dhanbad_Tilabani_H (Jharkhand),12-08-2026 13:29,In Transit,Undelivered,Consignment Dispatched from Origin City,13-08-2026,,Pre-paid,5.43766E+13,,,,,,124036,49.5,,,,,D1,Forward Shipment,311278018,West Bengal
311868895,E2W4830A25250442-5558989,2,pbsenterprises10 rp b2brc,31:20.4,21-07-2026 13:53,27-07-2026,`885,"CYGNI ENERGY PRIVATE LIMITED, CYGNI ENERGY PRIVATE LIMITED",Belgaum,Hyderabad,yash auto,,501359,2,25-07-2026,27-07-2026,Hyderabad_Shamshbd_H (Telangana),27-07-2026 10:16,Delivered,Delivered,Delivered to Consignee,27-07-2026,27-07-2026 10:16,Pre-paid,5.43766E+13,Contactless Delivery -  Geofence verified,,,,41:29.5,49000,15.47,11:14.1,16:07.2,2,,D1,Forward Shipment,306912301,Telangana
311741633,DCGN-7804/26-27,2,pbsenterprises10 rp b2brc,32:21.2,18-07-2026 21:26,22-07-2026,`DCGN-7804/26-27,"BALAJI POWER SOLUTIONS , .",Noida,Sikar,fujiyama power system (panel),,332001,1,23-07-2026,23-07-2026,Sikar_IndustrialArea_I (Rajasthan),24-07-2026 15:28,Delivered,Delivered,Delivered to Consignee,22-07-2026,23-07-2026 17:51,Pre-paid,5.43766E+13,Clean POD | As per POD audit,,,,26:45.9,8205,56.94,51:21.4,51:21.4,1,,B,Forward Shipment,FMINC_2fe7cf82-82c1-11f1-bbfc-291932d3a787,Rajasthan
312471028,Supreme,7,pbsenterprises10 rp b2brc,53:38.8,29-07-2026 19:35,04-08-2026,`SLE/26-27/00271,"Agni Engineering Solutions, .",Noida,Pune,supreme e-94,,411018,1,01-08-2026,01-08-2026,Pune_GandharvNagari_L (Maharashtra),01-08-2026 21:40,Delivered,Delivered,Delivered to Consignee,04-08-2026,01-08-2026 16:51,Pre-paid,5.43766E+13,Clean POD | As per POD audit,,,,13:03.2,298865,19.04,51:12.0,51:12.0,1,,C2,Forward Shipment,308906215,Maharashtra
311418377,Bounce,3,pbsenterprises10 rp b2brc,59:48.6,10-07-2026 15:45,15-07-2026,`RIL/2026-27/051,"Exicom Energy Systems Private Limited, .",Bhubaneshwar,Gurgaon,bounce rupaj innovations lab,,122015,1,15-07-2026,15-07-2026,Gurgaon_Sector17_L (Haryana),15-07-2026 15:32,Delivered,Delivered,Delivered to Consignee,15-07-2026,15-07-2026 15:32,Pre-paid,5.43766E+13,Contactless Delivery -  Geofence verified,,,,31:58.1,48000,13.32,32:17.8,32:17.8,1,,D2,Forward Shipment,304240137,Haryana
311937564,DCGN-8118/26-27,2,pbsenterprises10 rp b2brc,23:39.0,21-07-2026 20:15,28-07-2026,`DCGN-8118/26-27,"HASIM ENTERPRISE, .",Noida,Murarai,fujiyama power system (panel),,731219,1,27-07-2026,27-07-2026,Murarai_Birbhumi_D (West Bengal),28-07-2026 15:00,Delivered,Delivered,Delivered to Consignee,28-07-2026,27-07-2026 18:01,Pre-paid,5.43766E+13,Clean POD | As per POD audit,,,,19:44.4,37193,49.5,01:57.8,01:57.8,1,,D1,Forward Shipment,306858972,West Bengal
312849768,SAFELI,2,pbsenterprises10 rp b2brc,17:44.9,05-08-2026 17:10,08-08-2026,`5,"KAKKAR SMART ENERGY VENTURES LLP, KAKKAR SMART ENERGY VENTURES LLP",Budaun,Sonipat,safeli deepak,,131028,1,11-08-2026,11-08-2026,Sonipat_Sector42_P (Haryana),12-08-2026 01:14,Delivered,Delivered,Delivered to Consignee,08-08-2026,11-08-2026 22:06,Pre-paid,5.43766E+13,LM POD document uploaded,,,,46:20.3,15000,5.97,07:03.2,07:03.2,1,,B,Forward Shipment,310780794,Haryana
312399802,B111001390158265 B1110013902643015555679 5556753,3,pbsenterprises10 rp b2brc,52:17.3,29-07-2026 17:51,05-08-2026,`5003,"STANDARD ELECTRIC, STANDARD ELECTRIC",Abhanpur,Gurdaspur,kamal laxmi industrie ampere b2b,,143521,1,04-08-2026,04-08-2026,Gurdaspur_Civillines_D (Punjab),05-08-2026 15:56,Delivered,Delivered,Delivered to Consignee,05-08-2026,04-08-2026 19:58,Pre-paid,5.43766E+13,Clean POD | As per POD audit,,,,28:55.8,49000,16.8,58:16.3,58:16.3,1,,D2,Forward Shipment,FMINC_fadf7654-8b47-11f1-a845-d59a4f1a9a16,Punjab
310994872,A48281F24G16092-5555206,2,pbsenterprises10 rp b2brc,09:13.3,03-07-2026 19:55,08-07-2026,`1041,"MOTI TOWERS,, MOTI TOWERS,",Salem,Chennai,oxygen energy enterprises ampere,,600096,1,07-07-2026,07-07-2026,Chennai_Semmancheri_L (Tamil Nadu),07-07-2026 20:09,Delivered,Delivered,Delivered to Consignee,08-07-2026,07-07-2026 20:09,Pre-paid,5.43766E+13,Contactless Delivery -  Geofence verified,,,,41:44.2,49000,10.74,09:57.8,09:57.8,1,,B,Forward Shipment,FMINC_0f0a5b72-76eb-11f1-80e1-19a9f13314d9,Tamil Nadu
312027653,E2W4830A11250002-5559454,2,pbsenterprises10 rp b2brc,19:03.3,22-07-2026 15:58,27-07-2026,`883,"CYGNI ENERGY PRIVATE LIMITED, CYGNI ENERGY PRIVATE LIMITED",Maharajganj,Hyderabad,gautam automobiles,,501359,2,30-07-2026,01-08-2026,Hyderabad_Shamshbd_H (Telangana),01-08-2026 12:59,Delivered,Delivered,Delivered to Consignee,27-07-2026,01-08-2026 12:59,Pre-paid,5.43766E+13,Contactless Delivery -  Geofence verified,,,,52:17.1,49000,15.82,12:01.9,59:42.2,2,,D2,Forward Shipment,306988334,Telangana
311952136,Redon,2,pbsenterprises10 rp b2brc,03:09.7,24-07-2026 19:36,29-07-2026,`125,"REDON LITHIUM INDUSTRIES PRIVATE LIMITED, mnoh",Mumbai,Bangalore,fuelectric motors,,562111,1,27-07-2026,27-07-2026,Bangalore_Nelamangla_H (Karnataka),28-07-2026 12:19,Delivered,Delivered,Delivered to Consignee,29-07-2026,27-07-2026 17:16,Pre-paid,5.43766E+13,Clean POD | As per POD audit,,,,50:28.4,15000,20.15,16:48.2,16:48.2,1,,D1,Forward Shipment,307698131,Karnataka
312901971,B111001390-172454  5559028,2,pbsenterprises10 rp b2brc,39:01.6,07-08-2026 16:02,12-08-2026,`Kamal8141,"KPT AUTO, KPT AUTO",Abhanpur,Gaya,kamal laxmi industrie ampere b2b,,823001,0,,,Patna_Janarjanpur_H (Bihar),12-08-2026 12:44,In Transit,Undelivered,Consignment Dispatched from Origin City,12-08-2026,,Pre-paid,5.43766E+13,,,,,,49000,17.26,,,,,D1,Forward Shipment,FMINC_45cd3a47-924b-11f1-b753-37db00bbd465,Bihar
312668968,DCGN-9550/26-27,2,pbsenterprises10 rp b2brc,24:00.9,01-08-2026 18:38,04-08-2026,`DCGN-9550/26-27,", MANJU WIRES",Noida,Gurgaon,fujiyama power system (panel),,122001,1,11-08-2026,11-08-2026,Gurgaon_Sector17_L (Haryana),12-08-2026 13:19,Delivered,Delivered,Delivered to Consignee,04-08-2026,12-08-2026 13:19,Pre-paid,5.43766E+13,Geofence verified,,,,10:18.2,113023,117,19:50.8,19:50.8,1,,A,Forward Shipment,309711732,Haryana
311728491,SAFELI,2,pbsenterprises10 rp b2brc,53:53.2,16-07-2026 20:40,20-07-2026,`0042,"KAKKAR SMART ENERGY VENTURES LLP, KAKKAR SMART ENERGY VENTURES LLP",Chandigarh,Sonipat,safeli e rickshaw service centre,,131028,1,23-07-2026,23-07-2026,Sonipat_Sector42_P (Haryana),24-07-2026 17:37,Delivered,Delivered,Delivered to Consignee,20-07-2026,23-07-2026 16:36,Pre-paid,5.43766E+13,Clean POD | As per POD audit,,,,47:52.2,45000,50.62,36:35.5,36:35.5,1,,B,Forward Shipment,305698117,Haryana
312344946,B111001390270694-5560820,2,pbsenterprises10 rp b2brc,46:28.1,30-07-2026 14:12,03-08-2026,`1,"KABRA EXTRUSION TECHNIK LTDBATTRIXX , KABRA EXTRUSION TECHNIK LTDBATTRIXX",Nagpur,Pune,alf electric vehicle private limited,,410501,1,04-08-2026,04-08-2026,Pune_Bhamboli_L (Maharashtra),05-08-2026 15:54,Delivered,Delivered,Delivered to Consignee,03-08-2026,04-08-2026 16:05,Pre-paid,5.43766E+13,Clean POD | As per POD audit,,,,17:38.8,49000,20.21,05:38.4,05:38.4,1,,D1,Forward Shipment,309191113,Maharashtra
312958372,safeli,3,pbsenterprises10 rp b2brc,01:03.9,07-08-2026 14:29,12-08-2026,`5,"KAKKAR SMART ENERGY VENTURES LLP, KAKKAR SMART ENERGY VENTURES LLP",Dankuni,Sonipat,safeli kolkata service center,,131028,1,11-08-2026,11-08-2026,Sonipat_Sector42_P (Haryana),12-08-2026 01:14,Delivered,Delivered,Delivered to Consignee,12-08-2026,11-08-2026 15:14,Pre-paid,5.43766E+13,LM POD document uploaded,,,,54:06.1,15000,23.86,14:45.6,14:45.6,1,,C2,Forward Shipment,311336888,Haryana
313024822,REDON,3,pbsenterprises10 rp b2brc,03:22.8,,,`805,"REDON LITHIUM BATTERIES LLP, .",Berasia,Noida,indian electric vehicle,,201308,0,,,Berasia_NarsinghgarhRd_DPP (Madhya Pradesh),08-08-2026 23:55,Manifested,Undelivered,Consignment Manifested,,,Pre-paid,5.43766E+13,Not Dispatched |,,,,,35000,10,,,,,D1,Forward Shipment,,Uttar Pradesh
312981260,B112004450_131743,7,pbsenterprises10 rp b2brc,28:20.5,08-08-2026 17:09,11-08-2026,`DC/UEPL/LKO/1751,"KABRA EXTRUSIONTECHNIK LTD, KABRA EXTRUSIONTECHNIK LTD",Lucknow,Gurgaon,upgrid wh0105 lucknow,,122004,1,12-08-2026,12-08-2026,Gurgaon_Sihi_L (Haryana),12-08-2026 09:29,Dispatched,Undelivered,Out for Delivery,11-08-2026,,Pre-paid,5.43766E+13,,,,,12:28.0,120006,21.24,,,,,D1,Forward Shipment,311406758,Haryana
312126488,DCGN-8456/26-27,2,pbsenterprises10 rp b2brc,53:31.1,24-07-2026 20:19,29-07-2026,`DCGN-8456/26-27,"SOLARONE ENTERPRISES JPR PRIVATE LIMITED, .",Noida,Indore,fujiyama power system (panel),,452010,1,28-07-2026,28-07-2026,Indore_Dakachya1_L (Madhya Pradesh),29-07-2026 15:19,Delivered,Delivered,Delivered to Consignee,29-07-2026,28-07-2026 19:04,Pre-paid,5.43766E+13,Clean POD | As per POD audit,,,,08:43.0,27196,28.11,04:23.3,04:23.3,1,,D1,Forward Shipment,307671643,Madhya Pradesh
313030287,B111001390224205-5562635,2,pbsenterprises10 rp b2brc,05:05.9,10-08-2026 18:50,17-08-2026,`652,"KABRA EXTRUSION TECHNIK LTDBATTRIXX , KABRA EXTRUSION TECHNIK LTDBATTRIXX",Shivpuri,Pune,cr ampere,,410501,0,,,Gurgaon_Tauru_GW (Haryana),12-08-2026 10:03,In Transit,Undelivered,Consignment Dispatched from Origin City,17-08-2026,,Pre-paid,5.43766E+13,Source - GI,,,,,49000,20.12,,,,,D1,Forward Shipment,311664708,Maharashtra
311418802,SAFELI,2,pbsenterprises10 rp b2brc,07:05.7,10-07-2026 15:37,16-07-2026,`AS-205,"KAKKAR SMART ENERGY VENTURES LLP, KAKKAR SMART ENERGY VENTURES LLP",Guwahati,Sonipat,safeli assam kakkar smart energy ventures llp,,131028,1,17-07-2026,17-07-2026,Sonipat_Sector42_P (Haryana),18-07-2026 19:47,Delivered,Delivered,Delivered to Consignee,16-07-2026,17-07-2026 17:48,Pre-paid,5.43766E+13,Clean POD | As per POD audit,,,,43:58.6,45000,34.5,48:07.4,48:07.4,1,,E,Forward Shipment,304237946,Haryana
311360120,SAFELI,2,pbsenterprises10 rp b2brc,02:01.2,09-07-2026 16:36,14-07-2026,`AS-203,"KAKKAR SMART ENERGY VENTURES LLP, ASSAM KAKKAR SMART ENERGY VENTURES LLP",Sonipat,Guwahati,safeli yc electric vechile,,781035,1,17-07-2026,17-07-2026,Guwahati_Kaikchi1_L (Assam),18-07-2026 19:47,Delivered,Delivered,Delivered to Consignee,14-07-2026,17-07-2026 17:24,Pre-paid,5.43766E+13,Clean POD | As per POD audit,,,,50:22.3,45000,12.18,24:33.5,24:33.5,1,,E,Forward Shipment,303974232,Assam
311256852,safeli,2,pbsenterprises10 rp b2brc,22:33.1,07-07-2026 18:11,15-07-2026,`AS-195,"S.B ECOTECH INDIA, S.B ECOTECH INDIA",Guwahati,Hailakandi,safeli assam kakkar smart energy ventures llp,,788151,1,18-07-2026,18-07-2026,Hailakandi_GangprDhmkr_D (Assam),18-07-2026 18:29,Delivered,Delivered,Delivered to Consignee,13-07-2026,18-07-2026 18:29,Pre-paid,5.43766E+13,Contactless Delivery -  Geofence verified,,,,08:44.2,45000,0.48,29:15.7,29:15.7,1,,E,Forward Shipment,303436641,Assam
312610096,456,3,pbsenterprises10 rp b2brc,05:01.8,09-08-2026 14:54,17-08-2026,`456,", REDON LITHIUM INDUSTRIES PVT LTD",Balaghat,Noida,"""shree shyam automobile",,201308,0,,,Nagpur_Khapari_GW (Maharashtra),12-08-2026 11:42,In Transit,Undelivered,Consignment Dispatched from Origin City,17-08-2026,,Pre-paid,5.43766E+13,"L:25.8, B:26.4, H:19.8, W:11130.0, V:13486.176, Rv:11195.0",,,,,35000,11.13,,,,,D1,Forward Shipment,FMINC_2b08b066-93d4-11f1-ac91-d75f914711ec,Uttar Pradesh
311417129,Bounce,2,pbsenterprises10 rp b2brc,44:49.6,10-07-2026 20:19,14-07-2026,`D/26-27/129,"SHIFA E MOTORS, SHIFA E MOTORS",Bangalore,Hubli,bounce exicom energy systems private limited bangalore,,580030,1,13-07-2026,13-07-2026,Hubli_Budarshingi_H (Karnataka),14-07-2026 16:51,Delivered,Delivered,Delivered to Consignee,14-07-2026,13-07-2026 11:32,Pre-paid,5.43766E+13,Clean POD | As per POD audit,,,,30:34.4,45000,12.72,32:43.1,32:43.1,1,,B,Forward Shipment,304236170,Karnataka
312396821,DCGN-9032/26-27,2,pbsenterprises10 rp b2brc,22:19.8,28-07-2026 19:32,04-08-2026,`DCGN-9032/26-27,"HASIM ENTERPRISE, .",Noida,Murarai,fujiyama power system (panel),,731219,1,03-08-2026,03-08-2026,Murarai_Birbhumi_D (West Bengal),04-08-2026 11:36,Delivered,Delivered,Delivered to Consignee,04-08-2026,03-08-2026 17:37,Pre-paid,5.43766E+13,Clean POD | As per POD audit,,,,44:50.6,32647,45.19,37:44.6,37:44.6,1,,D1,Forward Shipment,308620847,West Bengal
311428900,B111001390210981-5558320,4,pbsenterprises10 rp b2brc,00:13.4,11-07-2026 12:06,15-07-2026,`168,"KABRA EXTRUSION TECHNIK LTDBATTRIXX , KABRA EXTRUSION TECHNIK LTDBATTRIXX",Jalgaon,Pune,kalpana motors,,410501,1,15-07-2026,15-07-2026,Pune_Bhamboli_L (Maharashtra),16-07-2026 19:41,Delivered,Delivered,Delivered to Consignee,15-07-2026,15-07-2026 13:42,Pre-paid,5.43766E+13,Clean POD | As per POD audit,,,,13:29.2,40000,20.12,42:16.1,42:16.1,1,,B,Forward Shipment,304268603,Maharashtra
312061206,B111001390223368-5560336,2,pbsenterprises10 rp b2brc,53:02.8,22-07-2026 15:04,27-07-2026,`789,"KABRA EXTRUSION TECHNIK LTDBATTRIXX , KABRA EXTRUSION TECHNIK LTDBATTRIXX",Jamshedpur,Pune,steel city automobiles,,410501,1,04-08-2026,04-08-2026,Pune_Bhamboli_L (Maharashtra),05-08-2026 17:17,Delivered,Delivered,Delivered to Consignee,27-07-2026,04-08-2026 16:07,Pre-paid,5.43766E+13,Clean POD | As per POD audit,,,,25:23.5,49000,20.4,07:11.2,07:11.2,1,,D2,Forward Shipment,307173254,Maharashtra
311961953,B111001390262203-5553586,2,pbsenterprises10 rp b2brc,46:26.1,21-07-2026 13:26,27-07-2026,`847,"KABRA EXTRUSION TECHNIK LTDBATTRIXX , KABRA EXTRUSION TECHNIK LTDBATTRIXX",Muzaffarnagar,Pune,devansh electric automobiles,,410501,1,27-07-2026,27-07-2026,Pune_Bhamboli_L (Maharashtra),28-07-2026 16:34,Delivered,Delivered,Delivered to Consignee,27-07-2026,27-07-2026 17:33,Pre-paid,5.43766E+13,Clean POD | As per POD audit,,,,57:38.1,49000,20.38,33:13.8,33:13.8,1,,D2,Forward Shipment,306703581,Maharashtra
312363482,DCGN-8992/26-27,2,pbsenterprises10 rp b2brc,46:54.1,27-07-2026 19:31,29-07-2026,`DCGN-8992/26-27,"M/S SUN POWER PHOTOVOLTAIC, .",Noida,Ghaziabad,fujiyama power system (panel),,201206,1,30-07-2026,30-07-2026,Ghaziabad_Indirapuram_L (Uttar Pradesh),31-07-2026 18:48,Delivered,Delivered,Delivered to Consignee,29-07-2026,30-07-2026 14:29,Pre-paid,5.43766E+13,Clean POD | As per POD audit,,,,01:09.6,113023,115,29:39.9,29:39.9,1,,B,Forward Shipment,308328531,Uttar Pradesh
312899697,REDON,2,pbsenterprises10 rp b2brc,10:15.5,06-08-2026 17:21,12-08-2026,`1632,"REDON LITHIUM BATTERIES LLP, .",Yavatmal,Noida,redon chintmani e vehicle,,201308,1,12-08-2026,12-08-2026,Noida_Kasna2_D (Uttar Pradesh),12-08-2026 10:29,Delivered,Delivered,Delivered to Consignee,12-08-2026,12-08-2026 10:29,Pre-paid,5.43766E+13,Geofence verified,,,,35:54.4,25000,9.9,29:21.0,29:21.0,1,,D1,Forward Shipment,311052814,Uttar Pradesh
312927485,B111001390246823-5562724,3,pbsenterprises10 rp b2brc,50:13.3,07-08-2026 12:29,11-08-2026,`894,"KABRA EXTRUSION TECHNIK LTDBATTRIXX , KABRA EXTRUSION TECHNIK LTDBATTRIXX",Latur,Pune,bidve motors pvt ltd,,410501,1,11-08-2026,11-08-2026,Pune_Bhamboli_L (Maharashtra),11-08-2026 14:08,Dispatched,Undelivered,Out for Delivery,11-08-2026,,Pre-paid,5.43766E+13,,,,,11:39.3,49000,20.46,,,,,B,Forward Shipment,311139091,Maharashtra
312901068,B111001390-145774 5554925,2,pbsenterprises10 rp b2brc,26:14.4,07-08-2026 16:02,12-08-2026,`Kamal8132,"SHRI SHYAM AUTO ELECTRIC, SHRI SHYAM AUTO ELECTRIC",Abhanpur,Jhabua,kamal laxmi industrie ampere b2b,,457661,1,11-08-2026,11-08-2026,Jhabua_Mojipada_D (Madhya Pradesh),11-08-2026 13:37,Delivered,Delivered,Delivered to Consignee,12-08-2026,11-08-2026 13:37,Pre-paid,5.43766E+13,Contactless Delivery -  Geofence verified,,,,53:28.3,49000,17.22,37:07.5,37:07.5,1,,D1,Forward Shipment,FMINC_45cd3a47-924b-11f1-b753-37db00bbd465,Madhya Pradesh
312757047,GN-6736/26-27,2,pbsenterprises10 rp b2brc,27:25.4,03-08-2026 18:59,11-08-2026,`GN-6736/26-27,"Muhammed Naseef Koppilakkal (W.O.KERALA), .",Noida,Malappuram,fujiyama power system (panel),,679324,1,11-08-2026,11-08-2026,Malappuram_Padaparamba_D (Kerala),11-08-2026 14:15,Delivered,Delivered,Delivered to Consignee,11-08-2026,11-08-2026 14:15,Pre-paid,5.43766E+13,Contactless Delivery -  Geofence not verified,,,,36:54.0,21620,14.85,15:54.9,15:54.9,1,,D2,Forward Shipment,310160744,Kerala
312394503,REDON,2,pbsenterprises10 rp b2brc,03:03.6,28-07-2026 17:19,01-08-2026,`MA/048,"REDON LITHIUM BATTERIES LLP, .",Siliguri,Noida,madan automobile,,201308,1,04-08-2026,04-08-2026,Noida_Surajpur_L (Uttar Pradesh),07-08-2026 18:03,Delivered,Delivered,Delivered to Consignee,01-08-2026,05-08-2026 12:02,Pre-paid,5.43766E+13,Clean POD | As per POD audit,,,,53:24.1,25000,15.51,02:22.8,02:22.8,1,,D1,Forward Shipment,308640885,Uttar Pradesh
312566266,B111001390248095-5562381,2,pbsenterprises10 rp b2brc,32:39.7,31-07-2026 12:18,06-08-2026,`898,"KABRA EXTRUSION TECHNIK LTDBATTRIXX , KABRA EXTRUSION TECHNIK LTDBATTRIXX",Gadag,Pune,om motors-gadag,,410501,1,08-08-2026,08-08-2026,Pune_Bhamboli_L (Maharashtra),11-08-2026 19:00,Delivered,Delivered,Delivered to Consignee,06-08-2026,10-08-2026 18:57,Pre-paid,5.43766E+13,Clean POD | As per POD audit,,,,25:27.8,49000,20.09,57:25.3,57:25.3,1,,D1,Forward Shipment,309275396,Maharashtra
311761558,DCGN-7859/26-27,2,pbsenterprises10 rp b2brc,48:52.3,18-07-2026 21:26,22-07-2026,`DCGN-7859/26-27,"GULSHAN.  5593D, .",Noida,Aligarh,fujiyama power system (panel),,202001,1,21-07-2026,21-07-2026,Aligarh_Dhanipur_H (Uttar Pradesh),22-07-2026 17:55,Delivered,Delivered,Delivered to Consignee,22-07-2026,21-07-2026 12:03,Pre-paid,5.43766E+13,Clean POD | As per POD audit,,,,34:52.6,39185,49.3,03:42.0,03:42.0,1,,B,Forward Shipment,FMINC_2fe7cf82-82c1-11f1-bbfc-291932d3a787,Uttar Pradesh
312798792,SAFELI,2,pbsenterprises10 rp b2brc,29:48.2,05-08-2026 16:30,10-08-2026,`56,"KAKKAR SMART ENERGY VENTURES LLP, KAKKAR SMART ENERGY VENTURES LLP",Shahabad,Sonipat,safeli mb automovers,,131028,1,11-08-2026,11-08-2026,Sonipat_Sector42_P (Haryana),12-08-2026 01:13,Delivered,Delivered,Delivered to Consignee,10-08-2026,11-08-2026 15:06,Pre-paid,5.43766E+13,LM POD document uploaded,,,,37:32.5,15000,52,06:33.8,06:33.8,1,,B,Forward Shipment,310780690,Haryana
311610373,SAFELI,2,pbsenterprises10 rp b2brc,07:51.4,14-07-2026 19:31,20-07-2026,`44,"KAKKAR SMART ENERGY VENTURES LLP, KAKKAR SMART ENERGY VENTURES LLP",Bahraich,Sonipat,safeli shah printing press,,131028,1,17-07-2026,17-07-2026,Sonipat_Sector42_P (Haryana),18-07-2026 19:47,Delivered,Delivered,Delivered to Consignee,20-07-2026,17-07-2026 17:49,Pre-paid,5.43766E+13,Clean POD | As per POD audit,,,,21:34.9,15000,58.88,49:56.8,49:56.8,1,,D1,Forward Shipment,305156062,Haryana
311361629,B121002550_120006,2,pbsenterprises10 rp b2brc,22:01.4,09-07-2026 21:07,18-07-2026,`11,"KABRA EXTRUSION TECHNIK LTDBATTRIXX , KABRA EXTRUSION TECHNIK LTDBATTRIXX",Gohpur,Pune,kalyani store (kab),,410501,1,21-07-2026,21-07-2026,Pune_Bhamboli_L (Maharashtra),22-07-2026 18:17,Delivered,Delivered,Delivered to Consignee,18-07-2026,21-07-2026 17:41,Pre-paid,5.43766E+13,Clean POD | As per POD audit,,,,38:09.4,49000,49,41:41.7,41:41.7,1,,E,Forward Shipment,303976310,Maharashtra
312199322,SAFELI,2,pbsenterprises10 rp b2brc,55:50.4,24-07-2026 17:30,27-07-2026,`23,"KAKKAR SMART ENERGY VENTURES LLP, KAKKAR SMART ENERGY VENTURES LLP",Sasaram,Sonipat,safeli shree gopal auto agency,,131028,1,31-07-2026,31-07-2026,Sonipat_Sector42_P (Haryana),01-08-2026 13:31,Delivered,Delivered,Delivered to Consignee,27-07-2026,31-07-2026 17:40,Pre-paid,5.43766E+13,Clean POD | As per POD audit,,,,52:46.7,15000,52.7,40:11.9,40:11.9,1,,D1,Forward Shipment,307716931,Haryana
312849488,SAFELI,2,pbsenterprises10 rp b2brc,14:38.5,05-08-2026 15:20,06-08-2026,`56,"KAKKAR SMART ENERGY VENTURES LLP, ASSAM KAKKAR SMART ENERGY VENTURES LLP",Nagaon,Guwahati,safeli tanbi store,,781035,1,10-08-2026,10-08-2026,Guwahati_Kaikchi1_L (Assam),11-08-2026 15:15,Delivered,Delivered,Delivered to Consignee,06-08-2026,11-08-2026 15:15,Pre-paid,5.43766E+13,Geofence verified,,,,26:38.8,15000,50.24,15:59.7,15:59.7,1,,E,Forward Shipment,310789798,Assam
312730355,DCGN-9562/26-27,2,pbsenterprises10 rp b2brc,25:30.4,03-08-2026 19:16,10-08-2026,`DCGN-9562/26-27,"SAILEE ELECTRICAL AND SOLAR SYSTEM, .",Noida,Pune,fujiyama power system (panel),,412101,1,08-08-2026,08-08-2026,Pune_GandharvNagari_L (Maharashtra),08-08-2026 17:42,Delivered,Delivered,Delivered to Consignee,10-08-2026,08-08-2026 17:42,Pre-paid,5.43766E+13,Contactless Delivery -  Geofence not verified,,,,28:34.9,33407,27.7,42:46.7,42:46.7,1,,C2,Forward Shipment,310160744,Maharashtra
311754535,DCGN-7809/26-27,2,pbsenterprises10 rp b2brc,39:50.3,18-07-2026 21:26,25-07-2026,`DCGN-7809/26-27,"SANTOSH KUMAR SINGH (SERVICE ENG.), .",Noida,Muzaffarpur,fujiyama power system (panel),,842001,1,30-07-2026,30-07-2026,Muzaffarpur_Gobarsahi_H (Bihar),31-07-2026 12:49,Delivered,Delivered,Delivered to Consignee,25-07-2026,30-07-2026 18:38,Pre-paid,5.43766E+13,Clean POD | As per POD audit,,,,29:03.9,105282,116.34,38:25.7,38:25.7,1,,D1,Forward Shipment,FMINC_2fe7cf82-82c1-11f1-bbfc-291932d3a787,Bihar
312865989,DCGN-9877/26-27,2,pbsenterprises10 rp b2brc,36:40.2,06-08-2026 18:23,12-08-2026,`DCGN-9877/26-27,"ALAM CLINIC, .",Noida,Bihar Sharif,fujiyama power system (panel),,803101,3,10-08-2026,12-08-2026,BiharSharif_Ward20_D (Bihar),12-08-2026 10:55,Dispatched,Undelivered,Out for Delivery,12-08-2026,,Pre-paid,5.43766E+13,,,,,50:00.7,328055,117,35:27.5,35:27.5,1,,D1,Forward Shipment,311028619,Bihar
311799562,Bounce,2,pbsenterprises10 rp b2brc,32:03.7,18-07-2026 19:18,25-07-2026,`DC-25,"Clean Electric Private PVT LTD, Clean Electric Private PVT LTD",Kharagpur,Pune,bounce abha enterprises,,410501,1,25-07-2026,25-07-2026,Pune_Bhamboli_L (Maharashtra),25-07-2026 16:16,Delivered,Delivered,Delivered to Consignee,25-07-2026,25-07-2026 16:16,Pre-paid,5.43766E+13,Contactless Delivery -  Geofence verified,,,,29:20.8,45000,15.83,16:36.8,16:36.8,1,,D2,Forward Shipment,306197334,Maharashtra
310995195,SAFELI,2,pbsenterprises10 rp b2brc,13:21.3,03-07-2026 16:49,08-07-2026,`67,"KAKKAR SMART ENERGY VENTURES LLP, KAKKAR SMART ENERGY VENTURES LLP",Raipur,Sonipat,safeli e auto centre,,131028,1,10-07-2026,10-07-2026,Sonipat_Sector42_P (Haryana),12-07-2026 08:54,Delivered,Delivered,Delivered to Consignee,08-07-2026,10-07-2026 19:30,Pre-paid,5.43766E+13,Clean POD | As per POD audit,,,,23:55.1,16000,50.86,30:26.7,30:26.7,1,,D1,Forward Shipment,302499475,Haryana
312124675,SAFELI,2,pbsenterprises10 rp b2brc,35:21.2,23-07-2026 17:42,29-07-2026,`53,"KAKKAR SMART ENERGY VENTURES LLP, KAKKAR SMART ENERGY VENTURES LLP",Bettiah,Sonipat,safeli rajpari electric vehicle b2b,,131028,1,01-08-2026,01-08-2026,Sonipat_Sector42_P (Haryana),01-08-2026 21:38,Delivered,Delivered,Delivered to Consignee,29-07-2026,01-08-2026 15:24,Pre-paid,5.43766E+13,Clean POD | As per POD audit,,,,35:57.3,15000,57.92,24:36.0,24:36.0,1,,D1,Forward Shipment,307434002,Haryana
312249317,E2W4830A48250310-5560747,2,pbsenterprises10 rp b2brc,00:43.1,28-07-2026 16:25,03-08-2026,`691,"CYGNI ENERGY PRIVATE LIMITED, CYGNI ENERGY PRIVATE LIMITED",Bhavnagar,Hyderabad,national battery-bhav nagar,,501359,1,03-08-2026,03-08-2026,Hyderabad_Shamshbd_H (Telangana),04-08-2026 11:37,Delivered,Delivered,Delivered to Consignee,03-08-2026,03-08-2026 16:24,Pre-paid,5.43766E+13,Clean POD | As per POD audit,,,,22:59.8,49000,12.53,24:53.6,24:53.6,1,,D1,Forward Shipment,308652469,Telangana
311644272,B111002350120320-5558449,3,pbsenterprises10 rp b2brc,17:14.5,15-07-2026 18:16,20-07-2026,`1,"KABRA EXTRUSION TECHNIK LTDBATTRIXX , KABRA EXTRUSION TECHNIK LTDBATTRIXX",Nagpur,Pune,alf electric vehicle private limited,,410501,1,21-07-2026,21-07-2026,Pune_Bhamboli_L (Maharashtra),22-07-2026 18:18,Delivered,Delivered,Delivered to Consignee,20-07-2026,21-07-2026 17:43,Pre-paid,5.43766E+13,Clean POD | As per POD audit,,,,31:20.5,49000,17.76,43:15.5,43:15.5,1,,D1,Forward Shipment,305251665,Maharashtra
312575291,AX29082500371 / AX29082500394,2,pbsenterprises10 rp b2brc,33:44.9,31-07-2026 12:36,08-08-2026,`11,"KABRA EXTRUSION TECHNIK-GURUGRAM , KABRA EXTRUSION TECHNIK-GURUGRAM",Bhind,Gurgaon,exnon (kab)477001,,122004,0,,,Gurgaon_Hasanpur2_D (Haryana),08-08-2026 13:30,Pending,Undelivered,Consignment Reached at Destination,05-08-2026,,Pre-paid,5.43766E+13,,,,,30:23.1,9000,6.04,,,,,B,Forward Shipment,309302780,Haryana
311546151,SAFELI,6,pbsenterprises10 rp b2brc,52:54.0,14-07-2026 16:33,16-07-2026,`33,"GREEN ENTERPRISES ,  GREEN ENTERPRISES",Chandausi,Moradabad,safeli banke bihari traders,,244001,1,15-07-2026,15-07-2026,Moradabad_Fazalpur_P (Uttar Pradesh),16-07-2026 15:26,Delivered,Delivered,Delivered to Consignee,16-07-2026,15-07-2026 16:23,Pre-paid,5.43766E+13,Clean POD | As per POD audit,,,,55:44.4,45000,10,23:09.3,23:09.3,1,,B,Forward Shipment,305155455,Uttar Pradesh
311636980,DCGN-7628/26-27,2,pbsenterprises10 rp b2brc,48:36.1,17-07-2026 07:14,20-07-2026,`DCGN-7628/26-27,"HARPREET (Service Eng ... 5568C), .",Noida,Amritsar,fujiyama power system (panel),,143001,1,22-07-2026,22-07-2026,Amritsar_VerkaBypss_I (Punjab),24-07-2026 13:14,Delivered,Delivered,Delivered to Consignee,20-07-2026,22-07-2026 16:35,Pre-paid,5.43766E+13,Clean POD | As per POD audit,,,,55:22.0,123156,50,35:23.2,35:23.2,1,,B,Forward Shipment,FMINC_ff81d1ee-8180-11f1-8622-930937f88e07,Punjab
312208357,B111001390212921-5560518,2,pbsenterprises10 rp b2brc,40:49.1,25-07-2026 17:23,29-07-2026,`889,"KABRA EXTRUSION TECHNIK LTDBATTRIXX , KABRA EXTRUSION TECHNIK LTDBATTRIXX",Rajnandgaon,Pune,eco sol energy,,410501,1,04-08-2026,04-08-2026,Pune_Bhamboli_L (Maharashtra),05-08-2026 16:09,Delivered,Delivered,Delivered to Consignee,29-07-2026,04-08-2026 16:08,Pre-paid,5.43766E+13,Clean POD | As per POD audit,,,,55:59.3,49000,20.42,09:02.9,09:02.9,1,,D1,Forward Shipment,307744378,Maharashtra
312533708,RACHNA JI,3,pbsenterprises10 rp b2brc,32:57.0,09-08-2026 11:37,14-08-2026,`D-010193/26-27,"FUJIYAMA POWER SYSTEMS LIMITED, FUJIYAMA POWER SYSTEMS LIMITED",Yamuna Nagar,Noida,rachna ji kushal pal 1093a,,201301,0,,,Chandigarh_RamNagar_GW (Punjab),11-08-2026 00:24,In Transit,Undelivered,Consignment Dispatched from Origin City,14-08-2026,,Pre-paid,5.43766E+13,"QC Weight, L:71, B:41, H:34, W:68500.0, V:98974.0",,,,,254880,68.5,,,,,B,Forward Shipment,311608970,Uttar Pradesh
311610014,B111001390223304-5558786,6,pbsenterprises10 rp b2brc,04:16.6,14-07-2026 17:39,18-07-2026,`876,"KABRA EXTRUSION TECHNIK LTDBATTRIXX , KABRA EXTRUSION TECHNIK LTDBATTRIXX",Nashik,Pune,jai mata di-nashik,,410501,1,21-07-2026,21-07-2026,Pune_Bhamboli_L (Maharashtra),22-07-2026 18:18,Delivered,Delivered,Delivered to Consignee,18-07-2026,21-07-2026 17:41,Pre-paid,5.43766E+13,Clean POD | As per POD audit,,,,37:09.0,49000,20.1,41:57.0,41:57.0,1,,B,Forward Shipment,305157994,Maharashtra
312068870,B111001390248348-5560085,2,pbsenterprises10 rp b2brc,23:23.6,23-07-2026 13:50,27-07-2026,`169,"KABRA EXTRUSION TECHNIK LTDBATTRIXX , KABRA EXTRUSION TECHNIK LTDBATTRIXX",Jalgaon,Pune,kalpana motors,,410501,1,28-07-2026,28-07-2026,Pune_Bhamboli_L (Maharashtra),30-07-2026 15:31,Delivered,Delivered,Delivered to Consignee,27-07-2026,29-07-2026 16:43,Pre-paid,5.43766E+13,Clean POD | As per POD audit,,,,49:11.6,49000,20.08,43:07.1,43:07.1,1,,B,Forward Shipment,307196068,Maharashtra
310965677,GE3LA5820NNRP,2,pbsenterprises10 rp b2brc,37:08.4,03-07-2026 15:48,07-07-2026,`15,"KABRA EXTRUSIONTECHNIK LTD, KABRA EXTRUSIONTECHNIK LTD",Abohar,Gurgaon,singh motor (kab),,122004,4,15-07-2026,27-07-2026,Gurgaon_Hasanpur2_D (Haryana),28-07-2026 13:01,Delivered,Delivered,Delivered to Consignee,06-07-2026,27-07-2026 17:10,Pre-paid,5.43766E+13,Clean POD | As per POD audit,,,,01:14.6,9000,3.22,40:58.3,10:26.6,4,,B,Forward Shipment,302067096,Haryana
312608445,Supreme,2,pbsenterprises10 rp b2brc,44:11.9,03-08-2026 18:12,11-08-2026,`SLE/26-27/00278,", INVERCELL",Surat,Raghunathganj,supreme lithium energy,,742213,1,11-08-2026,11-08-2026,Raghunathganj_Talai_D (West Bengal),11-08-2026 19:29,Delivered,Delivered,Delivered to Consignee,10-08-2026,11-08-2026 19:29,Pre-paid,5.43766E+13,Geofence not verified,,,,34:19.7,47058,18.48,29:47.7,29:47.7,1,,D2,Forward Shipment,309852303,West Bengal
311573999,A60380323A15109  5550749,2,pbsenterprises10 rp b2brc,57:27.2,14-07-2026 13:37,17-07-2026,`84561,"ALF Electric Vehicles Pvt Ltd, ALF Electric Vehicles Pvt Ltd",Salem,Nagpur,oxygen energy enterprises ampere,,440003,1,18-07-2026,18-07-2026,Nagpur_Chikhali1_L (Maharashtra),20-07-2026 14:29,Delivered,Delivered,Delivered to Consignee,17-07-2026,18-07-2026 17:16,Pre-paid,5.43766E+13,Clean POD | As per POD audit,,,,38:29.9,49000,12.19,16:38.2,16:38.2,1,,D1,Forward Shipment,305120806,Maharashtra
311625482,B111001390196108-5559491,4,pbsenterprises10 rp b2brc,57:05.7,15-07-2026 12:08,20-07-2026,`176,"KABRA EXTRUSION TECHNIK LTDBATTRIXX , KABRA EXTRUSION TECHNIK LTDBATTRIXX",Sasaram,Pune,pawansut enterprises,,410501,1,24-07-2026,24-07-2026,Pune_Bhamboli_L (Maharashtra),26-07-2026 08:51,Delivered,Delivered,Delivered to Consignee,20-07-2026,25-07-2026 21:02,Pre-paid,5.43766E+13,Clean POD | As per POD audit,,,,12:25.0,49000,17.08,02:41.4,02:41.4,1,,D2,Forward Shipment,305199481,Maharashtra
312859590,A60391H124A17570  5558408,2,pbsenterprises10 rp b2brc,18:13.5,06-08-2026 20:31,13-08-2026,`729,"TIBREWAL SOLAR POWER, TIBREWAL SOLAR POWER",Salem,Bargarh,oxygen energy enterprises ampere,,768028,1,12-08-2026,12-08-2026,Bargarh_Govindpali_D (Orissa),12-08-2026 12:31,Dispatched,Undelivered,Out for Delivery,13-08-2026,,Pre-paid,5.43766E+13,,,,,14:43.3,49000,18.65,,,,,D2,Forward Shipment,FMINC_a7619530-91a7-11f1-b710-37db00bbd465,Orissa
311315310,DCGN-7111/26-27,2,pbsenterprises10 rp b2brc,42:05.9,09-07-2026 18:33,16-07-2026,`DCGN-7111/26-27,"KHARB INDUSTRIES, .",Noida,Mandi Dabwali,fujiyama power system (panel),,125104,1,15-07-2026,15-07-2026,Mandidabwali_PremNagar_D (Haryana),17-07-2026 18:24,Delivered,Delivered,Delivered to Consignee,14-07-2026,15-07-2026 22:25,Pre-paid,5.43766E+13,Clean POD | As per POD audit,,,,07:53.1,7498,58,25:58.0,25:58.0,1,,B,Forward Shipment,303931375,Haryana
312338383,B111001390275712-5561410,4,pbsenterprises10 rp b2brc,31:57.0,27-07-2026 17:53,03-08-2026,`962,"KABRA EXTRUSION TECHNIK LTDBATTRIXX , KABRA EXTRUSION TECHNIK LTDBATTRIXX",Deesa,Pune,om e motors,,410501,1,04-08-2026,04-08-2026,Pune_Bhamboli_L (Maharashtra),05-08-2026 16:46,Delivered,Delivered,Delivered to Consignee,03-08-2026,04-08-2026 16:08,Pre-paid,5.43766E+13,Clean POD | As per POD audit,,,,30:43.9,49000,20.58,08:39.2,08:39.2,1,,D1,Forward Shipment,308384579,Maharashtra
312573377,GE030001HIP250800224,2,pbsenterprises10 rp b2brc,57:48.0,01-08-2026 16:40,04-08-2026,`UPV/26-27/133,"KABRA EXTRUSION TECHNIK-GURUGRAM , KABRA EXTRUSION TECHNIK-GURUGRAM",Varanasi,Gurgaon,shri badrinatrh vaikalpik urja limited (kab),,122004,1,04-08-2026,04-08-2026,Gurgaon_Sihi_L (Haryana),05-08-2026 15:51,Delivered,Delivered,Delivered to Consignee,04-08-2026,04-08-2026 16:10,Pre-paid,5.43766E+13,Clean POD | As per POD audit,,,,12:02.9,26000,23.82,11:00.5,11:00.5,1,,D1,Forward Shipment,309764208,Haryana
311182772,B1_51105_B_127001,3,pbsenterprises10 rp b2brc,46:08.4,07-07-2026 16:01,13-07-2026,`DC/UEPL/BAH219,"KABRA EXTRUSION TECHNIK LTDBATTRIXX , KABRA EXTRUSION TECHNIK LTDBATTRIXX",Bahraich,Pune,upgrid wh0081,,410501,2,14-07-2026,16-07-2026,Pune_Bhamboli_L (Maharashtra),18-07-2026 10:10,Delivered,Delivered,Delivered to Consignee,13-07-2026,16-07-2026 18:19,Pre-paid,5.43766E+13,Clean POD | As per POD audit,,,,28:54.2,40002,51.4,19:30.2,19:30.2,1,,D2,Forward Shipment,303412076,Maharashtra
312536770,A48281C24G22454-5562055,2,pbsenterprises10 rp b2brc,52:25.9,30-07-2026 15:10,05-08-2026,`922,"KAMAL LAXMI INDUSTRIES-AMPERE, KAMAL LAXMI INDUSTRIES-AMPERE",Chandigarh,Raipur,shri ji enterprises,,492015,1,04-08-2026,04-08-2026,Raipur_Devpuri_L (Chhattisgarh),05-08-2026 14:01,Delivered,Delivered,Delivered to Consignee,05-08-2026,04-08-2026 12:43,Pre-paid,5.43766E+13,Clean POD | As per POD audit,,,,57:49.3,49000,10.54,43:56.8,43:56.8,1,,D2,Forward Shipment,309180019,Chhattisgarh
312200429,SAFELI,2,pbsenterprises10 rp b2brc,09:58.2,24-07-2026 14:56,27-07-2026,`34,"KAKKAR SMART ENERGY VENTURES LLP, KAKKAR SMART ENERGY VENTURES LLP",Jhansi,Sonipat,safeli g.k motors,,131028,1,27-07-2026,27-07-2026,Sonipat_Sector42_P (Haryana),29-07-2026 10:05,Delivered,Delivered,Delivered to Consignee,27-07-2026,27-07-2026 14:46,Pre-paid,5.43766E+13,Clean POD | As per POD audit,,,,22:25.6,15000,47.36,47:02.1,47:02.1,1,,B,Forward Shipment,307717147,Haryana
312394198,A60391H124A17603 5557461,2,pbsenterprises10 rp b2brc,59:55.7,28-07-2026 15:43,03-08-2026,`7753,"OM MOTOR, OM MOTOR",Salem,Balasore,oxygen energy enterprises ampere,,756003,1,03-08-2026,03-08-2026,Balasore_Ganeswarpur_I (Orissa),04-08-2026 11:36,Delivered,Delivered,Delivered to Consignee,03-08-2026,03-08-2026 19:09,Pre-paid,5.43766E+13,Clean POD | As per POD audit,,,,48:20.2,48998,18.22,09:39.3,09:39.3,1,,D2,Forward Shipment,308389222,Orissa
311761359,DCGN-7850/26-27,2,pbsenterprises10 rp b2brc,45:58.4,18-07-2026 21:26,23-07-2026,`DCGN-7850/26-27,"M/S MAA BHAGWATI ELECTRONIC , .",Noida,Farrukhabad,fujiyama power system (panel),,209625,1,21-07-2026,21-07-2026,Farrukhabad_RamBanquet_D (Uttar Pradesh),22-07-2026 12:05,Delivered,Delivered,Delivered to Consignee,23-07-2026,21-07-2026 13:38,Pre-paid,5.43766E+13,Clean POD | As per POD audit,,,,16:22.5,36967,50.16,38:21.1,38:21.1,1,,B,Forward Shipment,FMINC_2fe7cf82-82c1-11f1-bbfc-291932d3a787,Uttar Pradesh
312534191,B111001390254763-5561883,2,pbsenterprises10 rp b2brc,37:12.8,01-08-2026 17:26,06-08-2026,`837,"KABRA EXTRUSION TECHNIK LTDBATTRIXX , KABRA EXTRUSION TECHNIK LTDBATTRIXX",Arakkonam,Pune,rs green motors,,410501,1,07-08-2026,07-08-2026,Pune_Bhamboli_L (Maharashtra),08-08-2026 22:23,Delivered,Delivered,Delivered to Consignee,06-08-2026,07-08-2026 18:11,Pre-paid,5.43766E+13,Clean POD | As per POD audit,,,,53:12.8,49000,20.38,11:13.6,11:13.6,1,,D1,Forward Shipment,309766973,Maharashtra
311446925,B111001390258966-5557332,2,pbsenterprises10 rp b2brc,03:23.2,14-07-2026 13:16,20-07-2026,`903,"KABRA EXTRUSION TECHNIK LTDBATTRIXX , KABRA EXTRUSION TECHNIK LTDBATTRIXX",Kolkata,Pune,new db enterprise,,410501,1,21-07-2026,21-07-2026,Pune_Bhamboli_L (Maharashtra),22-07-2026 17:01,Delivered,Delivered,Delivered to Consignee,20-07-2026,21-07-2026 17:41,Pre-paid,5.43766E+13,Clean POD | As per POD audit,,,,37:59.3,49000,20.87,41:10.2,41:10.2,1,,C2,Forward Shipment,304971766,Maharashtra
311475204,rachna ji,4,pbsenterprises10 rp b2brc,52:38.8,11-07-2026 14:14,15-07-2026,`SM/NR/26/03,"M/S. MANASWINI HELIO TECH SOLUTION, M/S. MANASWINI HELIO TECH SOLUTION",Bhubaneshwar,Jeypore,rachna ji fujiyama power system ltd,,764020,1,15-07-2026,15-07-2026,Jeypore_Koraput_D (Orissa),16-07-2026 15:26,Delivered,Delivered,Delivered to Consignee,14-07-2026,15-07-2026 18:26,Pre-paid,5.43766E+13,Clean POD | As per POD audit,,,,49:47.0,49000,56.77,26:51.5,26:51.5,1,,B,Forward Shipment,304483560,Orissa
310947131,A48281D24F04119 5550807,2,pbsenterprises10 rp b2brc,14:37.5,06-07-2026 17:31,08-07-2026,`002/26-27,"NATIONAL BATTERY  , NATIONAL BATTERY",Ahmedabad,Bhavnagar,jalaram lithium battery ampere b2b,,364001,1,09-07-2026,09-07-2026,Bhavnagar_Chitra_I (Gujarat),10-07-2026 11:38,Delivered,Delivered,Delivered to Consignee,08-07-2026,09-07-2026 14:43,Pre-paid,5.43766E+13,Clean POD | As per POD audit,,,,19:02.4,47200,8.84,43:43.0,43:43.0,1,,B,Forward Shipment,303158792,Gujarat
311364007,B111001390229744-5556776,2,pbsenterprises10 rp b2brc,48:52.2,10-07-2026 16:44,15-07-2026,`644,"KABRA EXTRUSION TECHNIK LTDBATTRIXX , KABRA EXTRUSION TECHNIK LTDBATTRIXX",Bulandshahr,Pune,radhika enterprises,,410501,1,16-07-2026,16-07-2026,Pune_Bhamboli_L (Maharashtra),18-07-2026 10:11,Delivered,Delivered,Delivered to Consignee,15-07-2026,16-07-2026 18:17,Pre-paid,5.43766E+13,Clean POD | As per POD audit,,,,05:50.8,49000,19.5,17:07.2,17:07.2,1,,D2,Forward Shipment,303984713,Maharashtra
312331550,B111001390209786-5561091,2,pbsenterprises10 rp b2brc,35:36.3,27-07-2026 17:42,31-07-2026,`01,"KABRA EXTRUSION TECHNIK LTDBATTRIXX , KABRA EXTRUSION TECHNIK LTDBATTRIXX",Vadodara,Pune,chirag automotive,,410501,1,31-07-2026,31-07-2026,Pune_Bhamboli_L (Maharashtra),01-08-2026 21:40,Delivered,Delivered,Delivered to Consignee,31-07-2026,31-07-2026 16:32,Pre-paid,5.43766E+13,Clean POD | As per POD audit,,,,10:28.5,49000,20.06,32:28.6,32:28.6,1,,D1,Forward Shipment,308370108,Maharashtra
311932305,REDON,2,pbsenterprises10 rp b2brc,17:38.3,24-07-2026 19:47,29-07-2026,`MA/042,"REDON LITHIUM BATTERIES LLP, .",Manteswar,Noida,e riders,,201308,1,29-07-2026,29-07-2026,Noida_Surajpur_L (Uttar Pradesh),30-07-2026 15:44,Delivered,Delivered,Delivered to Consignee,29-07-2026,29-07-2026 17:53,Pre-paid,5.43766E+13,Clean POD | As per POD audit,,,,22:29.2,35000,15.56,53:28.6,53:28.6,1,,D1,Forward Shipment,307699485,Uttar Pradesh
312060858,DCGN-8358/26-27,2,pbsenterprises10 rp b2brc,49:01.7,22-07-2026 20:07,30-07-2026,`DCGN-8358/26-27,"Tigers Electronics, .",Noida,Tirunelveli,fujiyama power system (panel),,627005,1,30-07-2026,30-07-2026,Tirunelveli_Krishnapuram_H (Tamil Nadu),31-07-2026 12:50,Delivered,Delivered,Delivered to Consignee,30-07-2026,30-07-2026 14:12,Pre-paid,5.43766E+13,Clean POD | As per POD audit,,,,27:55.9,12254,60.3,12:09.7,12:09.7,1,,D2,Forward Shipment,307136441,Tamil Nadu
311416816,DCGN-7257/26-27,2,pbsenterprises10 rp b2brc,40:13.5,10-07-2026 20:34,18-07-2026,`DCGN-7257/26-27,"MAA VASANTI ENTERPRISES, .",Noida,Begusarai,fujiyama power system (panel),,851130,2,15-07-2026,18-07-2026,Begusarai_Haibatpur_D (Bihar),20-07-2026 10:53,Delivered,Delivered,Delivered to Consignee,17-07-2026,18-07-2026 20:00,Pre-paid,5.43766E+13,Clean POD | As per POD audit,,,,30:53.2,39185,50.5,00:51.4,00:51.4,1,,D1,Forward Shipment,304222175,Bihar
312535008,SAFELI,2,pbsenterprises10 rp b2brc,41:31.6,30-07-2026 13:02,01-08-2026,`AS-243,"Abhisri Enterprise, Abhisri Enterprise",Guwahati,Howraghat,safeli assam kakkar smart energy ventures llp,,782481,1,01-08-2026,01-08-2026,Howraghat_Samaguri_D (Assam),01-08-2026 19:32,Delivered,Delivered,Delivered to Consignee,01-08-2026,01-08-2026 19:32,Pre-paid,5.43766E+13,Contactless Delivery -  Geofence not verified,,,,58:29.5,45000,48.24,32:43.0,32:43.0,1,,E,Forward Shipment,309191501,Assam
311135370,DCGN-6812/26-27,2,pbsenterprises10 rp b2brc,37:53.9,04-07-2026 20:21,09-07-2026,`DCGN-6812/26-27,"Hariom Sharma(service Eng .. 1661), Hariom Sharma(service Eng .. 1661)",Noida,Mathura,fujiyama power system (panel),,281001,2,09-07-2026,11-07-2026,Mathura_SuryaNagar_D (Uttar Pradesh),12-07-2026 14:49,Delivered,Delivered,Delivered to Consignee,08-07-2026,11-07-2026 15:31,Pre-paid,5.43766E+13,Clean POD | As per POD audit,,,,37:24.3,121766,116,31:06.5,31:06.5,1,,B,Forward Shipment,302580087,Uttar Pradesh
311554979,B111001390255147-5558651,2,pbsenterprises10 rp b2brc,38:04.8,14-07-2026 16:51,18-07-2026,`878,"JALARAM LITHIUM BATTERY-AMPERE, JALARAM LITHIUM BATTERY-AMPERE",Pune,Ahmedabad,shree sai auto (new),,382213,1,18-07-2026,18-07-2026,Ahmedabad_Sanathal_L (Gujarat),18-07-2026 19:48,Delivered,Delivered,Delivered to Consignee,18-07-2026,18-07-2026 13:17,Pre-paid,5.43766E+13,Clean POD | As per POD audit,,,,00:34.8,49000,20.28,17:27.6,17:27.6,1,,C1,Forward Shipment,304908303,Gujarat
311361266,B60382H23K03076-5489594,2,pbsenterprises10 rp b2brc,18:16.7,10-07-2026 14:34,13-07-2026,`1,"JALARAM LITHIUM BATTERY-AMPERE, JALARAM LITHIUM BATTERY-AMPERE",Nagpur,Ahmedabad,alf electric vehicle private limited,,382213,1,13-07-2026,13-07-2026,Ahmedabad_Sanathal_L (Gujarat),18-07-2026 10:13,Delivered,Delivered,Delivered to Consignee,13-07-2026,13-07-2026 14:39,Pre-paid,5.43766E+13,Clean POD | As per POD audit,,,,40:58.1,49000,15.62,39:26.2,39:26.2,1,,D1,Forward Shipment,303978270,Gujarat
311572655,DCGN-7404/26-27,4,pbsenterprises10 rp b2brc,44:50.9,17-07-2026 07:14,22-07-2026,`DCGN-7404/26-27,"mantra enterprises, .",Noida,Godda,fujiyama power system (panel),,814133,1,22-07-2026,22-07-2026,Godda_Maruabaran_D (Jharkhand),22-07-2026 18:45,Delivered,Delivered,Delivered to Consignee,22-07-2026,22-07-2026 18:45,Pre-paid,5.43766E+13,Contactless Delivery -  Geofence not verified,,,,17:11.9,30475,59.8,27:21.7,45:09.4,2,,D1,Forward Shipment,FMINC_ff81d1ee-8180-11f1-8622-930937f88e07,Jharkhand
312338962,Bounce,2,pbsenterprises10 rp b2brc,39:16.3,29-07-2026 12:46,01-08-2026,`94,"EXICOM TELE-SYSTEMS,  EXICOM TELE-SYSTEMS",Mysore,Bangalore,bounce wadiyar ev motors pvt ltd,,560065,1,31-07-2026,31-07-2026,Bangalore_Bettahalsoor_L (Karnataka),31-07-2026 14:08,Delivered,Delivered,Delivered to Consignee,01-08-2026,31-07-2026 14:08,Pre-paid,5.43766E+13,Contactless Delivery -  Geofence verified,,,,47:22.9,40000,14.29,08:40.1,08:40.1,1,,B,Forward Shipment,308607287,Karnataka
313018430,DCGN-10130/26-27,2,pbsenterprises10 rp b2brc,47:56.8,,,`DCGN-10130/26-27,"PHOTON ENERGY SOLUTIONS, .",Noida,Chhatarpur,fujiyama power system (panel),,471001,0,,,Noida_Bairangpur_GW (Uttar Pradesh),08-08-2026 20:12,Manifested,Undelivered,Delay due to Disturbance/Strike,,,Pre-paid,5.43766E+13,,,,,,61479,20,,,,,D1,Forward Shipment,,Madhya Pradesh
311672606,B111001390198451-5558643,3,pbsenterprises10 rp b2brc,18:24.9,15-07-2026 17:16,22-07-2026,`607,"KABRA EXTRUSION TECHNIK LTDBATTRIXX , KABRA EXTRUSION TECHNIK LTDBATTRIXX",Gurdaspur,Pune,standard electric,,410501,1,22-07-2026,22-07-2026,Pune_Bhamboli_L (Maharashtra),24-07-2026 16:47,Delivered,Delivered,Delivered to Consignee,22-07-2026,23-07-2026 18:59,Pre-paid,5.43766E+13,Clean POD | As per POD audit,,,,18:21.7,49000,20.42,59:59.3,59:59.3,1,,D2,Forward Shipment,305432969,Maharashtra
311172996,FUJIYAMA-6855,7,pbsenterprises10 rp b2brc,07:23.4,06-07-2026 19:07,14-07-2026,`DCGN-6855/26-27,"AMARNATHS AGENCY, .",Noida,Hubli,fujiyama power system (panel),,580023,2,13-07-2026,14-07-2026,Hubli_Budarshingi_H (Karnataka),15-07-2026 17:05,Delivered,Delivered,Delivered to Consignee,14-07-2026,14-07-2026 17:07,Pre-paid,5.43766E+13,6 boxes damaged | As per POD audit,,,,17:35.8,53901,55,19:58.3,07:57.9,2,,D2,Forward Shipment,303127210,Karnataka
311610370,DCGN-7557/26-27,2,pbsenterprises10 rp b2brc,07:48.2,17-07-2026 07:14,20-07-2026,`DCGN-7557/26-27,"M/S UNIVERSAL ENTERPRISES, .",Noida,Bareilly,fujiyama power system (panel),,243001,1,21-07-2026,21-07-2026,Bareilly_Sathrapur_H (Uttar Pradesh),22-07-2026 18:17,Delivered,Delivered,Delivered to Consignee,20-07-2026,21-07-2026 16:33,Pre-paid,5.43766E+13,Clean POD | As per POD audit,,,,44:01.5,53685,48.5,33:52.6,33:52.6,1,,B,Forward Shipment,FMINC_ff81d1ee-8180-11f1-8622-930937f88e07,Uttar Pradesh
312537805,B111001390_171148  5552926,2,pbsenterprises10 rp b2brc,01:38.1,31-07-2026 18:58,11-08-2026,`Kamal8844,"BHARAT E MOTORS, BHARAT E MOTORS",Abhanpur,Deoghar,kamal laxmi industrie ampere b2b,,814112,1,11-08-2026,11-08-2026,Deoghar_Bmpstwn_D (Jharkhand),11-08-2026 17:11,Delivered,Delivered,Delivered to Consignee,10-08-2026,11-08-2026 17:11,Pre-paid,5.43766E+13,Geofence NA,,,,52:53.9,49000,16.94,11:27.1,11:27.1,1,,D1,Forward Shipment,309455764,Jharkhand
311134826,DCGN-6788/26-27,2,pbsenterprises10 rp b2brc,31:01.3,04-07-2026 20:21,09-07-2026,`DCGN-6788/26-27,"Shree Shyam Solar Energy, Shree Shyam Solar Energy",Noida,Jind,fujiyama power system (panel),,126116,1,09-07-2026,09-07-2026,Jind_HariNagar_D (Haryana),09-07-2026 09:21,Delivered,Delivered,Delivered to Consignee,08-07-2026,09-07-2026 09:21,Pre-paid,5.43766E+13,Contactless Delivery -  Geofence NA,,,,54:26.3,52474,93,21:56.7,21:56.7,1,,B,Forward Shipment,302580087,Haryana
312542711,B112004420_124727,8,pbsenterprises10 rp b2brc,54:23.2,30-07-2026 16:55,03-08-2026,`DC/UEPL/GRK/398,"KABRA EXTRUSIONTECHNIK LTD, KABRA EXTRUSIONTECHNIK LTD",Gorakhpur,Gurgaon,upgrid wh0049 gorakhpur,,122004,1,04-08-2026,04-08-2026,Gurgaon_Sihi_L (Haryana),05-08-2026 18:02,Delivered,Delivered,Delivered to Consignee,03-08-2026,04-08-2026 16:21,Pre-paid,5.43766E+13,Clean POD | As per POD audit,,,,16:17.3,140007,21.16,21:53.4,21:53.4,1,,D1,Forward Shipment,309219450,Haryana
312062930,SAFELI,2,pbsenterprises10 rp b2brc,12:45.9,22-07-2026 16:21,27-07-2026,`1,"KAKKAR SMART ENERGY VENTURES LLP, KAKKAR SMART ENERGY VENTURES LLP",Farrukhabad,Sonipat,safeli narayan motors,,131028,1,28-07-2026,28-07-2026,Sonipat_Sector42_P (Haryana),30-07-2026 12:14,Delivered,Delivered,Delivered to Consignee,27-07-2026,28-07-2026 12:40,Pre-paid,5.43766E+13,Clean POD | As per POD audit,,,,38:40.4,15000,50,40:22.5,40:22.5,1,,B,Forward Shipment,307172274,Haryana
312787329,AX09092500224,2,pbsenterprises10 rp b2brc,23:23.0,04-08-2026 18:43,11-08-2026,`11,"KABRA EXTRUSION TECHNIK-GURUGRAM , KABRA EXTRUSION TECHNIK-GURUGRAM",Hathras,Gurgaon,rustam enterprises (kab),,122004,0,,,Gurgaon_Hasanpur2_D (Haryana),08-08-2026 11:43,Pending,Undelivered,Consignment Reached at Destination,10-08-2026,,Pre-paid,5.43766E+13,Account lock removed,,,,37:33.3,9000,3.66,,,,,B,Forward Shipment,310492026,Haryana
312953286,B1_51105_B_126934,2,pbsenterprises10 rp b2brc,50:08.8,07-08-2026 17:39,10-08-2026,`DC/UEPL/LKM/031,"KABRA EXTRUSION TECHNIK-GURUGRAM , KABRA EXTRUSION TECHNIK-GURUGRAM",Lakhimpur,Gurgaon,upgrid wh0098,,122004,0,,,Bareilly_Sathrapur_H (Uttar Pradesh),09-08-2026 04:29,In Transit,Undelivered,Delay due to Disturbance/Strike,10-08-2026,,Pre-paid,5.43766E+13,,,,,,27081,51.77,,,,,B,Forward Shipment,311324068,Haryana
312407232,B111001390247119-5560600,3,pbsenterprises10 rp b2brc,13:50.4,29-07-2026 18:38,03-08-2026,`47,"KABRA EXTRUSION TECHNIK LTDBATTRIXX , KABRA EXTRUSION TECHNIK LTDBATTRIXX",Dindigul,Pune,abirami e bike,,410501,1,06-08-2026,06-08-2026,Pune_Bhamboli_L (Maharashtra),08-08-2026 22:20,Delivered,Delivered,Delivered to Consignee,03-08-2026,07-08-2026 19:38,Pre-paid,5.43766E+13,Clean POD | As per POD audit,,,,37:09.6,49000,20.6,38:59.8,38:59.8,1,,D1,Forward Shipment,308673043,Maharashtra
312923827,B111001390225088-5557022,2,pbsenterprises10 rp b2brc,03:03.9,07-08-2026 12:25,10-08-2026,`865,"KABRA EXTRUSION TECHNIK LTDBATTRIXX , KABRA EXTRUSION TECHNIK LTDBATTRIXX",Baramati,Pune,mehta enterprises,,410501,1,11-08-2026,11-08-2026,Pune_Bhamboli_L (Maharashtra),12-08-2026 13:19,Delivered,Delivered,Delivered to Consignee,10-08-2026,12-08-2026 13:19,Pre-paid,5.43766E+13,Geofence NA,,,,11:25.6,49000,19.8,19:38.8,19:38.8,1,,B,Forward Shipment,311127232,Maharashtra
311826238,Bounce,2,pbsenterprises10 rp b2brc,11:09.5,18-07-2026 17:57,21-07-2026,`210425,"Exicom Energy Systems Private Limited , .",Hyderabad,Bangalore,bounce vecmocon hyderabad,,560065,2,21-07-2026,22-07-2026,Bangalore_Bettahalsoor_L (Karnataka),22-07-2026 16:16,Delivered,Delivered,Delivered to Consignee,21-07-2026,22-07-2026 16:16,Pre-paid,5.43766E+13,Contactless Delivery -  Geofence verified,,,,34:36.7,45000,12.76,28:17.0,16:19.8,2,,C1,Forward Shipment,306197570,Karnataka
311935061,SAFELI,3,pbsenterprises10 rp b2brc,53:34.3,21-07-2026 19:20,28-07-2026,`48,"KAKKAR SMART ENERGY VENTURES LLP, KAKKAR SMART ENERGY VENTURES LLP",Hajipur,Sonipat,safeli m/s singh traders,,131028,1,25-07-2026,25-07-2026,Sonipat_Sector42_P (Haryana),27-07-2026 15:00,Delivered,Delivered,Delivered to Consignee,28-07-2026,25-07-2026 14:25,Pre-paid,5.43766E+13,Clean POD | As per POD audit,,,,27:06.6,30000,51.35,26:09.4,26:09.4,1,,D1,Forward Shipment,306910623,Haryana
312283509,DCGN-8738/26-27,2,pbsenterprises10 rp b2brc,51:20.1,25-07-2026 19:47,01-08-2026,`DCGN-8738/26-27,"FBI MULTI VENTURE, .",Noida,Srinagar,fujiyama power system (panel),,191113,1,04-08-2026,04-08-2026,Srinagar_Ladhoo_H (Jammu & Kashmir),04-08-2026 11:36,Delivered,Delivered,Delivered to Consignee,01-08-2026,04-08-2026 11:36,Pre-paid,5.43766E+13,Contactless Delivery -  Geofence NA,,,,48:05.0,113024,114.5,36:32.4,36:32.4,1,,F,Forward Shipment,307942843,Jammu & Kashmir
312081730,DCGN-8415/26-27,3,pbsenterprises10 rp b2brc,37:47.0,22-07-2026 20:07,29-07-2026,`DCGN-8415/26-27,"ROZE SOLAR SOLUTIONS PRIVATE LIMITED, .",Noida,Kottayam,fujiyama power system (panel),,686632,1,28-07-2026,28-07-2026,Kottayam_Ettumanoor_H (Kerala),29-07-2026 15:06,Delivered,Delivered,Delivered to Consignee,29-07-2026,28-07-2026 13:21,Pre-paid,5.43766E+13,Clean POD | As per POD audit,,,,39:53.4,33693,10.47,21:17.5,21:17.5,1,,D2,Forward Shipment,307136441,Kerala
312535866,A48281E24A22094  5557045,2,pbsenterprises10 rp b2brc,46:30.7,31-07-2026 18:57,05-08-2026,`Kamal855,"ION WHEELS , ION WHEELS",Abhanpur,Bhubaneshwar,kamal laxmi industrie ampere b2b,,751006,1,04-08-2026,04-08-2026,Bhubaneswar_Bampakhuda_GW (Orissa),05-08-2026 20:33,Delivered,Delivered,Delivered to Consignee,05-08-2026,04-08-2026 19:31,Pre-paid,5.43766E+13,Clean POD | As per POD audit,,,,38:37.9,49000,10.46,31:19.1,31:19.1,1,,D1,Forward Shipment,309455764,Orissa
313017940,B111001390269411-5562852,3,pbsenterprises10 rp b2brc,43:29.6,,,`170,"KABRA EXTRUSION TECHNIK LTDBATTRIXX , KABRA EXTRUSION TECHNIK LTDBATTRIXX",Jalgaon,Pune,kalpana motors,,410501,0,,,Jalgaon_MIDC_I (Maharashtra),09-08-2026 16:23,Manifested,Undelivered,Consignment Manifested,,,Pre-paid,5.43766E+13,,,,,,40000,10,,,,,B,Forward Shipment,,Maharashtra
312420146,LN42608300732EE0,2,pbsenterprises10 rp b2brc,34:48.4,30-07-2026 20:23,05-08-2026,`11,"KABRA EXTRUSIONTECHNIK LTD, KABRA EXTRUSIONTECHNIK LTD",Pune,Gurgaon,abhijit ghodke (kab),,122004,1,04-08-2026,04-08-2026,Gurgaon_Sihi_L (Haryana),05-08-2026 14:17,Delivered,Delivered,Delivered to Consignee,05-08-2026,04-08-2026 16:12,Pre-paid,5.43766E+13,Clean POD | As per POD audit,,,,32:50.6,48999,23.74,12:32.5,12:32.5,1,,C2,Forward Shipment,309179921,Haryana
312271021,B112004420_128293,2,pbsenterprises10 rp b2brc,51:04.0,27-07-2026 14:44,30-07-2026,`DC/UEPL/MH/369,"KABRA EXTRUSION TECHNIK LTDBATTRIXX , KABRA EXTRUSION TECHNIK LTDBATTRIXX",Mumbai,Pune,upgrid wh0076,,410501,1,01-08-2026,01-08-2026,Pune_Bhamboli_L (Maharashtra),01-08-2026 21:41,Delivered,Delivered,Delivered to Consignee,30-07-2026,01-08-2026 14:48,Pre-paid,5.43766E+13,Clean POD | As per POD audit,,,,07:58.7,20001,20.3,48:08.5,48:08.5,1,,B,Forward Shipment,308378455,Maharashtra
313007143,B111001390280276-5562995,2,pbsenterprises10 rp b2brc,28:32.4,10-08-2026 14:14,17-08-2026,`887,"KABRA EXTRUSION TECHNIK LTDBATTRIXX , KABRA EXTRUSION TECHNIK LTDBATTRIXX",Jharsuguda,Pune,vanshika motors,,410501,0,,,Sambalpur_Hirakud_H (Orissa),12-08-2026 10:55,In Transit,Undelivered,Consignment Dispatched from Origin City,17-08-2026,,Pre-paid,5.43766E+13,,,,,,49000,19.9,,,,,D1,Forward Shipment,312018343,Maharashtra
310993718,SAFELI,2,pbsenterprises10 rp b2brc,54:04.2,02-07-2026 20:24,09-07-2026,`34,"KAKKAR SMART ENERGY VENTURES LLP, KAKKAR SMART ENERGY VENTURES LLP",Malmaliya,Sonipat,safeli rohit motors,,131028,1,09-07-2026,09-07-2026,Sonipat_Sector42_P (Haryana),10-07-2026 21:32,Delivered,Delivered,Delivered to Consignee,09-07-2026,09-07-2026 12:19,Pre-paid,5.43766E+13,Clean POD | As per POD audit,,,,43:10.8,15000,58.82,19:14.1,19:14.1,1,,D1,Forward Shipment,302247668,Haryana
311606994,DCGN-7508/26-27,2,pbsenterprises10 rp b2brc,35:38.7,17-07-2026 07:14,20-07-2026,`DCGN-7508/26-27,"M/S G.B. & SONS, .",Noida,Allahabad,fujiyama power system (panel),,211013,1,21-07-2026,21-07-2026,Allahabad_Rasulabad_H (Uttar Pradesh),21-07-2026 13:29,Delivered,Delivered,Delivered to Consignee,20-07-2026,21-07-2026 13:29,Pre-paid,5.43766E+13,Contactless Delivery -  Geofence verified,,,,22:58.7,109043,48.5,29:56.3,29:56.3,1,,D1,Forward Shipment,FMINC_ff81d1ee-8180-11f1-8622-930937f88e07,Uttar Pradesh
312400167,A42821A24I20001 5555356,2,pbsenterprises10 rp b2brc,55:27.5,29-07-2026 17:49,03-08-2026,`5004,"SAMBHAV AUTOMOBILES , SAMBHAV AUTOMOBILES",Abhanpur,Lucknow,kamal laxmi industrie ampere b2b,,226022,1,04-08-2026,04-08-2026,Lucknow_Barabankimati_L (Uttar Pradesh),05-08-2026 16:26,Delivered,Delivered,Delivered to Consignee,03-08-2026,04-08-2026 13:53,Pre-paid,5.43766E+13,Clean POD | As per POD audit,,,,09:15.7,49000,10.42,53:54.5,53:54.5,1,,D1,Forward Shipment,FMINC_ce2831d0-8b47-11f1-89cd-930937f88e07,Uttar Pradesh
310918044,E2W4830A25250139-5555254,2,pbsenterprises10 rp b2brc,29:44.8,01-07-2026 17:38,06-07-2026,`887,"CYGNI ENERGY PRIVATE LIMITED, CYGNI ENERGY PRIVATE LIMITED",Kottayam,Hyderabad,g way ampere-kottayam,,501359,1,06-07-2026,06-07-2026,Hyderabad_Shamshbd_H (Telangana),07-07-2026 14:41,Delivered,Delivered,Delivered to Consignee,06-07-2026,06-07-2026 17:44,Pre-paid,5.43766E+13,Clean POD | As per POD audit,,,,31:15.5,49000,15.8,44:54.0,44:54.0,1,,D1,Forward Shipment,301814362,Telangana
312952901,A48281H24H20129-5560230,2,pbsenterprises10 rp b2brc,44:44.4,07-08-2026 18:09,14-08-2026,`845,"OXYGEN ENERGY ENTERPRISES-AMPERE, OXYGEN ENERGY ENTERPRISES-AMPERE",Jangareddygudem,Salem,sri bala surya venkata hanuman traders,,636006,1,12-08-2026,12-08-2026,Salem_Ramalingapuram_H (Tamil Nadu),12-08-2026 11:08,Dispatched,Undelivered,Out for Delivery,14-08-2026,,Pre-paid,5.43766E+13,,,,,43:23.2,49000,10.26,,,,,D1,Forward Shipment,311322922,Tamil Nadu
311814872,DCGN-7929/26-27,2,pbsenterprises10 rp b2brc,08:54.6,18-07-2026 21:26,24-07-2026,`DCGN-7929/26-27,"G S MOTORS, .",Noida,Krishnanagar,fujiyama power system (panel),,741101,1,23-07-2026,23-07-2026,Krishnanagar_MallickPara_I (West Bengal),29-07-2026 14:15,Delivered,Delivered,Delivered to Consignee,24-07-2026,23-07-2026 17:05,Pre-paid,5.43766E+13,Clean POD | As per POD audit,,,,54:59.7,31114,45.5,05:51.7,05:51.7,1,,D2,Forward Shipment,FMINC_2fe7cf82-82c1-11f1-bbfc-291932d3a787,West Bengal
311207428,E2W4830A19250245-5557737,2,pbsenterprises10 rp b2brc,19:04.8,07-07-2026 16:06,13-07-2026,`963,"CYGNI ENERGY PRIVATE LIMITED, CYGNI ENERGY PRIVATE LIMITED",Raipur,Hyderabad,mahamaya motors,,501359,1,13-07-2026,13-07-2026,Hyderabad_Shamshbd_H (Telangana),13-07-2026 12:57,Delivered,Delivered,Delivered to Consignee,13-07-2026,13-07-2026 12:57,Pre-paid,5.43766E+13,Contactless Delivery -  Geofence verified,,,,30:34.5,49000,15.66,57:45.9,57:45.9,1,,D1,Forward Shipment,303231266,Telangana
311954416,B111001390265899-5559293,2,pbsenterprises10 rp b2brc,25:57.7,21-07-2026 19:42,29-07-2026,`870,"KABRA EXTRUSION TECHNIK LTDBATTRIXX , KABRA EXTRUSION TECHNIK LTDBATTRIXX",Dumka,Pune,sri gopal agencies,,410501,1,31-07-2026,31-07-2026,Pune_Bhamboli_L (Maharashtra),01-08-2026 21:39,Delivered,Delivered,Delivered to Consignee,29-07-2026,31-07-2026 16:32,Pre-paid,5.43766E+13,Clean POD | As per POD audit,,,,37:52.3,49000,20.56,32:05.4,32:05.4,1,,D2,Forward Shipment,306682557,Maharashtra
311391958,1,2,pbsenterprises10 rp b2brc,11:50.0,09-07-2026 21:12,16-07-2026,`001,"ss, rama",Rusera,Sonipat,safeli raeesh enterprises,,131028,1,13-07-2026,13-07-2026,Sonipat_Sector42_P (Haryana),14-07-2026 22:34,Delivered,Delivered,Delivered to Consignee,16-07-2026,13-07-2026 14:53,Pre-paid,5.43766E+13,Clean POD | As per POD audit,,,,43:41.0,24043,47.66,54:09.2,54:09.2,1,,D1,Forward Shipment,303970010,Haryana
312792479,B111001390218934-5560977,2,pbsenterprises10 rp b2brc,14:36.8,05-08-2026 15:20,10-08-2026,`642,"KABRA EXTRUSION TECHNIK LTDBATTRIXX , KABRA EXTRUSION TECHNIK LTDBATTRIXX",Rupnagar,Pune,paradise mobility,,410501,1,11-08-2026,11-08-2026,Pune_Bhamboli_L (Maharashtra),11-08-2026 14:08,Dispatched,Undelivered,Out for Delivery,10-08-2026,,Pre-paid,5.43766E+13,,,,,17:58.7,49000,20.44,,,,,D2,Forward Shipment,310505236,Maharashtra
312321367,A60391H124B016265557803,2,pbsenterprises10 rp b2brc,57:15.0,27-07-2026 14:00,30-07-2026,`6649,"Saravana Motors, Saravana Motors",Salem,Tirunelveli,oxygen energy enterprises ampere,,627009,3,30-07-2026,04-08-2026,Tirunelveli_Krishnapuram_H (Tamil Nadu),06-08-2026 12:32,Delivered,Delivered,Delivered to Consignee,30-07-2026,04-08-2026 12:24,Pre-paid,5.43766E+13,Clean POD | As per POD audit,,,,21:28.2,49000,18.6,24:47.7,24:47.7,1,,B,Forward Shipment,308355727,Tamil Nadu
312968068,LN42605000484EEO,2,pbsenterprises10 rp b2brc,59:55.9,08-08-2026 13:30,12-08-2026,`1132,"KABRA EXTRUSION TECHNIK-GURUGRAM , KABRA EXTRUSION TECHNIK-GURUGRAM",Guna,Gurgaon,deepak automobile (kab),,122004,0,,,Gurgaon_Tauru_GW (Haryana),10-08-2026 19:08,In Transit,Undelivered,Consignment Dispatched from Origin City,12-08-2026,,Pre-paid,5.43766E+13,,,,,,48000,23.08,,,,,D1,Forward Shipment,311367593,Haryana
312859317,A60391H124A24182  5557467,2,pbsenterprises10 rp b2brc,14:23.7,06-08-2026 20:31,10-08-2026,`729,"CHOLA E-BIKES, CHOLA E-BIKES",Salem,Thanjavur,oxygen energy enterprises ampere,,613005,1,08-08-2026,08-08-2026,Thanjavur_Parvathinagar_D (Tamil Nadu),10-08-2026 11:50,Delivered,Delivered,Delivered to Consignee,10-08-2026,08-08-2026 19:28,Pre-paid,5.43766E+13,Clean POD | As per POD audit,,,,44:23.6,49000,18.8,28:41.6,28:41.6,1,,B,Forward Shipment,FMINC_a7619530-91a7-11f1-b710-37db00bbd465,Tamil Nadu
311814628,B111001390254972-5558777,2,pbsenterprises10 rp b2brc,06:01.8,18-07-2026 15:18,22-07-2026,`861,"KABRA EXTRUSION TECHNIK LTDBATTRIXX , KABRA EXTRUSION TECHNIK LTDBATTRIXX",Hyderabad,Pune,ankur motors,,410501,1,24-07-2026,24-07-2026,Pune_Bhamboli_L (Maharashtra),25-07-2026 14:31,Delivered,Delivered,Delivered to Consignee,22-07-2026,24-07-2026 19:06,Pre-paid,5.43766E+13,Clean POD | As per POD audit,,,,09:28.6,49000,10,06:13.6,06:13.6,1,,C1,Forward Shipment,306220514,Maharashtra
311111451,202721037,2,pbsenterprises10 rp b2brc,17:57.8,04-07-2026 13:18,08-07-2026,`001,KABRA EXTRUSIONTECHNIK LTD,Patiala,Gurgaon,srishti traders,,122004,1,09-07-2026,09-07-2026,Gurgaon_Sihi_L (Haryana),10-07-2026 15:27,Delivered,Delivered,Delivered to Consignee,08-07-2026,09-07-2026 19:14,Pre-paid,5.43766E+13,Clean POD | As per POD audit,,,,49:09.8,49000,23.28,14:16.4,14:16.4,1,,B,Forward Shipment,302721034,Haryana
312669808,MEENAKSHI MA'AM,3,pbsenterprises10 rp b2brc,37:10.3,01-08-2026 18:20,07-08-2026,`122,", RAJPUT ENERGIES PRIVATE LIMITED",Delhi,Shikohabad,ridhi sidhi trading company,,283135,1,04-08-2026,04-08-2026,Shikohabad_RameshNagar_D (Uttar Pradesh),04-08-2026 15:31,Delivered,Delivered,Delivered to Consignee,07-08-2026,04-08-2026 15:31,Pre-paid,5.43766E+13,Contactless Delivery -  Geofence not verified,,,,02:08.6,138600,24.55,31:51.5,31:51.5,1,,B,Forward Shipment,309761937,Uttar Pradesh
311488954,RACHNA JI,2,pbsenterprises10 rp b2brc,37:39.7,18-07-2026 15:25,23-07-2026,`D-930/26-27,"RISHIKESH PAL, FUJIYAMA POWER SYSTEMS LIMITED-NOIDA 51,52",Ranchi,Noida,rachna ji binod 1068e,,201308,1,23-07-2026,23-07-2026,Noida_Surajpur_L (Uttar Pradesh),24-07-2026 16:32,Delivered,Delivered,Delivered to Consignee,23-07-2026,23-07-2026 21:31,Pre-paid,5.43766E+13,Clean POD | As per POD audit,,,,59:26.9,127440,127,31:09.4,31:09.4,1,,D1,Forward Shipment,306198991,Uttar Pradesh
312655431,DCGN-9506/26-27,2,pbsenterprises10 rp b2brc,30:40.9,01-08-2026 18:07,10-08-2026,`DCGN-9506/26-27,", KRISHNA SOLAR SYSTEM",Noida,Bajkul,fujiyama power system (panel),,721659,1,11-08-2026,11-08-2026,Bajkul_Kismat_D (West Bengal),12-08-2026 12:23,Delivered,Delivered,Delivered to Consignee,08-08-2026,11-08-2026 11:20,Pre-paid,5.43766E+13,Clean POD | As per POD audit,,,,23:44.1,35974,50.02,20:42.6,20:42.6,1,,D2,Forward Shipment,309711732,West Bengal
312328021,B111002350121431-5561781,2,pbsenterprises10 rp b2brc,05:32.3,27-07-2026 16:49,29-07-2026,`881,"KABRA EXTRUSION TECHNIK LTDBATTRIXX , KABRA EXTRUSION TECHNIK LTDBATTRIXX",Pune,Pune,shree sai auto (new),,410501,1,05-08-2026,05-08-2026,Pune_Bhamboli_L (Maharashtra),06-08-2026 14:43,Delivered,Delivered,Delivered to Consignee,29-07-2026,05-08-2026 16:53,Pre-paid,5.43766E+13,Clean POD | As per POD audit,,,,53:22.1,49000,17.62,53:14.4,53:14.4,1,,A,Forward Shipment,308360602,Maharashtra
313169658,DCGN-10151/26-27,3,pbsenterprises10 rp b2brc,06:09.8,,,`DCGN-10151/26-27,"ROZE SOLAR SOLUTIONS PRIVATE LIMITED, ROZE",Noida,Kottayam,fujiyama power system (panel),,686632,0,,,Noida_Bairangpur_GW (Uttar Pradesh),11-08-2026 19:06,Manifested,Undelivered,Consignment Manifested,,,Pre-paid,5.43766E+13,,,,,,74669,10,,,,,D2,Forward Shipment,,Kerala
311250812,B1_51105_B_120415,3,pbsenterprises10 rp b2brc,10:38.9,07-07-2026 15:20,13-07-2026,`DC/UEPL/MOZ/512,"KABRA EXTRUSION TECHNIK LTDBATTRIXX , KABRA EXTRUSION TECHNIK LTDBATTRIXX",Muzaffarnagar,Pune,upgrid muzaffarnagar wh0019,,410501,1,15-07-2026,15-07-2026,Pune_Bhamboli_L (Maharashtra),16-07-2026 19:38,Delivered,Delivered,Delivered to Consignee,13-07-2026,15-07-2026 13:43,Pre-paid,5.43766E+13,Clean POD | As per POD audit,,,,22:00.5,40002,49.47,43:56.7,43:56.7,1,,D2,Forward Shipment,303421208,Maharashtra
311934648,RACHNA JI,2,pbsenterprises10 rp b2brc,48:13.4,21-07-2026 14:17,25-07-2026,`D-01058/26-27,"FUJIYAMA POWER SYSTEMS LIMITED, FUJIYAMA POWER SYSTEMS LIMITED",Unnao,Noida,rachna ji uttam 5587f,,201301,2,24-07-2026,25-07-2026,Noida_Surajpur_L (Uttar Pradesh),30-07-2026 12:42,Delivered,Delivered,Delivered to Consignee,25-07-2026,27-07-2026 18:03,Pre-paid,5.43766E+13,Clean POD | As per POD audit,,,,07:26.1,63888,50.6,14:39.4,03:27.2,2,,B,Forward Shipment,306878806,Uttar Pradesh
312471581,B111001390218025-5561578,2,pbsenterprises10 rp b2brc,59:35.5,30-07-2026 14:52,03-08-2026,`899,"KABRA EXTRUSION TECHNIK-GURUGRAM , KABRA EXTRUSION TECHNIK-GURUGRAM",Haridwar,Gurgaon,bhuwan automobiles,,122004,1,04-08-2026,04-08-2026,Gurgaon_Sihi_L (Haryana),05-08-2026 16:07,Delivered,Delivered,Delivered to Consignee,03-08-2026,04-08-2026 16:23,Pre-paid,5.43766E+13,Clean POD | As per POD audit,,,,56:46.2,49000,20.47,23:23.2,23:23.2,1,,B,Forward Shipment,309190900,Haryana
312684833,B112004180_131263,2,pbsenterprises10 rp b2brc,42:05.9,01-08-2026 17:44,05-08-2026,`DC/UEPL/GRK/400,"KABRA EXTRUSION TECHNIK-GURUGRAM , KABRA EXTRUSION TECHNIK-GURUGRAM",Gorakhpur,Gurgaon,upgrid wh0049 gorakhpur,,122004,1,04-08-2026,04-08-2026,Gurgaon_Sihi_L (Haryana),05-08-2026 17:28,Delivered,Delivered,Delivered to Consignee,05-08-2026,04-08-2026 16:09,Pre-paid,5.43766E+13,Clean POD | As per POD audit,,,,09:14.5,20001,20.22,09:40.7,09:40.7,1,,D1,Forward Shipment,309755138,Haryana
312309690,DCGN-8871/26-27,2,pbsenterprises10 rp b2brc,24:38.0,27-07-2026 19:29,31-07-2026,`DCGN-8871/26-27,"M/S NEW EXCEL BATTERIES & INVERTER, .",Noida,Bijnor,fujiyama power system (panel),,246701,1,31-07-2026,31-07-2026,Bijnor_Garhi_D (Uttar Pradesh),01-08-2026 09:46,Delivered,Delivered,Delivered to Consignee,31-07-2026,31-07-2026 18:18,Pre-paid,5.43766E+13,Clean POD | As per POD audit,,,,25:50.1,37561,49.6,18:20.5,18:20.5,1,,B,Forward Shipment,308328531,Uttar Pradesh
312396063,MK5AJ5GNBA00869 5550818,2,pbsenterprises10 rp b2brc,17:32.7,28-07-2026 15:43,31-07-2026,`7768,"SIDDHI VINAYAK SERVICES, SIDDHI VINAYAK SERVICES",Salem,Thiruvananthapuram,oxygen energy enterprises ampere,,695026,1,01-08-2026,01-08-2026,Trivandrum_Chelamangalm_L (Kerala),01-08-2026 17:27,Delivered,Delivered,Delivered to Consignee,31-07-2026,01-08-2026 17:11,Pre-paid,5.43766E+13,Clean POD | As per POD audit,,,,33:17.9,49000,30.71,11:33.5,11:33.5,1,,D1,Forward Shipment,308389222,Kerala
311256218,A48281E24HO7320-5558290,2,pbsenterprises10 rp b2brc,15:05.1,07-07-2026 18:22,13-07-2026,`846,"KAMAL LAXMI INDUSTRIES-AMPERE, KAMAL LAXMI INDUSTRIES-AMPERE",Muzaffarnagar,Raipur,devansh electric automobiles,,492015,1,13-07-2026,13-07-2026,Raipur_Devpuri_L (Chhattisgarh),14-07-2026 15:55,Delivered,Delivered,Delivered to Consignee,13-07-2026,13-07-2026 15:17,Pre-paid,5.43766E+13,Clean POD | As per POD audit,,,,35:50.7,49000,10.36,17:52.2,17:52.2,1,,D1,Forward Shipment,303473384,Chhattisgarh
311811558,B111001390255148-5559624,2,pbsenterprises10 rp b2brc,38:12.4,18-07-2026 21:28,25-07-2026,`941,"KABRA EXTRUSION TECHNIK LTDBATTRIXX , KABRA EXTRUSION TECHNIK LTDBATTRIXX",Tuticorin,Pune,prma motors,,410501,1,25-07-2026,25-07-2026,Pune_Bhamboli_L (Maharashtra),26-07-2026 08:52,Delivered,Delivered,Delivered to Consignee,25-07-2026,25-07-2026 21:01,Pre-paid,5.43766E+13,Clean POD | As per POD audit,,,,56:33.3,48999,20.16,01:11.4,01:11.4,1,,D2,Forward Shipment,305981778,Maharashtra
312477260,DCGN-9175/26-27,2,pbsenterprises10 rp b2brc,55:52.3,31-07-2026 19:46,07-08-2026,`DCGN-9175/26-27,"mantra enterprises, .",Noida,Godda,fujiyama power system (panel),,814133,1,07-08-2026,07-08-2026,Godda_Maruabaran_D (Jharkhand),08-08-2026 19:04,Delivered,Delivered,Delivered to Consignee,06-08-2026,07-08-2026 15:00,Pre-paid,5.43766E+13,Clean POD | As per POD audit,,,,25:41.3,8250,60,01:12.1,01:12.1,1,,D1,Forward Shipment,309440961,Jharkhand
311933767,SAFELI,2,pbsenterprises10 rp b2brc,38:21.5,20-07-2026 14:46,22-07-2026,`AS-226,"Mayuri motor, Mayuri motor",Guwahati,Mangaldoi,safeli assam kakkar smart energy ventures llp,,784521,1,22-07-2026,22-07-2026,Udalguri_Milonpur_D (Assam),23-07-2026 16:16,Delivered,Delivered,Delivered to Consignee,22-07-2026,22-07-2026 17:14,Pre-paid,5.43766E+13,Clean POD | As per POD audit,,,,47:28.4,20000,9.52,14:48.2,14:48.2,1,,E,Forward Shipment,306638126,Assam
312235501,B111001390207151-5561268,2,pbsenterprises10 rp b2brc,09:47.6,25-07-2026 16:04,28-07-2026,`880,"KABRA EXTRUSION TECHNIK LTDBATTRIXX , KABRA EXTRUSION TECHNIK LTDBATTRIXX",Karim Nagar,Pune,sv motors,,410501,1,31-07-2026,31-07-2026,Pune_Bhamboli_L (Maharashtra),01-08-2026 21:40,Delivered,Delivered,Delivered to Consignee,28-07-2026,31-07-2026 16:34,Pre-paid,5.43766E+13,Clean POD | As per POD audit,,,,37:38.0,49000,20.25,34:48.9,34:48.9,1,,D1,Forward Shipment,307834377,Maharashtra
312005632,E2W4830A11250159-5559240,2,pbsenterprises10 rp b2brc,25:01.8,21-07-2026 18:21,27-07-2026,`574,"CYGNI ENERGY PRIVATE LIMITED, CYGNI ENERGY PRIVATE LIMITED",Rajkot,Hyderabad,axis enertech,,501359,1,27-07-2026,27-07-2026,Hyderabad_Shamshbd_H (Telangana),27-07-2026 10:14,Delivered,Delivered,Delivered to Consignee,27-07-2026,27-07-2026 10:14,Pre-paid,5.43766E+13,Contactless Delivery -  Geofence verified,,,,42:26.6,49000,15.38,14:22.2,14:22.2,1,,D1,Forward Shipment,306920437,Telangana
312736981,SAFELI,2,pbsenterprises10 rp b2brc,50:58.3,03-08-2026 20:25,08-08-2026,`5,"KAKKAR SMART ENERGY VENTURES LLP, KAKKAR SMART ENERGY VENTURES LLP",Bhawani Mandi,Sonipat,safeli sanwra motors,,131028,1,08-08-2026,08-08-2026,Sonipat_Sector42_P (Haryana),10-08-2026 12:33,Delivered,Delivered,Delivered to Consignee,08-08-2026,08-08-2026 16:03,Pre-paid,5.43766E+13,Clean POD | As per POD audit,,,,51:59.9,15000,58.78,03:41.0,03:41.0,1,,D1,Forward Shipment,310200168,Haryana
311190554,DCGN-6887/26-27,2,pbsenterprises10 rp b2brc,20:57.0,06-07-2026 19:02,10-07-2026,`DCGN-6887/26-27,"S.K.AUTO ELECTRICAL, S.K.AUTO ELECTRICAL",Noida,Dholpur,fujiyama power system (panel),,328001,1,09-07-2026,09-07-2026,Dholpur_KamlaColony_D (Rajasthan),11-07-2026 12:11,Delivered,Delivered,Delivered to Consignee,10-07-2026,09-07-2026 14:43,Pre-paid,5.43766E+13,Clean POD | As per POD audit,,,,43:42.4,40260,47.2,43:23.1,43:23.1,1,,B,Forward Shipment,303127210,Rajasthan
311867519,SAFELI,2,pbsenterprises10 rp b2brc,16:44.8,18-07-2026 19:54,21-07-2026,`45,"Kakkar smart energy ventures LLP, Kakkar smart energy ventures LLP",Bajore,Jaipur,safeli om automotives,,302020,1,21-07-2026,21-07-2026,Jaipur_Bhakrota_L (Rajasthan),24-07-2026 12:54,Delivered,Delivered,Delivered to Consignee,21-07-2026,21-07-2026 17:46,Pre-paid,5.43766E+13,Clean POD | As per POD audit,,,,06:49.8,48000,55.26,46:50.8,46:50.8,1,,B,Forward Shipment,306227163,Rajasthan
312061419,E2W4830A33250534-5560340,2,pbsenterprises10 rp b2brc,55:03.2,22-07-2026 15:04,27-07-2026,`790,"CYGNI ENERGY PRIVATE LIMITED, CYGNI ENERGY PRIVATE LIMITED",Jamshedpur,Hyderabad,steel city automobiles,,501359,1,27-07-2026,27-07-2026,Hyderabad_Shamshbd_H (Telangana),27-07-2026 10:14,Delivered,Delivered,Delivered to Consignee,27-07-2026,27-07-2026 10:14,Pre-paid,5.43766E+13,Contactless Delivery -  Geofence verified,,,,28:43.1,49000,12.54,14:42.2,14:42.2,1,,D2,Forward Shipment,307173254,Telangana
312213293,B111002350121976-5558933,2,pbsenterprises10 rp b2brc,33:27.3,25-07-2026 12:15,31-07-2026,`904,"KABRA EXTRUSION TECHNIK LTDBATTRIXX , KABRA EXTRUSION TECHNIK LTDBATTRIXX",Kolkata,Pune,new db enterprise,,410501,1,04-08-2026,04-08-2026,Pune_Bhamboli_L (Maharashtra),05-08-2026 17:16,Delivered,Delivered,Delivered to Consignee,31-07-2026,04-08-2026 16:07,Pre-paid,5.43766E+13,Clean POD | As per POD audit,,,,11:31.8,49000,17.75,07:10.2,07:10.2,1,,C2,Forward Shipment,307758989,Maharashtra
313015060,A48281E24H23348  5558881,2,pbsenterprises10 rp b2brc,08:47.6,08-08-2026 20:43,12-08-2026,`8790,"EMKAY MOTORS PVT LTD, EMKAY MOTORS PVT LTD",Salem,Pathanamthitta,oxygen energy enterprises ampere,,689647,1,12-08-2026,12-08-2026,Pathanamthitta_Mangaram_D (Kerala),12-08-2026 10:57,Dispatched,Undelivered,Out for Delivery,12-08-2026,,Pre-paid,5.43766E+13,,,,,36:23.1,49000,10.4,,,,,B,Forward Shipment,311620401,Kerala
311107403,RACHNA JI,2,pbsenterprises10 rp b2brc,33:05.0,04-07-2026 18:39,11-07-2026,`SM/NR/26/0481396,"RISHIKESH PAL, FUJIYAMA POWER SYSTEMS LIMITED-NOIDA 51,52",Kolkata,Noida,rachna ji biswajit utl 5585,,201308,1,09-07-2026,09-07-2026,Noida_Surajpur_L (Uttar Pradesh),10-07-2026 16:26,Delivered,Delivered,Delivered to Consignee,11-07-2026,09-07-2026 19:02,Pre-paid,5.43766E+13,Clean POD | As per POD audit,,,,48:52.5,47200,49.47,02:43.3,02:43.3,1,,C2,Forward Shipment,302742555,Uttar Pradesh
311862039,DCGN-7998/26-27,2,pbsenterprises10 rp b2brc,13:31.2,20-07-2026 18:35,27-07-2026,`DCGN-7998/26-27,"mantra enterprises, .",Noida,Godda,fujiyama power system (panel),,814133,1,25-07-2026,25-07-2026,Godda_Maruabaran_D (Jharkhand),28-07-2026 10:50,Delivered,Delivered,Delivered to Consignee,27-07-2026,25-07-2026 11:16,Pre-paid,5.43766E+13,Clean POD | As per POD audit,,,,25:57.6,8590,60,22:41.9,22:41.9,1,,D1,Forward Shipment,306596899,Jharkhand
311182380,Drive volts,2,pbsenterprises10 rp b2brc,41:45.2,06-07-2026 18:59,11-07-2026,`115,"., Drive Volts Private Limited",Damoh,Dehradun,dharmendra sahu,,248011,1,11-07-2026,11-07-2026,Dehradun_Temp_L (Uttarakhand),11-07-2026 16:47,Delivered,Delivered,Delivered to Consignee,11-07-2026,11-07-2026 16:47,Pre-paid,5.43766E+13,Contactless Delivery -  Geofence verified,,,,16:55.6,15000,61.48,47:44.7,47:44.7,1,,D1,Forward Shipment,FMINC_a9d90540-793e-11f1-ae85-f91b7dc91c37,Uttarakhand
311743108,DCGN-7798/26-27,2,pbsenterprises10 rp b2brc,47:39.1,18-07-2026 21:26,25-07-2026,`DCGN-7798/26-27,"ANJU ELECTRONIC & MACHINERY STORE, .",Noida,Chhibramau,fujiyama power system (panel),,209731,1,25-07-2026,25-07-2026,Chhibramau_TajpurRd_D (Uttar Pradesh),25-07-2026 15:12,Delivered,Delivered,Delivered to Consignee,22-07-2026,25-07-2026 15:12,Pre-paid,5.43766E+13,Contactless Delivery -  Geofence verified,,,,33:35.2,9888,66.54,12:38.9,12:38.9,1,,B,Forward Shipment,FMINC_2fe7cf82-82c1-11f1-bbfc-291932d3a787,Uttar Pradesh
311478449,SAFELI,2,pbsenterprises10 rp b2brc,32:16.7,11-07-2026 13:56,14-07-2026,`AS-212,"AGNEEJ AUTO, AGNEEJ AUTO",Guwahati,Tezpur,safeli assam kakkar smart energy ventures llp,,784001,1,15-07-2026,15-07-2026,Tezpur_Dipota_H (Assam),15-07-2026 10:53,Delivered,Delivered,Delivered to Consignee,14-07-2026,15-07-2026 10:53,Pre-paid,5.43766E+13,Contactless Delivery -  Geofence verified,,,,44:03.4,45000,1.92,54:04.5,54:04.5,1,,E,Forward Shipment,304492279,Assam
312363858,DCGN-9003/26-27,2,pbsenterprises10 rp b2brc,50:15.5,28-07-2026 19:31,03-08-2026,`DCGN-9003/26-27,"DHIRAJ, .",Noida,Lakhisarai,fujiyama power system (panel),,811311,1,03-08-2026,03-08-2026,Lakhisarai_Kiul_H (Bihar),04-08-2026 11:36,Delivered,Delivered,Delivered to Consignee,03-08-2026,03-08-2026 16:46,Pre-paid,5.43766E+13,Clean POD | As per POD audit,,,,39:56.2,37561,49.41,46:42.5,46:42.5,1,,D1,Forward Shipment,308620847,Bihar
311544506,SAFELi,2,pbsenterprises10 rp b2brc,37:19.1,14-07-2026 16:35,17-07-2026,`12,"KAKKAR SMART ENERGY VENTURES LLP, KAKKAR SMART ENERGY VENTURES LLP",Chandausi,Sonipat,safeli banke bihari traders,,131028,1,17-07-2026,17-07-2026,Sonipat_Sector42_P (Haryana),18-07-2026 19:47,Delivered,Delivered,Delivered to Consignee,17-07-2026,17-07-2026 17:31,Pre-paid,5.43766E+13,Clean POD | As per POD audit,,,,26:47.1,15000,59.21,31:35.9,31:35.9,1,,B,Forward Shipment,305155455,Haryana
312655504,DCGN-9499/26-27,2,pbsenterprises10 rp b2brc,33:01.8,01-08-2026 18:05,10-08-2026,`DCGN-9499/26-27,", SHRIVARI RITYAM TRADERS AND EXPORTS PRIVATE",Noida,Tiruppattur,fujiyama power system (panel),,635601,2,08-08-2026,11-08-2026,Tiruppattur_KrishagiriRd_D (Tamil Nadu),11-08-2026 17:45,Delivered,Delivered,Delivered to Consignee,08-08-2026,11-08-2026 17:45,Pre-paid,5.43766E+13,Geofence not verified,,,,53:08.8,113024,115.5,45:17.0,45:17.0,1,,D2,Forward Shipment,309711732,Tamil Nadu
311437059,B111001390196386-5558654,2,pbsenterprises10 rp b2brc,12:23.6,14-07-2026 16:48,18-07-2026,`870,"KAMAL LAXMI INDUSTRIES-AMPERE, KAMAL LAXMI INDUSTRIES-AMPERE",Saharanpur,Raipur,bagla ampere electric,,492015,1,21-07-2026,21-07-2026,Raipur_Devpuri_L (Chhattisgarh),23-07-2026 15:26,Delivered,Delivered,Delivered to Consignee,18-07-2026,21-07-2026 12:24,Pre-paid,5.43766E+13,Clean POD | As per POD audit,,,,20:43.2,49000,17.39,24:25.4,24:25.4,1,,D1,Forward Shipment,304933858,Chhattisgarh
312850972,B111001390280671-5557378,4,pbsenterprises10 rp b2brc,35:15.8,06-08-2026 17:16,14-08-2026,`589,"KABRA EXTRUSION TECHNIK LTDBATTRIXX , KABRA EXTRUSION TECHNIK LTDBATTRIXX",Guwahati,Pune,jubilant foodworks ltd-guwahati,,410501,0,,,Kolkata_Dankuni_GW (West Bengal),12-08-2026 11:42,In Transit,Undelivered,Consignment Dispatched from Origin City,14-08-2026,,Pre-paid,5.43766E+13,,,,,,49000,20.56,,,,,E,Forward Shipment,310798553,Maharashtra
312847067,RACHNA JI,2,pbsenterprises10 rp b2brc,42:13.5,08-08-2026 17:29,14-08-2026,`D-010166/26-27,"FUJIYAMA POWER SYSTEMS LIMITED, FUJIYAMA POWER SYSTEMS LIMITED",Jharsuguda,Noida,rachna ji prashant 1064a,,201301,0,,,Gurgaon_Tauru_GW (Haryana),12-08-2026 10:47,In Transit,Undelivered,Consignment Dispatched from Origin City,14-08-2026,,Pre-paid,5.43766E+13,,,,,,63888,50.7,,,,,D1,Forward Shipment,311610978,Uttar Pradesh
311986560,RACHNA JI,4,pbsenterprises10 rp b2brc,56:58.8,22-07-2026 16:58,23-07-2026,`D-01011/26-27,"FUJIYAMA POWER SYSTEMS LIMITED, FUJIYAMA POWER SYSTEMS LIMITED",Gurgaon,Noida,rachna ji mahabir 5526c b2b,,201301,1,29-07-2026,29-07-2026,Noida_Surajpur_L (Uttar Pradesh),31-07-2026 11:03,Delivered,Delivered,Delivered to Consignee,23-07-2026,30-07-2026 12:44,Pre-paid,5.43766E+13,Clean POD | As per POD audit,,,,57:03.4,318768,63.52,44:57.0,44:57.0,1,,A,Forward Shipment,307153911,Uttar Pradesh
312326724,B111001390271092-5561544,2,pbsenterprises10 rp b2brc,52:50.1,27-07-2026 13:46,01-08-2026,`651,"KABRA EXTRUSION TECHNIK LTDBATTRIXX , KABRA EXTRUSION TECHNIK LTDBATTRIXX",Shivpuri,Pune,cr ampere,,410501,1,04-08-2026,04-08-2026,Pune_Bhamboli_L (Maharashtra),05-08-2026 15:54,Delivered,Delivered,Delivered to Consignee,01-08-2026,04-08-2026 16:06,Pre-paid,5.43766E+13,Clean POD | As per POD audit,,,,17:33.3,49000,20.37,06:50.2,06:50.2,1,,D1,Forward Shipment,308358951,Maharashtra
312526333,A48281F24H07364-5562086,2,pbsenterprises10 rp b2brc,22:38.0,30-07-2026 15:10,05-08-2026,`921,"KAMAL LAXMI INDUSTRIES-AMPERE, KAMAL LAXMI INDUSTRIES-AMPERE",Chandigarh,Raipur,shri ji enterprises,,492015,1,04-08-2026,04-08-2026,Raipur_Devpuri_L (Chhattisgarh),05-08-2026 16:01,Delivered,Delivered,Delivered to Consignee,05-08-2026,04-08-2026 12:45,Pre-paid,5.43766E+13,Clean POD | As per POD audit,,,,57:39.2,49000,10.56,45:18.6,45:18.6,1,,D2,Forward Shipment,309180019,Chhattisgarh
312195060,DCGN-8645/26-27,2,pbsenterprises10 rp b2brc,08:14.2,25-07-2026 19:47,30-07-2026,`DCGN-8645/26-27,"SPACE LIGHT ENERGY, .",Noida,Aunrihar,fujiyama power system (panel),,221101,1,01-08-2026,01-08-2026,Aunrihar_Saidpur_D (Uttar Pradesh),01-08-2026 15:55,Delivered,Delivered,Delivered to Consignee,29-07-2026,01-08-2026 13:29,Pre-paid,5.43766E+13,Clean POD | As per POD audit,,,,17:45.7,26109,30.14,29:16.7,29:16.7,1,,D1,Forward Shipment,307942843,Uttar Pradesh
312061727,DCGN-8336/26-27,5,pbsenterprises10 rp b2brc,58:18.5,22-07-2026 20:07,28-07-2026,`DCGN-8336/26-27,"mantra enterprises, .",Noida,Godda,fujiyama power system (panel),,814133,1,27-07-2026,27-07-2026,Godda_Maruabaran_D (Jharkhand),28-07-2026 10:21,Delivered,Delivered,Delivered to Consignee,28-07-2026,27-07-2026 10:59,Pre-paid,5.43766E+13,Clean POD | As per POD audit,,,,06:35.8,41961,60.3,59:16.4,59:16.4,1,,D1,Forward Shipment,307136441,Jharkhand
310964194,FUJIYAMA-6565,2,pbsenterprises10 rp b2brc,12:33.9,02-07-2026 18:48,06-07-2026,`DCGN-6565/26-27,"DEEPAK KUMAR, .",Noida,Bilaspur-HR,fujiyama power system (panel),,123401,1,07-07-2026,07-07-2026,Gurgaon_Pathradi_L (Haryana),07-07-2026 13:43,Delivered,Delivered,Delivered to Consignee,06-07-2026,07-07-2026 13:43,Pre-paid,5.43766E+13,Contactless Delivery -  Geofence not verified,,,,34:58.5,119255,117,43:41.9,43:41.9,1,,B,Forward Shipment,302046695,Haryana
312061844,B1110013902551475558651,2,pbsenterprises10 rp b2brc,59:52.2,22-07-2026 15:53,25-07-2026,`020/26-27,"SHREE SAI AUTO , SHREE SAI AUTO",Ahmedabad,Pune,jalaram lithium battery ampere b2b,,411027,1,27-07-2026,27-07-2026,Pune_GandharvNagari_L (Maharashtra),29-07-2026 15:19,Delivered,Delivered,Delivered to Consignee,25-07-2026,27-07-2026 16:40,Pre-paid,5.43766E+13,Clean POD | As per POD audit,,,,45:40.3,47200,20.28,40:30.4,40:30.4,1,,C1,Forward Shipment,307172778,Maharashtra
311737853,EA5160W162303885-5559513,2,pbsenterprises10 rp b2brc,52:40.3,17-07-2026 13:03,21-07-2026,`879,"CYGNI ENERGY PRIVATE LIMITED, CYGNI ENERGY PRIVATE LIMITED",Palakkad,Hyderabad,dynamic enterprises,,501359,3,27-07-2026,06-08-2026,Coimbatore_Pudhupalayam_GW (Tamil Nadu),12-08-2026 12:34,In Transit,Returned,Consignment moved from Destination,21-07-2026,,Pre-paid,5.43766E+13,,13-08-2026,,,39:09.3,49000,41.08,13:27.3,28:43.8,2,28:20.2,D1,Forward Shipment,305743885,Telangana
312358456,DCGN-8989/26-27,2,pbsenterprises10 rp b2brc,54:25.9,28-07-2026 19:30,08-08-2026,`DCGN-8989/26-27,"SURYA MITRA SOLAR & ELECTRICALS AGENCY, .",Noida,Banda,fujiyama power system (panel),,210001,1,06-08-2026,06-08-2026,Banda_GayatriNagar_D (Uttar Pradesh),07-08-2026 15:10,Delivered,Delivered,Delivered to Consignee,03-08-2026,06-08-2026 21:06,Pre-paid,5.43766E+13,Clean POD | As per POD audit,,,,37:00.5,22261,48.6,06:26.3,06:26.3,1,,D1,Forward Shipment,308620847,Uttar Pradesh
313030194,SAFELI,3,pbsenterprises10 rp b2brc,04:04.6,,,`56,"KAKKAR SMART ENERGY VENTURES LLP, KAKKAR SMART ENERGY VENTURES LLP",Samastipur,Sonipat,safeli kd enterprises,,131028,0,,,Samastipur_RhmprRdli_D (Bihar),08-08-2026 17:04,Manifested,Undelivered,Consignment Manifested,,,Pre-paid,5.43766E+13,,,,,,15000,10,,,,,D1,Forward Shipment,,Haryana
311936945,SAFELI,2,pbsenterprises10 rp b2brc,16:51.5,21-07-2026 20:06,27-07-2026,`46,"KAKKAR SMART ENERGY VENTURES LLP, KAKKAR SMART ENERGY VENTURES LLP",Murliganj,Sonipat,safeli astha automobile,,131028,1,27-07-2026,27-07-2026,Sonipat_Sector42_P (Haryana),29-07-2026 09:55,Delivered,Delivered,Delivered to Consignee,27-07-2026,27-07-2026 14:44,Pre-paid,5.43766E+13,Clean POD | As per POD audit,,,,41:03.7,15000,59.82,44:56.2,44:56.2,1,,D1,Forward Shipment,306910301,Haryana
312747677,Supreme,3,pbsenterprises10 rp b2brc,36:02.5,06-08-2026 19:10,13-08-2026,`SLE/26-27/00282,"Shree Tulja Bhavani Enterprises, .",Noida,Patan-MH,supreme e-94,,415205,0,,,Patan_Ashram_D (Maharashtra),12-08-2026 07:51,Pending,Undelivered,Consignment Reached at Destination,11-08-2026,,Pre-paid,5.43766E+13,,,,,51:50.2,26609,4,,,,,D2,Forward Shipment,311041556,Maharashtra
313025352,DCGN-10155/26-27,2,pbsenterprises10 rp b2brc,10:29.5,,,`DCGN-10155/26-27,"RAJENDRA KUMAR., .",Noida,Delhi,fujiyama power system (panel),,110053,0,,,Noida_Bairangpur_GW (Uttar Pradesh),08-08-2026 20:12,Manifested,Undelivered,Delay due to Disturbance/Strike,,,Pre-paid,5.43766E+13,,,,,,124036,20,,,,,A,Forward Shipment,,Delhi
311257747,FUJIYAMA-7013,2,pbsenterprises10 rp b2brc,32:17.3,08-07-2026 20:51,13-07-2026,`DCGN-7013/26-27,"LEELMAX POWER SOLUTION PRIVATE LIMITED, .",Noida,Jaipur,fujiyama power system (panel),,302026,1,13-07-2026,13-07-2026,Jaipur_Bhakrota_L (Rajasthan),14-07-2026 20:06,Delivered,Delivered,Delivered to Consignee,13-07-2026,13-07-2026 13:28,Pre-paid,5.43766E+13,Clean POD | As per POD audit,,,,32:10.4,27196,33,28:26.4,28:26.4,1,,B,Forward Shipment,303676804,Rajasthan
311815079,DCGN-7931/26-27,2,pbsenterprises10 rp b2brc,11:39.6,18-07-2026 21:26,23-07-2026,`DCGN-7931/26-27,"M/S NEW SUSHIL ELECTRONICS , .",Noida,Azamgarh,fujiyama power system (panel),,276001,1,25-07-2026,25-07-2026,Azamgarh_Husanganj_H (Uttar Pradesh),27-07-2026 12:14,Delivered,Delivered,Delivered to Consignee,23-07-2026,25-07-2026 19:32,Pre-paid,5.43766E+13,Clean POD | As per POD audit,,,,15:05.5,38717,49.96,32:54.6,32:54.6,1,,D1,Forward Shipment,FMINC_2fe7cf82-82c1-11f1-bbfc-291932d3a787,Uttar Pradesh
311174080,FUJIYAMA-6882,2,pbsenterprises10 rp b2brc,20:04.7,06-07-2026 19:02,13-07-2026,`DCGN-6882/26-27,"D.K. ENTERPRISES, .",Noida,Kushinagar,fujiyama power system (panel),,274203,2,13-07-2026,14-07-2026,Kushinagar_Hata1_D (Uttar Pradesh),01-08-2026 08:33,Delivered,Delivered,Delivered to Consignee,11-07-2026,14-07-2026 20:22,Pre-paid,5.43766E+13,Clean POD | As per POD audit,,,,12:50.6,41559,49.55,27:52.8,22:44.4,2,,D1,Forward Shipment,303127210,Uttar Pradesh
312081414,DCGN-8416/26-27,2,pbsenterprises10 rp b2brc,34:54.8,22-07-2026 20:09,29-07-2026,`DCGN-8416/26-27,"HASIM ENTERPRISE, .",Noida,Murarai,fujiyama power system (panel),,731219,1,27-07-2026,27-07-2026,Murarai_Birbhumi_D (West Bengal),28-07-2026 14:04,Delivered,Delivered,Delivered to Consignee,29-07-2026,27-07-2026 18:01,Pre-paid,5.43766E+13,Clean POD | As per POD audit,,,,19:46.9,35974,50,01:30.9,01:30.9,1,,D1,Forward Shipment,307136441,West Bengal
312821112,goods,2,pbsenterprises10 rp b2brc,26:51.8,04-08-2026 20:27,11-08-2026,`01,"kakkar smart energy , kakkar",Muzaffarpur,Sonipat,safeli maa bhawani agency,,131028,1,11-08-2026,11-08-2026,Sonipat_Sector62_D (Haryana),11-08-2026 17:13,Delivered,Delivered,Delivered to Consignee,10-08-2026,11-08-2026 16:23,Pre-paid,5.43766E+13,LM POD document uploaded,,,,21:52.9,7000,3,23:05.2,23:05.2,1,,D1,Forward Shipment,310497877,Haryana
312199300,Drive volts,2,pbsenterprises10 rp b2brc,55:38.3,24-07-2026 18:23,29-07-2026,`125,"0, Drive Volts Private Limited",Robertsganj,Dehradun,jain enterprises,,248011,2,29-07-2026,29-07-2026,Dehradun_Temp_L (Uttarakhand),29-07-2026 16:32,Delivered,Delivered,Delivered to Consignee,29-07-2026,29-07-2026 16:32,Pre-paid,5.43766E+13,Contactless Delivery -  Geofence verified,,,,56:56.8,15000,13.5,32:10.4,32:10.4,1,,D1,Forward Shipment,307715049,Uttarakhand
311477824,B111001390_242562   5556386,2,pbsenterprises10 rp b2brc,24:29.5,11-07-2026 14:08,13-07-2026,`7540,"SRI BIKE, SRI BIKE",Salem,Coimbatore,oxygen energy enterprises ampere,,641664,2,13-07-2026,13-07-2026,Coimbatore_Pudhupalayam_GW (Tamil Nadu),15-07-2026 10:57,Delivered,Delivered,Delivered to Consignee,13-07-2026,13-07-2026 15:22,Pre-paid,5.43766E+13,Clean POD | As per POD audit,,,,52:13.5,49000,13.3,22:48.0,22:48.0,1,,B,Forward Shipment,304495125,Tamil Nadu
312345777,DCGN-8966/26-27,2,pbsenterprises10 rp b2brc,55:20.7,27-07-2026 19:35,31-07-2026,`DCGN-8966/26-27,"SUKHDEV, .",Noida,Rampur,fujiyama power system (panel),,244901,1,30-07-2026,30-07-2026,Rampur_Shekppasha_D (Uttar Pradesh),31-07-2026 11:06,Delivered,Delivered,Delivered to Consignee,31-07-2026,30-07-2026 15:03,Pre-paid,5.43766E+13,Clean POD | As per POD audit,,,,10:39.9,328055,115,03:36.2,03:36.2,1,,B,Forward Shipment,308328531,Uttar Pradesh
312777367,Bounce,2,pbsenterprises10 rp b2brc,27:04.3,04-08-2026 15:46,06-08-2026,`03,"Clean Electric Private Limited, .",Pune,Pune,bounce infinity ev workshop,,410501,1,11-08-2026,11-08-2026,Pune_Bhamboli_L (Maharashtra),11-08-2026 15:49,Delivered,Delivered,Delivered to Consignee,06-08-2026,11-08-2026 15:49,Pre-paid,5.43766E+13,Contactless Delivery -  Geofence verified,,,,39:45.1,45000,15.56,49:48.2,49:48.2,1,,A,Forward Shipment,310462572,Maharashtra
286357664,582,2,pbsenterprises10 rp b2brc,15:38.8,28-07-2026 19:15,01-08-2026,`DC-001,Cygni Energy Pvt Ltd,Bangalore,Hyderabad,r g motors,,501359,1,01-08-2026,01-08-2026,Hyderabad_Shamshbd_H (Telangana),01-08-2026 13:01,Delivered,Delivered,Delivered to Consignee,01-08-2026,01-08-2026 13:01,Pre-paid,5.43766E+13,Contactless Delivery -  Geofence verified,,,,06:07.3,15000,12.48,04:41.9,04:41.9,1,,D1,Forward Shipment,308652890,Telangana
311544247,SAFELI,3,pbsenterprises10 rp b2brc,35:23.6,13-07-2026 18:02,20-07-2026,`45,"KAKKAR SMART ENERGY VENTURES LLP, KAKKAR SMART ENERGY VENTURES LLP",Madhepura,Sonipat,safeli shiv shankar agro,,131028,1,21-07-2026,21-07-2026,Sonipat_Sector42_P (Haryana),23-07-2026 15:48,Delivered,Delivered,Delivered to Consignee,20-07-2026,21-07-2026 12:41,Pre-paid,5.43766E+13,Clean POD | As per POD audit,,,,09:23.5,15000,59.58,41:52.5,41:52.5,1,,D1,Forward Shipment,304877860,Haryana
311640161,B121005190_120542,2,pbsenterprises10 rp b2brc,20:19.1,16-07-2026 18:07,23-07-2026,`05,"KABRA EXTRUSION TECHNIK-GURUGRAM , KABRA EXTRUSION TECHNIK-GURUGRAM",Raghunathganj,Gurgaon,high life enterprise  (kab),,122004,2,24-07-2026,28-07-2026,Gurgaon_Sihi_L (Haryana),30-07-2026 12:32,Delivered,Delivered,Delivered to Consignee,23-07-2026,28-07-2026 19:20,Pre-paid,5.43766E+13,Clean POD | As per POD audit,,,,34:46.9,49000,50.3,20:44.4,20:44.4,1,,D2,Forward Shipment,305660450,Haryana
311021868,B111002350123915-5557370,2,pbsenterprises10 rp b2brc,21:46.0,03-07-2026 15:27,09-07-2026,`939,"KABRA EXTRUSION TECHNIK LTDBATTRIXX , KABRA EXTRUSION TECHNIK LTDBATTRIXX",Tuticorin,Pune,prma motors,,410501,1,09-07-2026,09-07-2026,Pune_Bhamboli_L (Maharashtra),10-07-2026 19:45,Delivered,Delivered,Delivered to Consignee,09-07-2026,09-07-2026 16:58,Pre-paid,5.43766E+13,Clean POD | As per POD audit,,,,25:10.9,49000,17.44,58:42.2,58:42.2,1,,D2,Forward Shipment,302326115,Maharashtra
311932506,REDON,2,pbsenterprises10 rp b2brc,20:46.6,24-07-2026 14:00,31-07-2026,`MA/043,"REDON LITHIUM BATTERIES LLP, .",Birpara,Noida,am enterprise,,201308,1,29-07-2026,29-07-2026,Noida_Surajpur_L (Uttar Pradesh),31-07-2026 19:33,Delivered,Delivered,Delivered to Consignee,31-07-2026,29-07-2026 17:38,Pre-paid,5.43766E+13,Clean POD | As per POD audit,,,,42:31.8,35000,14.73,38:38.5,38:38.5,1,,D2,Forward Shipment,307706341,Uttar Pradesh
312476652,B112004420_125420,4,pbsenterprises10 rp b2brc,50:42.0,29-07-2026 15:36,01-08-2026,`DC/UEPL/LKO/1727,"KABRA EXTRUSIONTECHNIK LTD, KABRA EXTRUSIONTECHNIK LTD",Lucknow,Gurgaon,upgrid wh0105 lucknow,,122004,1,04-08-2026,04-08-2026,Gurgaon_Sihi_L (Haryana),05-08-2026 15:51,Delivered,Delivered,Delivered to Consignee,01-08-2026,04-08-2026 16:18,Pre-paid,5.43766E+13,Clean POD | As per POD audit,,,,18:42.0,60003,20.52,18:52.2,18:52.2,1,,D1,Forward Shipment,308947199,Haryana
312970263,SAFELI,2,pbsenterprises10 rp b2brc,23:17.4,,,`56,"KAKKAR SMART ENERGY VENTURES LLP, KAKKAR SMART ENERGY VENTURES LLP",Lucknow,Sonipat,safeli baba auto sales b2b,,131028,0,,,Lucknow_Barabankimati_L (Uttar Pradesh),07-08-2026 16:23,Manifested,Undelivered,Consignment Manifested,,,Pre-paid,5.43766E+13,,,,,,15000,20,,,,,D1,Forward Shipment,,Haryana
312002500,DCGN-8216/26-27,2,pbsenterprises10 rp b2brc,47:12.5,21-07-2026 20:15,29-07-2026,`DCGN-8216/26-27,"MALATHI ENTERPRISES, .",Noida,Chiramanangad,fujiyama power system (panel),,680519,1,28-07-2026,28-07-2026,Chiramanangad_Akathiyor_D (Kerala),29-07-2026 15:10,Delivered,Delivered,Delivered to Consignee,29-07-2026,28-07-2026 14:28,Pre-paid,5.43766E+13,1 boxes damaged | As per POD audit,,,,45:59.7,27195,33.05,28:32.4,28:32.4,1,,D2,Forward Shipment,306858972,Kerala
313195587,A60391H124A12376   5560203,2,pbsenterprises10 rp b2brc,30:17.1,,,`503,"POWER WHEELS, POWER WHEELS",Salem,Erode,oxygen energy enterprises ampere,,638011,0,,,Salem_Ramalingapuram_H (Tamil Nadu),12-08-2026 12:30,Manifested,Undelivered,Consignment Manifested,,,Pre-paid,5.43766E+13,,,,,,49000,20,,,,,B,Forward Shipment,,Tamil Nadu
313023142,B111001390254365-5562753,2,pbsenterprises10 rp b2brc,47:13.2,10-08-2026 18:56,17-08-2026,`890,"KABRA EXTRUSION TECHNIK LTDBATTRIXX , KABRA EXTRUSION TECHNIK LTDBATTRIXX",Karur,Pune,sanjiv motors,,410501,0,,,Salem_Ramalingapuram_H (Tamil Nadu),12-08-2026 10:27,In Transit,Undelivered,Consignment Dispatched from Origin City,17-08-2026,,Pre-paid,5.43766E+13,,,,,,49000,20.17,,,,,D1,Forward Shipment,312018701,Maharashtra
310847179,A48281E24H22281-5556333,2,pbsenterprises10 rp b2brc,24:55.6,30-06-2026 18:00,06-07-2026,`1,"OXYGEN ENERGY ENTERPRISES-AMPERE, OXYGEN ENERGY ENTERPRISES-AMPERE",Pathanamthitta,Salem,emkay motors pvt ltd,,636006,1,06-07-2026,06-07-2026,Salem_Ramalingapuram_H (Tamil Nadu),07-07-2026 14:30,Delivered,Delivered,Delivered to Consignee,06-07-2026,06-07-2026 17:31,Pre-paid,5.43766E+13,Clean POD | As per POD audit,,,,18:16.6,49000,10.28,31:03.8,31:03.8,1,,B,Forward Shipment,301544767,Tamil Nadu
311642543,B111001390231798-5559100,2,pbsenterprises10 rp b2brc,51:18.3,15-07-2026 18:35,22-07-2026,`880,"KABRA EXTRUSION TECHNIK LTDBATTRIXX , KABRA EXTRUSION TECHNIK LTDBATTRIXX",Hospet,Pune,srichakra motors,,410501,1,22-07-2026,22-07-2026,Pune_Bhamboli_L (Maharashtra),24-07-2026 14:57,Delivered,Delivered,Delivered to Consignee,22-07-2026,23-07-2026 18:58,Pre-paid,5.43766E+13,Clean POD | As per POD audit,,,,43:32.8,49000,20.02,58:52.4,58:52.4,1,,D1,Forward Shipment,305246020,Maharashtra
312872189,B111001390219679-5559785,3,pbsenterprises10 rp b2brc,59:48.5,06-08-2026 14:02,10-08-2026,`880,"KABRA EXTRUSION TECHNIK LTDBATTRIXX , KABRA EXTRUSION TECHNIK LTDBATTRIXX",Bangalore,Pune,active motor,,410501,1,10-08-2026,10-08-2026,Pune_Bhamboli_L (Maharashtra),11-08-2026 15:57,Delivered,Delivered,Delivered to Consignee,10-08-2026,10-08-2026 18:59,Pre-paid,5.43766E+13,Clean POD | As per POD audit,,,,10:01.7,49000,20.02,00:04.2,00:04.2,1,,C1,Forward Shipment,310867664,Maharashtra
311643209,B111001390247290-5559019,2,pbsenterprises10 rp b2brc,59:30.5,15-07-2026 20:01,21-07-2026,`23,"KABRA EXTRUSION TECHNIK LTDBATTRIXX , KABRA EXTRUSION TECHNIK LTDBATTRIXX",Neemuch,Pune,airan green automobiles,,410501,1,22-07-2026,22-07-2026,Pune_Bhamboli_L (Maharashtra),24-07-2026 14:57,Delivered,Delivered,Delivered to Consignee,21-07-2026,23-07-2026 18:59,Pre-paid,5.43766E+13,Clean POD | As per POD audit,,,,18:15.2,42692,20.43,59:39.4,59:39.4,1,,D1,Forward Shipment,305247958,Maharashtra
311208897,B112004450_124908,2,pbsenterprises10 rp b2brc,38:36.5,07-07-2026 15:22,10-07-2026,`DC/UEPL/MH/348,"KABRA EXTRUSION TECHNIK LTDBATTRIXX , KABRA EXTRUSION TECHNIK LTDBATTRIXX",Mumbai,Pune,upgrid wh0076,,410501,1,13-07-2026,13-07-2026,Pune_Bhamboli_L (Maharashtra),14-07-2026 16:35,Delivered,Delivered,Delivered to Consignee,10-07-2026,13-07-2026 16:36,Pre-paid,5.43766E+13,Clean POD | As per POD audit,,,,06:42.1,20001,21.36,37:01.3,37:01.3,1,,B,Forward Shipment,303236601,Maharashtra
310964723,FUJIYAMA-6563,2,pbsenterprises10 rp b2brc,20:46.3,02-07-2026 18:48,04-07-2026,`DCGN-6563/26-27,"M/S SUN POWER PHOTOVOLTAIC KHASRA, .",Noida,Ghaziabad,fujiyama power system (panel),,201206,1,04-07-2026,04-07-2026,Ghaziabad_Indirapuram_L (Uttar Pradesh),05-07-2026 15:16,Delivered,Delivered,Delivered to Consignee,04-07-2026,04-07-2026 14:27,Pre-paid,5.43766E+13,Clean POD | As per POD audit,,,,10:06.7,43763,50.12,27:11.4,27:11.4,1,,B,Forward Shipment,302046695,Uttar Pradesh
311760101,DCGN-7857/26-27,3,pbsenterprises10 rp b2brc,34:30.3,18-07-2026 21:26,22-07-2026,`DCGN-7857/26-27,"Pankaj, .",Noida,Amroha,fujiyama power system (panel),,244221,2,21-07-2026,22-07-2026,Amroha_AtrasiRd_D (Uttar Pradesh),22-07-2026 14:37,Delivered,Delivered,Delivered to Consignee,22-07-2026,22-07-2026 14:37,Pre-paid,5.43766E+13,Contactless Delivery -  Geofence verified,,,,20:05.1,81415,50.02,38:04.8,38:04.8,1,,B,Forward Shipment,FMINC_2fe7cf82-82c1-11f1-bbfc-291932d3a787,Uttar Pradesh
311696783,DCGN-7750/26-27,2,pbsenterprises10 rp b2brc,47:16.5,17-07-2026 07:14,24-07-2026,`DCGN-7750/26-27,"HASIM ENTERPRISE, .",Noida,Murarai,fujiyama power system (panel),,731219,1,25-07-2026,25-07-2026,Murarai_Birbhumi_D (West Bengal),26-07-2026 08:50,Delivered,Delivered,Delivered to Consignee,23-07-2026,25-07-2026 20:55,Pre-paid,5.43766E+13,Clean POD | As per POD audit,,,,21:52.2,39185,50.5,55:47.1,55:47.1,1,,D1,Forward Shipment,FMINC_ff81d1ee-8180-11f1-8622-930937f88e07,West Bengal
312571599,B60382C23A14158-5562601,2,pbsenterprises10 rp b2brc,34:41.1,31-07-2026 14:33,04-08-2026,`925,"GREAVES ELECTRIC MOBILITY, GREAVES ELECTRIC MOBILITY",Bhopal,Ranipet,variety motors,,632403,1,04-08-2026,04-08-2026,Ranipet_Gandhinagar_D (Tamil Nadu),05-08-2026 16:50,Delivered,Delivered,Delivered to Consignee,04-08-2026,04-08-2026 19:50,Pre-paid,5.43766E+13,Clean POD | As per POD audit,,,,42:29.6,49000,15.89,50:07.8,50:07.8,1,,D2,Forward Shipment,309290674,Tamil Nadu
312852014,B111001390271697-5561830,2,pbsenterprises10 rp b2brc,46:10.1,06-08-2026 23:06,13-08-2026,`294,"KABRA EXTRUSION TECHNIK LTDBATTRIXX , KABRA EXTRUSION TECHNIK LTDBATTRIXX",Baripada,Pune,maa ambika enterprises,,410501,1,11-08-2026,11-08-2026,Pune_Bhamboli_L (Maharashtra),11-08-2026 14:07,Dispatched,Undelivered,Out for Delivery,13-08-2026,,Pre-paid,5.43766E+13,,,,,27:27.1,49000,20.14,,,,,D2,Forward Shipment,310801186,Maharashtra
311076572,FUJIYAMA-6560,2,pbsenterprises10 rp b2brc,40:49.7,04-07-2026 03:12,10-07-2026,`DCGN-6560/26-27,"DILIP KUMAR , .",Noida,Behrampur,fujiyama power system (panel),,760006,2,08-07-2026,09-07-2026,Behrampur_Mandiapalli_I (Orissa),09-07-2026 14:17,Delivered,Delivered,Delivered to Consignee,10-07-2026,09-07-2026 14:17,Pre-paid,5.43766E+13,Contactless Delivery -  Geofence not verified,,,,32:57.1,119255,50,54:58.0,17:08.1,2,,D2,Forward Shipment,FMINC_15090ab8-7728-11f1-93a3-f1b2deb69636,Orissa
311679166,B111001390271690-5556735,2,pbsenterprises10 rp b2brc,43:12.3,16-07-2026 13:50,20-07-2026,`670,"KABRA EXTRUSION TECHNIK LTDBATTRIXX , KABRA EXTRUSION TECHNIK LTDBATTRIXX",Chhindwara,Pune,jalsa automobile,,410501,1,21-07-2026,21-07-2026,Pune_Bhamboli_L (Maharashtra),22-07-2026 18:18,Delivered,Delivered,Delivered to Consignee,20-07-2026,21-07-2026 17:41,Pre-paid,5.43766E+13,Clean POD | As per POD audit,,,,04:01.9,49000,20.12,41:17.4,41:17.4,1,,D1,Forward Shipment,305454965,Maharashtra
311860800,DCGN-8003/26-27,2,pbsenterprises10 rp b2brc,00:07.0,18-07-2026 19:01,25-07-2026,`DCGN-8003/26-27,"PR ENTERPRISES, .",Noida,Mau,fujiyama power system (panel),,275101,3,22-07-2026,24-07-2026,Mau_Chriayakot_D (Uttar Pradesh),26-07-2026 08:48,Delivered,Delivered,Delivered to Consignee,23-07-2026,24-07-2026 15:58,Pre-paid,5.43766E+13,Clean POD | As per POD audit,,,,18:57.9,46953,50.2,17:14.5,58:32.8,2,,D1,Forward Shipment,306183947,Uttar Pradesh
312539720,B111002350120215-5562304,2,pbsenterprises10 rp b2brc,22:43.3,30-07-2026 15:22,03-08-2026,`872,"KABRA EXTRUSION TECHNIK LTDBATTRIXX , KABRA EXTRUSION TECHNIK LTDBATTRIXX",Dhule,Pune,ismail auto,,410501,1,10-08-2026,10-08-2026,Pune_Bhamboli_L (Maharashtra),11-08-2026 17:54,Delivered,Delivered,Delivered to Consignee,03-08-2026,10-08-2026 19:00,Pre-paid,5.43766E+13,Clean POD | As per POD audit,,,,21:54.9,49000,17.64,00:12.4,00:12.4,1,,B,Forward Shipment,309207822,Maharashtra
312849812,DCGN-9865/26-27,2,pbsenterprises10 rp b2brc,18:35.0,05-08-2026 20:06,13-08-2026,`DCGN-9865/26-27,"Shashanka Boro ( SERV ENG - 1003E ), .",Noida,Guwahati,fujiyama power system (panel),,781012,1,10-08-2026,10-08-2026,Guwahati_KaliPahar_GW (Assam),10-08-2026 17:27,Delivered,Delivered,Delivered to Consignee,13-08-2026,10-08-2026 17:27,Pre-paid,5.43766E+13,Contactless Delivery -  Geofence verified,,,,25:46.4,17041,6.94,27:34.8,27:34.8,1,,E,Forward Shipment,310744846,Assam
311787171,DCGN-7893/26-27,2,pbsenterprises10 rp b2brc,39:13.6,18-07-2026 21:26,27-07-2026,`DCGN-7893/26-27,"SANA TOTO PARTS, .",Noida,Morgram,fujiyama power system (panel),,742226,2,25-07-2026,26-07-2026,Morgram_Kantagoriya_D (West Bengal),27-07-2026 12:23,Delivered,Delivered,Delivered to Consignee,25-07-2026,26-07-2026 16:36,Pre-paid,5.43766E+13,Clean POD | As per POD audit,,,,05:33.5,39185,49.42,36:35.2,36:35.2,1,,D1,Forward Shipment,FMINC_2fe7cf82-82c1-11f1-bbfc-291932d3a787,West Bengal
298264780,t,4,pbsenterprises10 rp b2brc,48:06.5,01-07-2026 15:48,04-07-2026,`1,"REDON LITHIUM INDUSTRIES PVT. LTD., REDON LITHIUM INDUSTRIES PVT. LTD",Agra,Noida,m/s tnt motors,,201310,3,04-07-2026,22-07-2026,Noida_Surajpur_L (Uttar Pradesh),26-07-2026 08:48,Delivered,Delivered,Delivered to Consignee,04-07-2026,23-07-2026 09:53,Pre-paid,5.43766E+13,Clean POD | As per POD audit,,,,16:47.3,40000,10.4,40:17.1,53:55.1,3,,B,Forward Shipment,301583672,Uttar Pradesh
310889202,B111001390188764-5557005,2,pbsenterprises10 rp b2brc,39:13.7,05-07-2026 14:05,10-07-2026,`899,"KAMAL LAXMI INDUSTRIES-AMPERE, KAMAL LAXMI INDUSTRIES-AMPERE",Jhabua,Raipur,shri shyam autoelectric agency,,492015,1,22-07-2026,22-07-2026,Raipur_Devpuri_L (Chhattisgarh),24-07-2026 13:57,Delivered,Delivered,Delivered to Consignee,10-07-2026,22-07-2026 17:57,Pre-paid,5.43766E+13,Clean POD | As per POD audit,,,,58:00.5,49000,17.28,57:42.7,57:42.7,1,,D1,Forward Shipment,302793064,Chhattisgarh
313013453,Bounce,2,pbsenterprises10 rp b2brc,48:58.7,,,`33,"Exicom Energy Systems Private Limited, .",Greater Thane,Gurgaon,bounce forty two ev tech and services pvt ltd,,122015,0,,,Bhiwandi_Lonad_GW (Maharashtra),08-08-2026 15:57,Manifested,Undelivered,Consignment Manifested,,,Pre-paid,5.43766E+13,OTP Verified |,,,,,36000,20,,,,,C2,Forward Shipment,,Haryana
311446512,E2W4830A40250005-5555388,4,pbsenterprises10 rp b2brc,57:28.4,13-07-2026 17:37,17-07-2026,`862,"CYGNI ENERGY PRIVATE LIMITED, CYGNI ENERGY PRIVATE LIMITED",Mysore,Hyderabad,sri chamundi motors,,501359,1,21-07-2026,21-07-2026,Hyderabad_Shamshbd_H (Telangana),21-07-2026 16:12,Delivered,Delivered,Delivered to Consignee,17-07-2026,21-07-2026 16:12,Pre-paid,5.43766E+13,Contactless Delivery -  Geofence verified,,,,16:00.1,49000,12.64,12:40.9,12:40.9,1,,D1,Forward Shipment,304881786,Telangana
312508487,123123,3,pbsenterprises10 rp b2brc,45:37.1,29-07-2026 19:45,03-08-2026,`123123,KABRA EXTRUSION TECHNIK LTD BATTRIXX,Hyderabad,Pune,aqiva group ampere,,410501,3,06-08-2026,11-08-2026,Pune_Bhamboli_L (Maharashtra),11-08-2026 14:07,Dispatched,Undelivered,Out for Delivery,03-08-2026,,Pre-paid,5.43766E+13,,,,,57:03.3,49000,20.07,11:00.2,11:00.2,1,,C1,Forward Shipment,308933827,Maharashtra
311130857,B111001390226109-5557022,2,pbsenterprises10 rp b2brc,49:37.8,06-07-2026 16:43,09-07-2026,`864,"KABRA EXTRUSION TECHNIK LTDBATTRIXX , KABRA EXTRUSION TECHNIK LTDBATTRIXX",Baramati,Pune,mehta enterprises,,410501,1,22-07-2026,22-07-2026,Pune_Bhamboli_L (Maharashtra),24-07-2026 16:51,Delivered,Delivered,Delivered to Consignee,09-07-2026,23-07-2026 18:58,Pre-paid,5.43766E+13,Clean POD | As per POD audit,,,,17:49.2,49000,20.56,58:49.6,58:49.6,1,,B,Forward Shipment,302800595,Maharashtra
311734565,A48281D24F12048  5555942,2,pbsenterprises10 rp b2brc,13:22.1,17-07-2026 20:59,21-07-2026,`6591,"VIBRANT MOTORS, VIBRANT MOTORS",Raipur,Rourkela,kamal laxami ampere brc,,769043,1,21-07-2026,21-07-2026,Rourkela_Kalunga_I (Orissa),22-07-2026 15:18,Delivered,Delivered,Delivered to Consignee,21-07-2026,21-07-2026 17:25,Pre-paid,5.43766E+13,Clean POD | As per POD audit,,,,37:33.0,49000,10.32,25:43.4,25:43.4,1,,B,Forward Shipment,305941250,Orissa
311429123,GN-5358/26-27,2,pbsenterprises10 rp b2brc,02:18.7,10-07-2026 20:31,17-07-2026,`GN-5358/26-27,"Prasanta Kumar Senapati (W.O-Odisha ), Prasanta Kumar Senapati (W.O-Odisha )",Noida,Kendrapara,fujiyama power system (panel),,754211,1,15-07-2026,15-07-2026,Kendrapara_Korua1_D (Orissa),15-07-2026 14:44,Delivered,Delivered,Delivered to Consignee,17-07-2026,15-07-2026 14:44,Pre-paid,5.43766E+13,Contactless Delivery -  Geofence verified,,,,00:14.1,49000,49,44:10.6,44:10.6,1,,D2,Forward Shipment,304222175,Orissa
312417943,B111001390210014-5561035,2,pbsenterprises10 rp b2brc,13:57.5,29-07-2026 15:10,03-08-2026,`45,"KABRA EXTRUSION TECHNIK LTDBATTRIXX , KABRA EXTRUSION TECHNIK LTDBATTRIXX",Chennai,Pune,gat enterprises,,410501,1,04-08-2026,04-08-2026,Pune_Bhamboli_L (Maharashtra),05-08-2026 16:10,Delivered,Delivered,Delivered to Consignee,03-08-2026,04-08-2026 16:06,Pre-paid,5.43766E+13,Clean POD | As per POD audit,,,,21:12.5,20000,20.31,07:03.3,07:03.3,1,,C1,Forward Shipment,308701872,Maharashtra
310945556,B111001390266871-5556115,2,pbsenterprises10 rp b2brc,44:49.0,06-07-2026 18:21,11-07-2026,`641,"KABRA EXTRUSION TECHNIK LTDBATTRIXX , KABRA EXTRUSION TECHNIK LTDBATTRIXX",Rupnagar,Pune,paradise mobility,,410501,1,13-07-2026,13-07-2026,Pune_Bhamboli_L (Maharashtra),14-07-2026 17:24,Delivered,Delivered,Delivered to Consignee,11-07-2026,13-07-2026 16:37,Pre-paid,5.43766E+13,Clean POD | As per POD audit,,,,59:08.8,49000,20.68,37:23.4,37:23.4,1,,D2,Forward Shipment,303125745,Maharashtra
312810263,12345,2,pbsenterprises10 rp b2brc,31:59.2,04-08-2026 19:32,11-08-2026,`01082026,KAKKAR SMART ENERGY VENTURES LLP,Hajipur,Sonipat,safeli m/s singh traders,,131028,0,,,Noida_DeriSkaner_H (Uttar Pradesh),11-08-2026 22:01,In Transit,Undelivered,Consignment Dispatched from Origin City,11-08-2026,,Pre-paid,5.43766E+13,,,,,,10000,57.04,,,,,D1,Forward Shipment,310495880,Haryana
311475367,rachna ji,2,pbsenterprises10 rp b2brc,54:44.3,11-07-2026 14:14,14-07-2026,`SM/NR/26/0,"""Prashant kumar(, ""Prashant kumar(",Bhubaneshwar,Jharsuguda,rachna ji fujiyama power system ltd,,768201,1,13-07-2026,13-07-2026,Jharsuguda_Ekatali_D (Orissa),14-07-2026 12:49,Delivered,Delivered,Delivered to Consignee,14-07-2026,13-07-2026 16:11,Pre-paid,5.43766E+13,Clean POD | As per POD audit,,,,02:30.4,49000,66.98,11:51.4,11:51.4,1,,B,Forward Shipment,304483560,Orissa
311448765,B111001390254715-5556779,3,pbsenterprises10 rp b2brc,27:22.9,14-07-2026 16:23,20-07-2026,`888,"KABRA EXTRUSION TECHNIK LTDBATTRIXX , KABRA EXTRUSION TECHNIK LTDBATTRIXX",Dehradun,Pune,laxmi e automobile,,410501,1,21-07-2026,21-07-2026,Pune_Bhamboli_L (Maharashtra),22-07-2026 16:50,Delivered,Delivered,Delivered to Consignee,20-07-2026,21-07-2026 17:55,Pre-paid,5.43766E+13,Clean POD | As per POD audit,,,,22:47.5,49000,20.68,55:33.8,55:33.8,1,,D2,Forward Shipment,304980038,Maharashtra
311436297,GN-5370/26-27,2,pbsenterprises10 rp b2brc,05:24.6,10-07-2026 20:30,14-07-2026,`GN-5370/26-27,"Jasvir Singh ( W.o Haryana ), .",Noida,Sonipat,fujiyama power system (panel),,131001,1,13-07-2026,13-07-2026,Sonipat_Sector42_P (Haryana),13-07-2026 13:42,Delivered,Delivered,Delivered to Consignee,14-07-2026,13-07-2026 13:42,Pre-paid,5.43766E+13,Contactless Delivery -  Geofence verified,,,,26:35.1,63850.04,50,42:17.6,42:17.6,1,,A,Forward Shipment,304222175,Haryana
312926959,E2W4830A29250408-5562803,2,pbsenterprises10 rp b2brc,44:21.4,,,`1,"CYGNI ENERGY PRIVATE LIMITED, CYGNI ENERGY PRIVATE LIMITED",Vijayawada,Hyderabad,rr automotives,,501359,0,,,Vijayawada_Gudavalli_H (Andhra Pradesh),07-08-2026 12:13,Manifested,Undelivered,Consignment Manifested,,,Pre-paid,5.43766E+13,,,,,,25000,20,,,,,B,Forward Shipment,,Telangana
313010853,B112004420_132122,12,pbsenterprises10 rp b2brc,11:55.6,08-08-2026 15:16,11-08-2026,`DC/UEPL/MH/380,"KABRA EXTRUSION TECHNIK LTDBATTRIXX , KABRA EXTRUSION TECHNIK LTDBATTRIXX",Mumbai,Pune,upgrid wh0076,,410501,1,11-08-2026,11-08-2026,Pune_Bhamboli_L (Maharashtra),11-08-2026 14:07,Dispatched,Undelivered,Out for Delivery,11-08-2026,,Pre-paid,5.43766E+13,,,,,47:49.8,220011,20.68,,,,,B,Forward Shipment,311605587,Maharashtra
312980262,DCGN-10074/26-27,2,pbsenterprises10 rp b2brc,14:54.6,,,`DCGN-10074/26-27,"M/S NEW DEEP BATTERIES, .",Noida,Auraiya,fujiyama power system (panel),,206244,0,,,Noida_Bairangpur_GW (Uttar Pradesh),07-08-2026 20:09,Manifested,Undelivered,Consignment Manifested,,,Pre-paid,5.43766E+13,,,,,,124036,20,,,,,B,Forward Shipment,,Uttar Pradesh
311814641,DCGN-7928/26-27,2,pbsenterprises10 rp b2brc,06:11.8,18-07-2026 21:26,22-07-2026,`DCGN-7928/26-27,"AFTAB, .",Noida,Bilaspur-HR,fujiyama power system (panel),,122103,1,21-07-2026,21-07-2026,Gurgaon_Pathradi_L (Haryana),22-07-2026 15:21,Delivered,Delivered,Delivered to Consignee,22-07-2026,21-07-2026 17:13,Pre-paid,5.43766E+13,Clean POD | As per POD audit,,,,30:31.4,46954,50.08,13:25.2,13:25.2,1,,A,Forward Shipment,FMINC_2fe7cf82-82c1-11f1-bbfc-291932d3a787,Haryana
311185670,A4828AB24E15216  5551163,2,pbsenterprises10 rp b2brc,25:31.7,06-07-2026 17:34,09-07-2026,`007/26-27,"CHIRAG AUTOMOTIVE, CHIRAG AUTOMOTIVE",Ahmedabad,Vadodara,jalaram lithium battery ampere b2b,,390008,1,09-07-2026,09-07-2026,Vadodara_Dashrath_H (Gujarat),10-07-2026 16:25,Delivered,Delivered,Delivered to Consignee,09-07-2026,09-07-2026 16:21,Pre-paid,5.43766E+13,Clean POD | As per POD audit,,,,30:27.9,47200,8.56,22:06.3,22:06.3,1,,B,Forward Shipment,303158792,Gujarat
311826431,EA5160W182304692-5552863,2,pbsenterprises10 rp b2brc,12:57.2,18-07-2026 15:44,22-07-2026,`880,"CYGNI ENERGY PRIVATE LIMITED, CYGNI ENERGY PRIVATE LIMITED",Pune,Hyderabad,shree sai auto (new),,501359,1,23-07-2026,23-07-2026,Hyderabad_Shamshbd_H (Telangana),24-07-2026 19:14,Delivered,Delivered,Delivered to Consignee,22-07-2026,23-07-2026 16:42,Pre-paid,5.43766E+13,Clean POD | As per POD audit,,,,34:22.8,49000,39.8,42:28.6,42:28.6,1,,D1,Forward Shipment,306041931,Telangana
312126440,A48281B24H09491 5555405,2,pbsenterprises10 rp b2brc,52:57.9,23-07-2026 14:02,27-07-2026,`92049,"GAT ENTERPRISES, GAT ENTERPRISES",Salem,Chennai,oxygen energy enterprises ampere,,600053,1,27-07-2026,27-07-2026,Chennai_Velappanchavadi_L (Tamil Nadu),28-07-2026 18:10,Delivered,Delivered,Delivered to Consignee,27-07-2026,27-07-2026 15:30,Pre-paid,5.43766E+13,Clean POD | As per POD audit,,,,29:41.2,49000,10.27,31:01.8,31:01.8,1,,B,Forward Shipment,307411423,Tamil Nadu
311674180,SAFELI,2,pbsenterprises10 rp b2brc,42:05.4,15-07-2026 21:10,20-07-2026,`565,"KAKKAR SMART ENERGY VENTURES LLP, KAKKAR SMART ENERGY VENTURES LLP",Bhawani Mandi,Sonipat,safeli sanwra motors,,131028,1,18-07-2026,18-07-2026,Sonipat_Sector42_P (Haryana),18-07-2026 19:53,Delivered,Delivered,Delivered to Consignee,20-07-2026,18-07-2026 16:56,Pre-paid,5.43766E+13,Clean POD | As per POD audit,,,,26:39.8,15000,58.84,56:20.5,56:20.5,1,,D1,Forward Shipment,305427057,Haryana
311642453,HE5130KE231201794,3,pbsenterprises10 rp b2brc,50:20.2,15-07-2026 15:59,20-07-2026,`06,"KABRA EXTRUSION TECHNIK LTDBATTRIXX , KABRA EXTRUSION TECHNIK LTDBATTRIXX",Raipur,Pune,om sai corporation (kab),,410501,1,21-07-2026,21-07-2026,Pune_Bhamboli_L (Maharashtra),22-07-2026 18:18,Delivered,Delivered,Delivered to Consignee,20-07-2026,21-07-2026 17:42,Pre-paid,5.43766E+13,Clean POD | As per POD audit,,,,25:08.4,49000,14.12,42:16.7,42:16.7,1,,D1,Forward Shipment,305246105,Maharashtra
311258072,FUJIYAMA-6997,2,pbsenterprises10 rp b2brc,35:54.6,08-07-2026 20:51,13-07-2026,`DCGN-6997/26-27,"WASEEM AHMAD, .",Noida,Kashipur,fujiyama power system (panel),,244713,1,12-07-2026,12-07-2026,Kashipur_DhimarKhera_D (Uttarakhand),13-07-2026 18:14,Delivered,Delivered,Delivered to Consignee,13-07-2026,12-07-2026 19:12,Pre-paid,5.43766E+13,Clean POD | As per POD audit,,,,50:19.2,20963,27.5,13:03.8,13:03.8,1,,B,Forward Shipment,303676804,Uttarakhand
311761931,DCGN-7849/26-27,2,pbsenterprises10 rp b2brc,54:31.7,18-07-2026 21:26,22-07-2026,`DCGN-7849/26-27,"VIVEK KUMAR, .",Noida,Etah,fujiyama power system (panel),,207001,1,20-07-2026,20-07-2026,Etah_Pooth_D (Uttar Pradesh),21-07-2026 15:18,Delivered,Delivered,Delivered to Consignee,22-07-2026,20-07-2026 14:34,Pre-paid,5.43766E+13,Clean POD | As per POD audit,,,,05:41.6,39185,49.6,34:33.1,34:33.1,1,,B,Forward Shipment,FMINC_2fe7cf82-82c1-11f1-bbfc-291932d3a787,Uttar Pradesh
310944681,A48281B24I10300 5554713,2,pbsenterprises10 rp b2brc,31:02.4,01-07-2026 13:47,06-07-2026,`1049,"KINGS GROUP, KINGS GROUP",Salem,Alappuzha,oxygen energy enterprises ampere,,688001,1,04-07-2026,04-07-2026,Alappuzha_Bernard_D (Kerala),06-07-2026 12:18,Delivered,Delivered,Delivered to Consignee,06-07-2026,04-07-2026 17:31,Pre-paid,5.43766E+13,Clean POD | As per POD audit,,,,14:17.8,49000,10.58,31:34.3,31:34.3,1,,B,Forward Shipment,301995996,Kerala
312534460,SAFELI,2,pbsenterprises10 rp b2brc,38:48.5,30-07-2026 13:02,03-08-2026,`AS-244,"OVER DRIVE MOTOR, OVER DRIVE MOTOR",Guwahati,Dibrugarh,safeli assam kakkar smart energy ventures llp,,786001,1,03-08-2026,03-08-2026,Dibrugarh_Mohanbari_H (Assam),03-08-2026 17:06,Delivered,Delivered,Delivered to Consignee,03-08-2026,03-08-2026 17:06,Pre-paid,5.43766E+13,Contactless Delivery -  Geofence NA,,,,24:01.9,45000,48.24,06:32.6,06:32.6,1,,E,Forward Shipment,309191501,Assam
311735226,B111001390204303-5557284,2,pbsenterprises10 rp b2brc,21:41.3,16-07-2026 15:03,20-07-2026,`878,"KABRA EXTRUSION TECHNIK LTDBATTRIXX , KABRA EXTRUSION TECHNIK LTDBATTRIXX",Bangalore,Pune,active motor,,410501,1,22-07-2026,22-07-2026,Pune_Bhamboli_L (Maharashtra),24-07-2026 20:08,Delivered,Delivered,Delivered to Consignee,20-07-2026,23-07-2026 18:59,Pre-paid,5.43766E+13,Clean POD | As per POD audit,,,,18:25.9,49000,20.86,59:07.3,59:07.3,1,,C1,Forward Shipment,305712431,Maharashtra
311956205,LN72606800378EEO,3,pbsenterprises10 rp b2brc,45:58.8,21-07-2026 18:33,27-07-2026,`PC/26-27/0015,"KABRA EXTRUSIONTECHNIK LTD, KABRA EXTRUSIONTECHNIK LTD",Manipal,Gurgaon,power care (kab),,122004,1,27-07-2026,27-07-2026,Gurgaon_Sihi_L (Haryana),29-07-2026 15:19,Delivered,Delivered,Delivered to Consignee,27-07-2026,27-07-2026 16:16,Pre-paid,5.43766E+13,Clean POD | As per POD audit,,,,13:48.9,25000,39.1,17:02.7,17:02.7,1,,D2,Forward Shipment,306683201,Haryana
312667088,B1_51105_B_130339,2,pbsenterprises10 rp b2brc,02:20.1,01-08-2026 20:11,06-08-2026,`DC/UEPL/STP/469,", KABRA EXTRUSIONTECHNIK LIMITED",Sitapur,Gurgaon,upgrid sitapur wh0021,,122004,1,04-08-2026,04-08-2026,Gurgaon_Sihi_L (Haryana),05-08-2026 17:28,Delivered,Delivered,Delivered to Consignee,06-08-2026,04-08-2026 16:05,Pre-paid,5.43766E+13,Clean POD | As per POD audit,,,,21:54.4,27081,51.16,05:39.4,05:39.4,1,,B,Forward Shipment,309759116,Haryana
311428631,Maxxo Green,2,pbsenterprises10 rp b2brc,57:05.5,12-07-2026 07:42,16-07-2026,`125,"., Maxxo Green Energy",Morena,Noida,om enterprises,,201310,2,18-07-2026,21-07-2026,Noida_Surajpur_L (Uttar Pradesh),21-07-2026 16:49,Delivered,Delivered,Delivered to Consignee,16-07-2026,21-07-2026 16:49,Pre-paid,5.43766E+13,Contactless Delivery -  Geofence verified,,,,42:21.5,11000,10,42:00.6,49:22.4,2,,B,Forward Shipment,304266988,Uttar Pradesh
311133837,EA5160W152303610-5555871,2,pbsenterprises10 rp b2brc,19:40.7,08-07-2026 18:09,13-07-2026,`899,"CYGNI ENERGY PRIVATE LIMITED, CYGNI ENERGY PRIVATE LIMITED",Malappuram,Hyderabad,cmh motors,,501359,1,13-07-2026,13-07-2026,Hyderabad_Shamshbd_H (Telangana),13-07-2026 12:57,Delivered,Delivered,Delivered to Consignee,13-07-2026,13-07-2026 12:57,Pre-paid,5.43766E+13,Contactless Delivery -  Geofence verified,,,,57:44.5,49000,40.23,58:01.3,58:01.3,1,,D1,Forward Shipment,303471655,Telangana
311058513,B111001390234980-5553844,2,pbsenterprises10 rp b2brc,15:37.2,04-07-2026 17:53,06-07-2026,`841,"KABRA EXTRUSION TECHNIK LTDBATTRIXX , KABRA EXTRUSION TECHNIK LTDBATTRIXX",Pune,Pune,e wheels,,410501,1,06-07-2026,06-07-2026,Pune_Bhamboli_L (Maharashtra),07-07-2026 14:05,Delivered,Delivered,Delivered to Consignee,06-07-2026,06-07-2026 17:05,Pre-paid,5.43766E+13,Clean POD | As per POD audit,,,,52:01.8,49000,20.15,05:55.7,05:55.7,1,,A,Forward Shipment,302507422,Maharashtra
312981580,DCGN-10071/26-27,2,pbsenterprises10 rp b2brc,33:18.2,,,`DCGN-10071/26-27,"SUBHASH CHANDRA KUSHWAHA, .",Noida,Lakhisarai,fujiyama power system (panel),,811311,0,,,Noida_Bairangpur_GW (Uttar Pradesh),07-08-2026 20:09,Manifested,Undelivered,Consignment Manifested,,,Pre-paid,5.43766E+13,,,,,,124036,20,,,,,D1,Forward Shipment,,Bihar
312477713,B112004450_128839,4,pbsenterprises10 rp b2brc,59:30.5,30-07-2026 15:58,03-08-2026,`DC/UEPL/MH/372,"KABRA EXTRUSION TECHNIK LTDBATTRIXX , KABRA EXTRUSION TECHNIK LTDBATTRIXX",Mumbai,Pune,upgrid wh0076,,410501,1,06-08-2026,06-08-2026,Pune_Bhamboli_L (Maharashtra),08-08-2026 17:46,Delivered,Delivered,Delivered to Consignee,03-08-2026,07-08-2026 19:43,Pre-paid,5.43766E+13,Clean POD | As per POD audit,,,,45:27.2,60003,20.8,43:07.5,43:07.5,1,,B,Forward Shipment,309179739,Maharashtra
311732263,B112004180_131467,3,pbsenterprises10 rp b2brc,40:56.1,16-07-2026 16:23,20-07-2026,`DC/UEPL/MH/360,"KABRA EXTRUSION TECHNIK LTDBATTRIXX , KABRA EXTRUSION TECHNIK LTDBATTRIXX",Mumbai,Pune,upgrid wh0076,,410501,1,21-07-2026,21-07-2026,Pune_Bhamboli_L (Maharashtra),22-07-2026 18:18,Delivered,Delivered,Delivered to Consignee,20-07-2026,21-07-2026 17:43,Pre-paid,5.43766E+13,Clean POD | As per POD audit,,,,25:16.4,40002,20.3,43:30.7,43:30.7,1,,B,Forward Shipment,305707238,Maharashtra
311958965,REDON,2,pbsenterprises10 rp b2brc,15:16.6,21-07-2026 19:37,27-07-2026,`394,"REDON LITHIUM BATTERIES LLP, .",Katihar,Noida,m/s good luck ev zone,,201308,1,27-07-2026,27-07-2026,Noida_Surajpur_L (Uttar Pradesh),27-07-2026 17:54,Delivered,Delivered,Delivered to Consignee,27-07-2026,27-07-2026 17:54,Pre-paid,5.43766E+13,Geofence verified,,,,33:26.0,25000,13.79,54:09.2,54:09.2,1,,D1,Forward Shipment,306695979,Uttar Pradesh
310910428,B111001390218770-5555864,2,pbsenterprises10 rp b2brc,11:14.7,04-07-2026 19:13,08-07-2026,`792,"KABRA EXTRUSION TECHNIK LTDBATTRIXX , KABRA EXTRUSION TECHNIK LTDBATTRIXX",Selu,Pune,amarnath motors,,410501,1,11-07-2026,11-07-2026,Pune_Bhamboli_L (Maharashtra),12-07-2026 17:48,Delivered,Delivered,Delivered to Consignee,08-07-2026,11-07-2026 17:58,Pre-paid,5.43766E+13,Clean POD | As per POD audit,,,,55:33.4,49000,21.98,58:49.5,58:49.5,1,,B,Forward Shipment,302771964,Maharashtra
312069162,B111001390270570-5559133,2,pbsenterprises10 rp b2brc,27:43.6,23-07-2026 12:31,29-07-2026,`887,"KABRA EXTRUSION TECHNIK LTDBATTRIXX , KABRA EXTRUSION TECHNIK LTDBATTRIXX",Varanasi,Pune,yashraj enterprises,,410501,1,04-08-2026,04-08-2026,Pune_Bhamboli_L (Maharashtra),05-08-2026 18:10,Delivered,Delivered,Delivered to Consignee,29-07-2026,04-08-2026 16:08,Pre-paid,5.43766E+13,Clean POD | As per POD audit,,,,09:59.5,49000,20.22,08:20.8,08:20.8,1,,D2,Forward Shipment,307196143,Maharashtra
313023388,REDON,2,pbsenterprises10 rp b2brc,49:29.4,,,`392,"REDON LITHIUM BATTERIES LLP, .",Rampur,Noida,azlan power solutions,,201308,0,,,Rampur_Shekppasha_D (Uttar Pradesh),08-08-2026 15:49,Manifested,Undelivered,Consignment Manifested,,,Pre-paid,5.43766E+13,,,,,,25000,20,,,,,B,Forward Shipment,,Uttar Pradesh
311575991,E2W4830A32250345-5558994,2,pbsenterprises10 rp b2brc,18:10.6,18-07-2026 13:17,22-07-2026,`896,"CYGNI ENERGY PRIVATE LIMITED, CYGNI ENERGY PRIVATE LIMITED",Gadag,Hyderabad,om motors-gadag,,501359,1,22-07-2026,22-07-2026,Hyderabad_Shamshbd_H (Telangana),23-07-2026 16:15,Delivered,Delivered,Delivered to Consignee,22-07-2026,22-07-2026 17:35,Pre-paid,5.43766E+13,Clean POD | As per POD audit,,,,07:37.2,49000,10.99,36:05.2,36:05.2,1,,B,Forward Shipment,305981063,Telangana
312208491,E2W4830A33250488 -5560507,2,pbsenterprises10 rp b2brc,42:10.5,25-07-2026 21:09,31-07-2026,`1,"CYGNI ENERGY PRIVATE LIMITED, CYGNI ENERGY PRIVATE LIMITED",Alappuzha,Hyderabad,kings group,,501359,2,30-07-2026,01-08-2026,Hyderabad_Shamshbd_H (Telangana),01-08-2026 12:59,Delivered,Delivered,Delivered to Consignee,31-07-2026,01-08-2026 12:59,Pre-paid,5.43766E+13,Contactless Delivery -  Geofence verified,,,,25:46.4,21000,13.02,59:24.1,59:07.4,2,,D1,Forward Shipment,307746227,Telangana
312873401,B111001390266689-5562430,2,pbsenterprises10 rp b2brc,20:47.9,06-08-2026 19:11,11-08-2026,`758,"KABRA EXTRUSION TECHNIK LTDBATTRIXX , KABRA EXTRUSION TECHNIK LTDBATTRIXX",Gadarwara,Pune,maa ambe automobile,,410501,0,,,Indore_Dakachya_GW (Madhya Pradesh),12-08-2026 05:09,In Transit,Undelivered,Consignment Dispatched from Origin City,11-08-2026,,Pre-paid,5.43766E+13,,,,,,49000,20.35,,,,,D1,Forward Shipment,310871934,Maharashtra
311186149,A48281F24H06255   5551829,2,pbsenterprises10 rp b2brc,31:28.9,07-07-2026 13:29,11-07-2026,`1930,"MARSS AGANCHES, MARSS AGANCHES",Salem,Chennai,oxygen energy enterprises ampere,,600063,1,15-07-2026,15-07-2026,Chennai_Nagalkeni_L (Tamil Nadu),16-07-2026 16:41,Delivered,Delivered,Delivered to Consignee,11-07-2026,15-07-2026 13:01,Pre-paid,5.43766E+13,Clean POD | As per POD audit,,,,17:03.9,49000,10.33,01:34.7,01:34.7,1,,B,Forward Shipment,303173746,Tamil Nadu
311731461,SAFELI,3,pbsenterprises10 rp b2brc,29:02.5,16-07-2026 18:16,21-07-2026,`AS-217,"M/S AMAR BATTERY HOUSE, M/S AMAR BATTERY HOUSE",Guwahati,Bijni,safeli assam kakkar smart energy ventures llp,,783390,1,21-07-2026,21-07-2026,Manikpur_Bijni_DPP (Assam),21-07-2026 13:39,Delivered,Delivered,Delivered to Consignee,20-07-2026,21-07-2026 13:39,Pre-paid,5.43766E+13,Contactless Delivery -  Geofence not verified,,,,01:19.0,49000,2.3,39:41.2,39:41.2,1,,E,Forward Shipment,305703006,Assam
313136495,DCGN-10271/26-27,2,pbsenterprises10 rp b2brc,59:06.8,,,`DCGN-10271/26-27,"RHP SOLAR SYSTEMS, RHP SOLAR SYSTEMS",Noida,Ludhiana,fujiyama power system (panel),,141001,0,,,Noida_Bairangpur_GW (Uttar Pradesh),11-08-2026 15:19,Manifested,Undelivered,Delay due to Disturbance/Strike,,,Pre-paid,5.43766E+13,,,,,,113023,20,,,,,B,Forward Shipment,,Punjab
312125632,A48281F24H17006  5557047,2,pbsenterprises10 rp b2brc,45:22.4,23-07-2026 14:02,28-07-2026,`92044,"MANAM MOTORS, MANAM MOTORS",Salem,Rajam,oxygen energy enterprises ampere,,532440,1,27-07-2026,27-07-2026,Rajam_Kondapuram_DPP (Andhra Pradesh),27-07-2026 16:44,Delivered,Delivered,Delivered to Consignee,28-07-2026,27-07-2026 16:44,Pre-paid,5.43766E+13,Contactless Delivery -  Geofence not verified,,,,02:00.5,49000,10.23,44:57.7,44:57.7,1,,D1,Forward Shipment,307411423,Andhra Pradesh
312669652,DCGN-9549/26-27,2,pbsenterprises10 rp b2brc,34:33.0,01-08-2026 18:40,07-08-2026,`DCGN-9549/26-27,", RAGHUNATH",Noida,Puri,fujiyama power system (panel),,752002,2,11-08-2026,12-08-2026,Puri_Purussottamnagar_D (Orissa),12-08-2026 10:24,Dispatched,Undelivered,Out for Delivery,06-08-2026,,Pre-paid,5.43766E+13,,,,,18:21.1,113023,116,43:14.9,43:14.9,1,,D2,Forward Shipment,309711732,Orissa
312080630,B111001390208391-5558686,6,pbsenterprises10 rp b2brc,28:33.5,23-07-2026 13:14,29-07-2026,`919,"KABRA EXTRUSION TECHNIK LTDBATTRIXX , KABRA EXTRUSION TECHNIK LTDBATTRIXX",Bhubaneshwar,Pune,surya autoelectrons,,410501,1,31-07-2026,31-07-2026,Pune_Bhamboli_L (Maharashtra),01-08-2026 21:39,Delivered,Delivered,Delivered to Consignee,29-07-2026,31-07-2026 16:31,Pre-paid,5.43766E+13,Clean POD | As per POD audit,,,,18:44.2,49000,20.1,32:01.9,32:01.9,1,,D2,Forward Shipment,307224717,Maharashtra
311618844,DeliveryChallan3,3,pbsenterprises10 rp b2brc,49:11.6,16-07-2026 11:28,22-07-2026,`DeliveryChallan3,"REDON LITHIUM BATTERIES LLP, .",Sangrur,Noida,sun energy power engineering corp,,201308,1,22-07-2026,22-07-2026,Noida_Surajpur_L (Uttar Pradesh),24-07-2026 16:23,Delivered,Delivered,Delivered to Consignee,22-07-2026,22-07-2026 13:19,Pre-paid,5.43766E+13,Clean POD | As per POD audit,,,,47:54.0,47330.32,14.12,19:55.1,19:55.1,1,,B,Forward Shipment,FMINC_61f3acea-80db-11f1-a693-4b1bffa4d313,Uttar Pradesh
311643785,B121004760_120935,2,pbsenterprises10 rp b2brc,08:28.7,17-07-2026 16:15,24-07-2026,`12,"KABRA EXTRUSION TECHNIK-GURUGRAM , KABRA EXTRUSION TECHNIK-GURUGRAM",Dhakuakhana,Gurgaon,subansiri engineering works (kab),,122004,1,27-07-2026,27-07-2026,Gurgaon_Sihi_L (Haryana),28-07-2026 15:02,Delivered,Delivered,Delivered to Consignee,24-07-2026,27-07-2026 16:16,Pre-paid,5.43766E+13,Clean POD | As per POD audit,,,,29:42.4,46000,47.68,16:11.4,16:11.4,1,,E,Forward Shipment,305716670,Haryana
312688496,SAFELI,2,pbsenterprises10 rp b2brc,24:29.9,04-08-2026 19:33,10-08-2026,`46,"KAKKAR SMART ENERGY VENTURES LLP, ASSAM KAKKAR SMART ENERGY VENTURES LLP",Duliajan,Guwahati,"safeli m/j ride,",,781035,1,10-08-2026,10-08-2026,Guwahati_Kaikchi1_L (Assam),11-08-2026 15:14,Delivered,Delivered,Delivered to Consignee,10-08-2026,11-08-2026 15:14,Pre-paid,5.43766E+13,Geofence verified,,,,17:58.4,15000,33.44,14:46.7,14:46.7,1,,E,Forward Shipment,310495391,Assam
312954513,DCGN-10011/26-27,2,pbsenterprises10 rp b2brc,03:46.1,07-08-2026 19:27,13-08-2026,`DCGN-10011/26-27Q,"SUN DIGITAL SOLUTION , .",Noida,Fatepur,fujiyama power system (panel),,743331,1,12-08-2026,12-08-2026,Fatepur_Majlishpur_D (West Bengal),12-08-2026 13:05,Delivered,Delivered,Delivered to Consignee,13-08-2026,12-08-2026 13:05,Pre-paid,5.43766E+13,Contactless Delivery -  Geofence verified,,,,52:30.3,40217,49.8,05:26.3,05:26.3,1,,C2,Forward Shipment,311278018,West Bengal
311545278,B111002350122029-5558383,4,pbsenterprises10 rp b2brc,43:25.0,13-07-2026 18:18,18-07-2026,`629,"KABRA EXTRUSION TECHNIK LTDBATTRIXX , KABRA EXTRUSION TECHNIK LTDBATTRIXX",Ganj Basoda,Pune,shri maruti enterprises,,410501,1,18-07-2026,18-07-2026,Pune_Bhamboli_L (Maharashtra),18-07-2026 19:53,Delivered,Delivered,Delivered to Consignee,18-07-2026,18-07-2026 15:09,Pre-paid,5.43766E+13,Clean POD | As per POD audit,,,,30:50.5,49000,17.7,09:12.5,09:12.5,1,,D1,Forward Shipment,304880279,Maharashtra
311073064,REDON,3,pbsenterprises10 rp b2brc,02:40.1,04-07-2026 14:47,09-07-2026,`MA/033,"REDON LITHIUM BATTERIES LLP, .",Siliguri,Noida,madan automobile,,201308,1,09-07-2026,09-07-2026,Noida_Surajpur_L (Uttar Pradesh),10-07-2026 13:15,Delivered,Delivered,Delivered to Consignee,09-07-2026,09-07-2026 18:42,Pre-paid,5.43766E+13,Clean POD | As per POD audit,,,,51:18.6,41000,15.63,42:53.1,42:53.1,1,,D1,Forward Shipment,302531349,Uttar Pradesh
311607191,B1_51105_B_120186,6,pbsenterprises10 rp b2brc,37:13.9,14-07-2026 14:58,18-07-2026,`UEPIND225,"KABRA EXTRUSION TECHNIK-GURUGRAM , KABRA EXTRUSION TECHNIK-GURUGRAM",Indore,Gurgaon,upgrid wh0090 indore,,122004,1,17-07-2026,17-07-2026,Gurgaon_Sihi_L (Haryana),18-07-2026 10:14,Delivered,Delivered,Delivered to Consignee,18-07-2026,17-07-2026 18:45,Pre-paid,5.43766E+13,Clean POD | As per POD audit,,,,44:57.0,100005,51.5,45:39.2,45:39.2,1,,D1,Forward Shipment,305150890,Haryana
311798055,Bounce,2,pbsenterprises10 rp b2brc,18:05.0,17-07-2026 16:25,21-07-2026,`93,"EXICOM TELE-SYSTEMS LIMITED, .",Mysore,Bangalore,bounce wadiyar ev motors pvt ltd,,560065,2,21-07-2026,22-07-2026,Bangalore_Bettahalsoor_L (Karnataka),22-07-2026 16:16,Delivered,Delivered,Delivered to Consignee,21-07-2026,22-07-2026 16:16,Pre-paid,5.43766E+13,Contactless Delivery -  Geofence verified,,,,01:55.9,40000,13.06,27:41.8,16:30.3,2,,B,Forward Shipment,305966493,Karnataka
311876887,DCGN-8065/26-27,2,pbsenterprises10 rp b2brc,59:42.1,21-07-2026 20:14,27-07-2026,`DCGN-8065/26-27,"OM SAI NATH ENTERPRISES, .",Noida,Lalganj Ajhara,fujiyama power system (panel),,230139,1,27-07-2026,27-07-2026,LalganjAjhara_HPPump_D (Uttar Pradesh),28-07-2026 11:10,Delivered,Delivered,Delivered to Consignee,25-07-2026,27-07-2026 14:03,Pre-paid,5.43766E+13,Clean POD | As per POD audit,,,,24:29.0,52474,96,03:08.3,03:08.3,1,,D1,Forward Shipment,306858972,Uttar Pradesh
311934612,SAFELI,2,pbsenterprises10 rp b2brc,47:46.9,20-07-2026 18:08,24-07-2026,`34,"KAKKAR SMART ENERGY VENTURES LLP, KAKKAR SMART ENERGY VENTURES LLP",Jalandhar,Sonipat,safeli bm enterprises,,131028,1,24-07-2026,24-07-2026,Sonipat_Sector42_P (Haryana),25-07-2026 14:51,Delivered,Delivered,Delivered to Consignee,24-07-2026,24-07-2026 11:59,Pre-paid,5.43766E+13,Clean POD | As per POD audit,,,,18:58.0,15000,60,59:59.3,59:59.3,1,,B,Forward Shipment,306636297,Haryana
311487449,45656 FUJIYAMA PANEL,3,pbsenterprises10 rp b2brc,21:52.1,13-07-2026 17:55,17-07-2026,`45656,"Kartik residency , .",Noida,Sikandrabad,fujiyama power system (panel),,203205,2,15-07-2026,17-07-2026,Sikandrabad_Khatriwar1_D (Uttar Pradesh),17-07-2026 13:39,Delivered,Delivered,Delivered to Consignee,17-07-2026,17-07-2026 13:39,Pre-paid,5.43766E+13,Contactless Delivery -  Geofence not verified,,,,32:37.4,49000,65.2,44:10.0,39:49.9,2,,B,Forward Shipment,304847002,Uttar Pradesh
312978834,B111001390212478-5563086,2,pbsenterprises10 rp b2brc,56:47.0,08-08-2026 19:24,14-08-2026,`893,"KABRA EXTRUSION TECHNIK LTDBATTRIXX , KABRA EXTRUSION TECHNIK LTDBATTRIXX",Dharapuram,Pune,jai shri ram motors,,410501,0,,,Bangalore_Hoskote_GW (Karnataka),12-08-2026 05:39,In Transit,Undelivered,Consignment Dispatched from Origin City,14-08-2026,,Pre-paid,5.43766E+13,,,,,,49000,20.44,,,,,D1,Forward Shipment,311399170,Maharashtra
312568162,B111001390185458-5562253,2,pbsenterprises10 rp b2brc,51:12.0,01-08-2026 17:09,07-08-2026,`632,"KAMAL LAXMI INDUSTRIES-AMPERE, KAMAL LAXMI INDUSTRIES-AMPERE",Rewa,Raipur,krishna enterprises,,492015,1,07-08-2026,07-08-2026,Raipur_Devpuri_L (Chhattisgarh),08-08-2026 21:29,Delivered,Delivered,Delivered to Consignee,07-08-2026,07-08-2026 15:06,Pre-paid,5.43766E+13,Clean POD | As per POD audit,,,,40:06.8,49000,15.26,06:48.4,06:48.4,1,,B,Forward Shipment,309766900,Chhattisgarh
313031462,B111001390274474-5563240,2,pbsenterprises10 rp b2brc,19:25.3,08-08-2026 20:42,13-08-2026,`759,"KABRA EXTRUSION TECHNIK LTDBATTRIXX , KABRA EXTRUSION TECHNIK LTDBATTRIXX",Gadarwara,Pune,maa ambe automobile,,410501,0,,,Indore_Dakachya_GW (Madhya Pradesh),12-08-2026 05:09,In Transit,Undelivered,Consignment Dispatched from Origin City,13-08-2026,,Pre-paid,5.43766E+13,,,,,,49000,20.57,,,,,D1,Forward Shipment,311668434,Maharashtra
312417993,GEO300001HIP260301311,2,pbsenterprises10 rp b2brc,14:35.2,30-07-2026 18:27,07-08-2026,`202627/1,"KABRA EXTRUSIONTECHNIK LTD, KABRA EXTRUSIONTECHNIK LTD",Malappuram,Gurgaon,shiner power controls (kab),,122004,1,10-08-2026,10-08-2026,Gurgaon_Sihi_L (Haryana),11-08-2026 17:53,Delivered,Delivered,Delivered to Consignee,07-08-2026,10-08-2026 20:46,Pre-paid,5.43766E+13,LM POD document uploaded,,,,40:01.0,48000,24.7,46:50.3,46:50.3,1,,D2,Forward Shipment,309179982,Haryana
312256326,SAFELI,2,pbsenterprises10 rp b2brc,17:29.5,28-07-2026 18:00,01-08-2026,`5,"KAKKAR SMART ENERGY VENTURES LLP, KAKKAR SMART ENERGY VENTURES LLP",Moradabad,Sonipat,safeli green enterprises b2b,,131028,1,30-07-2026,30-07-2026,Sonipat_Sector42_P (Haryana),31-07-2026 18:00,Delivered,Delivered,Delivered to Consignee,01-08-2026,30-07-2026 16:25,Pre-paid,5.43766E+13,Clean POD | As per POD audit,,,,34:12.8,10500,23.14,25:11.5,25:11.5,1,,B,Forward Shipment,308642861,Haryana
312337525,SAFELI,2,pbsenterprises10 rp b2brc,23:34.4,28-07-2026 18:12,01-08-2026,`1,"KAKKAR SMART ENERGY VENTURES LLP, KAKKAR SMART ENERGY VENTURES LLP",Moradabad,Sonipat,safeli mohd zeeshan,,131028,1,01-08-2026,01-08-2026,Sonipat_Sector62_D (Haryana),01-08-2026 21:40,Delivered,Delivered,Delivered to Consignee,01-08-2026,01-08-2026 15:38,Pre-paid,5.43766E+13,Clean POD | As per POD audit,,,,16:41.7,3000,3.33,38:10.6,38:10.6,1,,B,Forward Shipment,308643858,Haryana
306275351,1,2,pbsenterprises10 rp b2brc,12:10.0,23-07-2026 19:12,29-07-2026,`DN/RT/001,"REDON LITHIUM INDUSTRIES PVT LTD Ground Floor, Plot No.374,, .",Kolkata,Noida,r. t. internationalllp,,201315,1,27-07-2026,27-07-2026,Noida_Surajpur_L (Uttar Pradesh),27-07-2026 17:56,Delivered,Delivered,Delivered to Consignee,29-07-2026,27-07-2026 17:56,Pre-paid,5.43766E+13,Geofence verified,,,,45:14.1,17204,13.98,56:37.9,56:37.9,1,,C2,Forward Shipment,307256471,Uttar Pradesh
311474162,B111001390_150206  EW,2,pbsenterprises10 rp b2brc,39:00.0,17-07-2026 20:58,21-07-2026,`6521,"PMG MOTORS , PMG MOTORS",Raipur,Cuttack,kamal laxami ampere brc,,753002,2,24-07-2026,25-07-2026,Cuttack_Bilteruan1_L (Orissa),25-07-2026 16:43,Delivered,Delivered,Delivered to Consignee,21-07-2026,25-07-2026 16:43,Pre-paid,5.43766E+13,Contactless Delivery -  Geofence verified,,,,10:52.5,49000,16.67,43:54.4,43:54.4,1,,D1,Forward Shipment,305941250,Orissa
310860834,Drive volts,2,pbsenterprises10 rp b2brc,38:28.4,30-06-2026 18:37,06-07-2026,`125,"0, Drive Volts Private Limited",Sumerpur,Dehradun,jk batteries,,248011,1,06-07-2026,06-07-2026,Dehradun_Temp_L (Uttarakhand),06-07-2026 15:50,Delivered,Delivered,Delivered to Consignee,06-07-2026,06-07-2026 15:50,Pre-paid,5.43766E+13,Contactless Delivery -  Geofence verified,,,,59:57.9,15000,36.62,50:05.9,50:05.9,1,,D1,Forward Shipment,301584220,Uttarakhand
311421695,B111001390249121-5558051,3,pbsenterprises10 rp b2brc,43:35.1,11-07-2026 14:35,15-07-2026,`906,"KABRA EXTRUSION TECHNIK LTDBATTRIXX , KABRA EXTRUSION TECHNIK LTDBATTRIXX",Malegaon,Pune,baba motors,,410501,1,16-07-2026,16-07-2026,Pune_Bhamboli_L (Maharashtra),18-07-2026 10:11,Delivered,Delivered,Delivered to Consignee,15-07-2026,16-07-2026 18:18,Pre-paid,5.43766E+13,Clean POD | As per POD audit,,,,55:46.8,49000,20.22,18:24.1,18:24.1,1,,B,Forward Shipment,304250356,Maharashtra
311617045,B111001390255552-5558907,4,pbsenterprises10 rp b2brc,29:13.7,14-07-2026 15:56,20-07-2026,`592,"KABRA EXTRUSION TECHNIK LTDBATTRIXX , KABRA EXTRUSION TECHNIK LTDBATTRIXX",Guntur,Pune,kiyara tech private limited -guntur,,410501,1,21-07-2026,21-07-2026,Pune_Bhamboli_L (Maharashtra),22-07-2026 18:18,Delivered,Delivered,Delivered to Consignee,20-07-2026,21-07-2026 17:55,Pre-paid,5.43766E+13,Clean POD | As per POD audit,,,,53:35.0,49000,20.58,55:42.4,55:42.4,1,,D1,Forward Shipment,305170796,Maharashtra
311728079,B111001390270892-5559766,2,pbsenterprises10 rp b2brc,50:01.7,16-07-2026 17:44,20-07-2026,`858,"KABRA EXTRUSION TECHNIK LTDBATTRIXX , KABRA EXTRUSION TECHNIK LTDBATTRIXX",Kolhapur,Pune,maha laxmi e-bike,,410501,1,21-07-2026,21-07-2026,Pune_Bhamboli_L (Maharashtra),22-07-2026 16:24,Delivered,Delivered,Delivered to Consignee,20-07-2026,21-07-2026 17:44,Pre-paid,5.43766E+13,Clean POD | As per POD audit,,,,00:47.7,49000,20.4,44:37.0,44:37.0,1,,B,Forward Shipment,305695231,Maharashtra
312954097,DCGN-10006/26-27,2,pbsenterprises10 rp b2brc,58:53.4,07-08-2026 19:31,10-08-2026,`DCGN-10006/26-27,"M/S SHIV SYSTEMS, .",Noida,Noida,fujiyama power system (panel),,201301,1,12-08-2026,12-08-2026,Noida_Sector67Bblock_L (Uttar Pradesh),12-08-2026 12:19,Dispatched,Undelivered,Out for Delivery,10-08-2026,,Pre-paid,5.43766E+13,,,,,18:59.6,113024,117,,,,,A,Forward Shipment,311278018,Uttar Pradesh
311316153,DCGN-7112/26-27,2,pbsenterprises10 rp b2brc,50:59.4,09-07-2026 18:35,16-07-2026,`DCGN-7112/26-27,"VEE POWER TECHNOLOGIES, .",Noida,Viluppuram,fujiyama power system (panel),,605602,1,15-07-2026,15-07-2026,Viluppuram_Cholaganur_H (Tamil Nadu),15-07-2026 12:23,Delivered,Delivered,Delivered to Consignee,16-07-2026,15-07-2026 12:23,Pre-paid,5.43766E+13,Contactless Delivery -  Geofence not verified,,,,53:11.0,8205,57,23:46.1,23:46.1,1,,D2,Forward Shipment,303931375,Tamil Nadu
312526968,B111001390179291-5558996,2,pbsenterprises10 rp b2brc,30:39.2,30-07-2026 16:37,05-08-2026,`254,"KABRA EXTRUSION TECHNIK LTDBATTRIXX , KABRA EXTRUSION TECHNIK LTDBATTRIXX",Sikar,Pune,national motors-sikar,,410501,1,06-08-2026,06-08-2026,Pune_Bhamboli_L (Maharashtra),08-08-2026 14:52,Delivered,Delivered,Delivered to Consignee,05-08-2026,07-08-2026 19:40,Pre-paid,5.43766E+13,Clean POD | As per POD audit,,,,14:20.9,49000,16.7,40:55.8,40:55.8,1,,D1,Forward Shipment,309182958,Maharashtra
311728473,E2W4830A28250044-5560014,2,pbsenterprises10 rp b2brc,53:34.1,16-07-2026 19:46,22-07-2026,`780,"CYGNI ENERGY PRIVATE LIMITED, CYGNI ENERGY PRIVATE LIMITED",Pithampur,Hyderabad,sudha electric vehicle,,501359,1,21-07-2026,21-07-2026,Hyderabad_Shamshbd_H (Telangana),21-07-2026 16:13,Delivered,Delivered,Delivered to Consignee,22-07-2026,21-07-2026 16:13,Pre-paid,5.43766E+13,Contactless Delivery -  Geofence verified,,,,18:31.5,49000,15.46,13:21.6,13:21.6,1,,D1,Forward Shipment,305695280,Telangana
312435106,250850969 AX28082500100,2,pbsenterprises10 rp b2brc,58:01.0,29-07-2026 18:26,05-08-2026,`11,"KABRA EXTRUSION TECHNIK-GURUGRAM , KABRA EXTRUSION TECHNIK-GURUGRAM",Dabra,Gurgaon,dabra battery house  (kab),,122004,0,,,Gurgaon_Pathradi_H (Haryana),12-08-2026 08:26,In Transit,Undelivered,Consignment Dispatched from Origin City,03-08-2026,,Pre-paid,5.43766E+13,,,,,11:22.5,9000,7.02,,,,,B,Forward Shipment,308745142,Haryana
312295817,26,2,pbsenterprises10 rp b2brc,38:49.8,25-07-2026 21:39,30-07-2026,`026,Kakkar smart energy ventures LLP,Madhepura,Sonipat,safeli jai guru automobiles,,131028,1,01-08-2026,01-08-2026,Sonipat_Sector42_P (Haryana),01-08-2026 21:38,Delivered,Delivered,Delivered to Consignee,30-07-2026,01-08-2026 15:16,Pre-paid,5.43766E+13,Clean POD | As per POD audit,,,,33:00.7,45000,56.06,16:50.1,16:50.1,1,,D1,Forward Shipment,307975366,Haryana
312143477,DCGN-8575/26-27,3,pbsenterprises10 rp b2brc,52:04.7,23-07-2026 20:16,29-07-2026,`DCGN-8575/26-27,"SUNFRIEND POWER, .",Noida,Navi mumbai,fujiyama power system (panel),,410207,1,01-08-2026,01-08-2026,Mumbai_Palaspa_L (Maharashtra),01-08-2026 21:40,Delivered,Delivered,Delivered to Consignee,29-07-2026,01-08-2026 16:13,Pre-paid,5.43766E+13,Clean POD | As per POD audit,,,,35:16.6,15950,56.4,13:42.6,13:42.6,1,,C2,Forward Shipment,307540424,Maharashtra
311501992,SAFELI,2,pbsenterprises10 rp b2brc,45:37.2,12-07-2026 09:40,16-07-2026,`15,"KAKKAR SMART ENERGY VENTURES LLP, KAKKAR SMART ENERGY VENTURES LLP",Bhawani Mandi,Sonipat,safeli sanwra motors,,131028,1,17-07-2026,17-07-2026,Sonipat_Sector42_P (Haryana),18-07-2026 19:47,Delivered,Delivered,Delivered to Consignee,16-07-2026,17-07-2026 17:24,Pre-paid,5.43766E+13,Clean POD | As per POD audit,,,,09:43.5,45000,47.64,24:08.9,24:08.9,1,,D1,Forward Shipment,FMINC_9d33e126-7da7-11f1-baa1-f3f938f5dd8a,Haryana
311348557,SAFELI,2,pbsenterprises10 rp b2brc,43:18.0,10-07-2026 15:38,14-07-2026,`AS-199,"Abhisri Enterprise, Abhisri Enterprise",Guwahati,Bokolia,safeli assam kakkar smart energy ventures llp,,782481,1,15-07-2026,15-07-2026,Bokolia_Atigaon_DPP (Assam),15-07-2026 13:33,Delivered,Delivered,Delivered to Consignee,13-07-2026,15-07-2026 13:33,Pre-paid,5.43766E+13,Contactless Delivery -  Geofence not verified,,,,39:41.8,45000,34.5,33:42.4,33:42.4,1,,E,Forward Shipment,304237946,Assam
311418625,SAFELI,2,pbsenterprises10 rp b2brc,03:52.7,10-07-2026 15:51,14-07-2026,`AS-206,"MJ RIDE, MJ RIDE",Guwahati,Tinsukia,safeli assam kakkar smart energy ventures llp,,786125,2,13-07-2026,14-07-2026,Tinsukia_Nokhroygaon2_D (Assam),15-07-2026 13:11,Delivered,Delivered,Delivered to Consignee,13-07-2026,14-07-2026 15:19,Pre-paid,5.43766E+13,Clean POD | As per POD audit,,,,21:07.0,45000,3.26,15:32.4,19:55.5,2,,E,Forward Shipment,304237946,Assam
312344724,Supreme,2,pbsenterprises10 rp b2brc,43:51.0,28-07-2026 17:56,03-08-2026,`SLE/26-27/00266,"MY TEK POWER SOLAR BATTERY, .",Noida,Greater Thane,supreme lithium energy noida 63,,421003,1,03-08-2026,03-08-2026,Mumbai_Ambernath_L (Maharashtra),04-08-2026 11:37,Delivered,Delivered,Delivered to Consignee,03-08-2026,03-08-2026 15:19,Pre-paid,5.43766E+13,Clean POD | As per POD audit,,,,01:18.5,24704,18.71,19:28.1,19:28.1,1,,C2,Forward Shipment,308635877,Maharashtra
276324075,88,2,pbsenterprises10 rp b2brc,50:42.0,24-07-2026 16:50,27-07-2026,`88,on Lithium Industries Pvt Ltd,Allahabad,Noida,m/s hanuman battery,,201315,4,27-07-2026,11-08-2026,Noida_Surajpur_L (Uttar Pradesh),12-08-2026 10:46,Delivered,Delivered,Delivered to Consignee,27-07-2026,11-08-2026 15:42,Pre-paid,5.43766E+13,Blurry / Not visible / Content not readable,,,,35:20.9,12288,11.64,33:38.9,42:25.9,3,,D1,Forward Shipment,307692735,Uttar Pradesh
311353738,Bounce,2,pbsenterprises10 rp b2brc,43:11.6,09-07-2026 15:00,14-07-2026,`04,"Clean Electric Private Limited, .",Delhi,Pune,bounce suny kumar,,410501,1,15-07-2026,15-07-2026,Pune_Bhamboli_L (Maharashtra),16-07-2026 19:40,Delivered,Delivered,Delivered to Consignee,14-07-2026,15-07-2026 18:38,Pre-paid,5.43766E+13,Clean POD | As per POD audit,,,,38:59.7,45000,15.66,38:30.8,38:30.8,1,,C2,Forward Shipment,303955600,Maharashtra
312435908,B111001390275496-5561238,2,pbsenterprises10 rp b2brc,11:33.9,29-07-2026 15:09,03-08-2026,`898,"KABRA EXTRUSION TECHNIK LTDBATTRIXX , KABRA EXTRUSION TECHNIK LTDBATTRIXX",Chennai,Pune,marss agencies,,410501,1,05-08-2026,05-08-2026,Pune_Bhamboli_L (Maharashtra),06-08-2026 14:42,Delivered,Delivered,Delivered to Consignee,03-08-2026,05-08-2026 16:47,Pre-paid,5.43766E+13,Clean POD | As per POD audit,,,,05:44.5,49000,20.18,47:14.4,47:14.4,1,,C1,Forward Shipment,308749796,Maharashtra
311108223,REDON,3,pbsenterprises10 rp b2brc,41:23.9,04-07-2026 17:11,09-07-2026,`387,"REDON LITHIUM BATTERIES LLP, .",Patti,Noida,baba e vehicle,,201308,1,09-07-2026,09-07-2026,Noida_Surajpur_L (Uttar Pradesh),10-07-2026 14:41,Delivered,Delivered,Delivered to Consignee,09-07-2026,09-07-2026 18:38,Pre-paid,5.43766E+13,Clean POD | As per POD audit,,,,13:12.2,35000,15.45,38:39.4,38:39.4,1,,B,Forward Shipment,302744583,Uttar Pradesh
311372939,RACHNA JI,2,pbsenterprises10 rp b2brc,29:42.9,09-07-2026 19:41,13-07-2026,`SM/NR/26/0483567,"RISHIKESH PAL, FUJIYAMA POWER SYSTEMS LIMITED-NOIDA 51,52",Dholpur,Noida,rachna ji sanjeet parihar 1049c,,201308,2,13-07-2026,15-07-2026,Noida_Surajpur_L (Uttar Pradesh),18-07-2026 10:11,Delivered,Delivered,Delivered to Consignee,13-07-2026,15-07-2026 20:03,Pre-paid,5.43766E+13,Clean POD | As per POD audit,,,,58:43.7,49329,41.87,03:44.7,03:44.7,1,,B,Forward Shipment,304007781,Uttar Pradesh
310918173,B111001390251526-5551295,2,pbsenterprises10 rp b2brc,31:44.5,01-07-2026 19:08,06-07-2026,`793,"KABRA EXTRUSION TECHNIK LTDBATTRIXX , KABRA EXTRUSION TECHNIK LTDBATTRIXX",Eluru,Pune,rjs enterprises,,410501,1,06-07-2026,06-07-2026,Pune_Bhamboli_L (Maharashtra),07-07-2026 12:39,Delivered,Delivered,Delivered to Consignee,06-07-2026,06-07-2026 17:04,Pre-paid,5.43766E+13,Clean POD | As per POD audit,,,,33:50.3,49000,20.56,04:49.6,04:49.6,1,,D1,Forward Shipment,301816486,Maharashtra
312200003,B111001390-272032-5561004,2,pbsenterprises10 rp b2brc,04:44.1,25-07-2026 10:23,01-08-2026,`833,"KABRA EXTRUSION TECHNIK LTDBATTRIXX , KABRA EXTRUSION TECHNIK LTDBATTRIXX",Kumbakonam,Pune,sowndram motors,,410501,1,04-08-2026,04-08-2026,Pune_Bhamboli_L (Maharashtra),05-08-2026 18:10,Delivered,Delivered,Delivered to Consignee,01-08-2026,04-08-2026 16:08,Pre-paid,5.43766E+13,Clean POD | As per POD audit,,,,56:00.7,49000,20.16,08:15.4,08:15.4,1,,D1,Forward Shipment,307723104,Maharashtra
311827009,B111002350120236-5558721,2,pbsenterprises10 rp b2brc,20:30.6,21-07-2026 14:26,28-07-2026,`1,"KABRA EXTRUSION TECHNIK LTDBATTRIXX , KABRA EXTRUSION TECHNIK LTDBATTRIXX",Gorakhpur,Pune,rishab motors,,410501,1,31-07-2026,31-07-2026,Pune_Bhamboli_L (Maharashtra),01-08-2026 21:39,Delivered,Delivered,Delivered to Consignee,28-07-2026,31-07-2026 16:33,Pre-paid,5.43766E+13,Clean POD | As per POD audit,,,,00:35.9,43778,17.64,34:00.5,34:00.5,1,,D2,Forward Shipment,306912399,Maharashtra
285036685,6,3,pbsenterprises10 rp b2brc,11:47.9,04-08-2026 18:13,08-08-2026,`06,"KAKKAR SMART ENERGY VENTURES LLP, KAKKAR SMART ENERGY VENTURES LLP",Lucknow,Sonipat,safeli triveni-e-rickshaw,,131028,1,08-08-2026,08-08-2026,Sonipat_Sector42_P (Haryana),10-08-2026 15:12,Delivered,Delivered,Delivered to Consignee,08-08-2026,08-08-2026 18:06,Pre-paid,5.43766E+13,Clean POD | As per POD audit,,,,18:47.7,49000,47.7,06:30.2,06:30.2,1,,D1,Forward Shipment,310496005,Haryana
312002998,B111001390_1761015556016,2,pbsenterprises10 rp b2brc,53:58.8,24-07-2026 19:30,30-07-2026,`Kamal219,"VDB AUTOMOBILE, VDB AUTOMOBILE",Abhanpur,Karnal,kamal laxmi industrie ampere b2b,,132001,1,01-08-2026,01-08-2026,Karnal_Kutail_H (Haryana),08-08-2026 14:38,Delivered,Delivered,Delivered to Consignee,30-07-2026,01-08-2026 15:18,Pre-paid,5.43766E+13,Clean POD | As per POD audit,,,,29:02.9,49000,16.88,18:40.8,18:40.8,1,,D1,Forward Shipment,307684135,Haryana
312408815,B111001390281517-5561430,2,pbsenterprises10 rp b2brc,33:45.2,29-07-2026 21:24,03-08-2026,`898,"KABRA EXTRUSION TECHNIK-GURUGRAM , KABRA EXTRUSION TECHNIK-GURUGRAM",Haridwar,Gurgaon,bhuwan automobiles,,122004,1,04-08-2026,04-08-2026,Gurgaon_Sihi_L (Haryana),06-08-2026 14:42,Delivered,Delivered,Delivered to Consignee,03-08-2026,04-08-2026 16:15,Pre-paid,5.43766E+13,Clean POD | As per POD audit,,,,02:01.0,49000,18.91,15:42.0,15:42.0,1,,B,Forward Shipment,308677546,Haryana
311955054,B111001390261183-5559422,3,pbsenterprises10 rp b2brc,32:57.6,21-07-2026 20:22,27-07-2026,`865,"KABRA EXTRUSION TECHNIK LTDBATTRIXX , KABRA EXTRUSION TECHNIK LTDBATTRIXX",Tiruppattur,Pune,anjan e bikes,,410501,1,27-07-2026,27-07-2026,Pune_Bhamboli_L (Maharashtra),28-07-2026 17:33,Delivered,Delivered,Delivered to Consignee,27-07-2026,27-07-2026 17:33,Pre-paid,5.43766E+13,Clean POD | As per POD audit,,,,47:43.3,49000,20.64,33:51.3,33:51.3,1,,D1,Forward Shipment,306682655,Maharashtra
311417282,B1_51105_B_123642,2,pbsenterprises10 rp b2brc,46:56.9,10-07-2026 18:01,14-07-2026,`DC/UEPL/NGP/112,"KABRA EXTRUSION TECHNIK LTDBATTRIXX , KABRA EXTRUSION TECHNIK LTDBATTRIXX",Nagpur,Pune,upgrid nagpur-wh0088,,410501,1,13-07-2026,13-07-2026,Pune_Bhamboli_L (Maharashtra),14-07-2026 17:25,Delivered,Delivered,Delivered to Consignee,14-07-2026,13-07-2026 16:37,Pre-paid,5.43766E+13,Clean POD | As per POD audit,,,,10:55.1,20001,50.88,37:28.7,37:28.7,1,,D1,Forward Shipment,304237500,Maharashtra
311068922,E2W4830A14250005-5556412,3,pbsenterprises10 rp b2brc,20:45.9,06-07-2026 22:04,13-07-2026,`924,"CYGNI ENERGY PRIVATE LIMITED, CYGNI ENERGY PRIVATE LIMITED",Konch,Hyderabad,ketan motors,,501359,1,13-07-2026,13-07-2026,Hyderabad_Shamshbd_H (Telangana),13-07-2026 12:56,Delivered,Delivered,Delivered to Consignee,13-07-2026,13-07-2026 12:56,Pre-paid,5.43766E+13,Contactless Delivery -  Geofence verified,,,,16:47.9,48998,15.9,56:51.1,56:51.1,1,,D1,Forward Shipment,303135800,Telangana
312322449,B111001390_172494  5558718,2,pbsenterprises10 rp b2brc,07:21.7,27-07-2026 14:00,30-07-2026,`6651,"SRI BALAJI E BIKES, SRI BALAJI E BIKES",Salem,Viluppuram,oxygen energy enterprises ampere,,605008,1,31-07-2026,31-07-2026,Viluppuram_Pallithennal_P (Tamil Nadu),01-08-2026 13:14,Delivered,Delivered,Delivered to Consignee,30-07-2026,31-07-2026 17:24,Pre-paid,5.43766E+13,Clean POD | As per POD audit,,,,30:21.5,49000,17.24,24:51.5,24:51.5,1,,B,Forward Shipment,308355727,Tamil Nadu
312918349,B111001390272471-5562363,2,pbsenterprises10 rp b2brc,03:03.8,07-08-2026 18:20,13-08-2026,`896,"KABRA EXTRUSION TECHNIK LTDBATTRIXX , KABRA EXTRUSION TECHNIK LTDBATTRIXX",Jhansi,Pune,ashish enterprises,,410501,1,11-08-2026,11-08-2026,Pune_Bhamboli_L (Maharashtra),11-08-2026 16:20,Dispatched,Undelivered,Out for Delivery,13-08-2026,,Pre-paid,5.43766E+13,,,,,28:27.7,49000,20.66,,,,,D1,Forward Shipment,311102496,Maharashtra
312430854,B111001390191409-5560496,2,pbsenterprises10 rp b2brc,10:37.6,29-07-2026 11:12,05-08-2026,`178,"KABRA EXTRUSION TECHNIK LTDBATTRIXX , KABRA EXTRUSION TECHNIK LTDBATTRIXX",Sasaram,Pune,pawansut enterprises,,410501,1,04-08-2026,04-08-2026,Pune_Bhamboli_L (Maharashtra),05-08-2026 18:57,Delivered,Delivered,Delivered to Consignee,05-08-2026,04-08-2026 16:05,Pre-paid,5.43766E+13,Clean POD | As per POD audit,,,,17:42.2,49000,16.86,05:27.3,05:27.3,1,,D2,Forward Shipment,308735219,Maharashtra
312545264,B111001390173722-5558747,3,pbsenterprises10 rp b2brc,22:31.0,30-07-2026 19:09,03-08-2026,`532,"OXYGEN ENERGY ENTERPRISES-AMPERE, OXYGEN ENERGY ENTERPRISES-AMPERE",Viluppuram,Salem,sri bala ji e bikes,,636006,1,04-08-2026,04-08-2026,Salem_Ramalingapuram_H (Tamil Nadu),05-08-2026 18:38,Delivered,Delivered,Delivered to Consignee,03-08-2026,04-08-2026 17:47,Pre-paid,5.43766E+13,Clean POD | As per POD audit,,,,14:35.7,49000,16.92,48:05.8,48:05.8,1,,B,Forward Shipment,309190982,Tamil Nadu
311441507,DCGN-7372/26-27,2,pbsenterprises10 rp b2brc,00:26.5,11-07-2026 15:38,13-07-2026,`DCGN-7372/26-27,"Green Energy Power Solutions, .",Noida,Gurgaon,fujiyama power system (panel),,122001,2,15-07-2026,17-07-2026,Gurgaon_Sector17_L (Haryana),17-07-2026 14:50,Delivered,Delivered,Delivered to Consignee,13-07-2026,17-07-2026 14:50,Pre-paid,5.43766E+13,Contactless Delivery -  Geofence verified,,,,37:32.6,37914,50.66,22:14.7,50:36.0,2,,A,Forward Shipment,304522398,Haryana
312807185,SAFELI,2,pbsenterprises10 rp b2brc,59:07.8,07-08-2026 15:43,10-08-2026,`45,"KAKKAR SMART ENERGY VENTURES LLP, KAKKAR SMART ENERGY VENTURES LLP",Lucknow,Sonipat,safeli jaiswal traders,,131028,1,11-08-2026,11-08-2026,Sonipat_Sector42_P (Haryana),12-08-2026 01:13,Delivered,Delivered,Delivered to Consignee,10-08-2026,11-08-2026 22:03,Pre-paid,5.43766E+13,LM POD document uploaded,,,,33:34.5,15000,51.14,03:47.9,03:47.9,1,,D1,Forward Shipment,311336310,Haryana
312733928,DCGN-9608/26-27,2,pbsenterprises10 rp b2brc,17:28.7,03-08-2026 19:17,10-08-2026,`DCGN-9608/26-27,"Akhilesh Kumar 5580h, ..",Noida,Sitamarhi,fujiyama power system (panel),,843302,1,10-08-2026,10-08-2026,Sitamarhi_Punaura_D (Bihar),10-08-2026 16:48,Delivered,Delivered,Delivered to Consignee,10-08-2026,10-08-2026 16:48,Pre-paid,5.43766E+13,Contactless Delivery -  Geofence NA,,,,10:06.3,113023,116,48:57.9,48:57.9,1,,D1,Forward Shipment,310160744,Bihar
311436229,B111001390201859-5558479,2,pbsenterprises10 rp b2brc,04:53.4,11-07-2026 16:05,18-07-2026,`832,"KABRA EXTRUSION TECHNIK LTDBATTRIXX , KABRA EXTRUSION TECHNIK LTDBATTRIXX",Thanjavur,Pune,chola e bike,,410501,1,21-07-2026,21-07-2026,Pune_Bhamboli_L (Maharashtra),22-07-2026 18:17,Delivered,Delivered,Delivered to Consignee,18-07-2026,21-07-2026 17:42,Pre-paid,5.43766E+13,Clean POD | As per POD audit,,,,29:07.8,49000,19.96,42:56.2,42:56.2,1,,D1,Forward Shipment,304283777,Maharashtra
311548669,B111001390220749-5557500,4,pbsenterprises10 rp b2brc,21:24.5,13-07-2026 17:22,20-07-2026,`832,"KABRA EXTRUSION TECHNIK LTDBATTRIXX , KABRA EXTRUSION TECHNIK LTDBATTRIXX",Kumbakonam,Pune,sowndram motors,,410501,1,21-07-2026,21-07-2026,Pune_Bhamboli_L (Maharashtra),22-07-2026 18:16,Delivered,Delivered,Delivered to Consignee,20-07-2026,21-07-2026 17:43,Pre-paid,5.43766E+13,Clean POD | As per POD audit,,,,23:55.7,49000,20.38,43:06.1,43:06.1,1,,D1,Forward Shipment,304889275,Maharashtra
312342904,E2W4830A11250041-5558685,5,pbsenterprises10 rp b2brc,23:36.5,28-07-2026 15:42,03-08-2026,`907,"CYGNI ENERGY PRIVATE LIMITED, CYGNI ENERGY PRIVATE LIMITED",Kolkata,Hyderabad,new db enterprise,,501359,1,01-08-2026,01-08-2026,Hyderabad_Shamshbd_H (Telangana),01-08-2026 12:56,Delivered,Delivered,Delivered to Consignee,03-08-2026,01-08-2026 12:56,Pre-paid,5.43766E+13,Contactless Delivery -  Geofence verified,,,,35:36.6,49000,15.64,56:47.4,56:47.4,1,,D2,Forward Shipment,308397828,Telangana
311208703,B111001390205975-5558013,2,pbsenterprises10 rp b2brc,36:33.5,07-07-2026 18:35,14-07-2026,`831,"KABRA EXTRUSION TECHNIK LTDBATTRIXX , KABRA EXTRUSION TECHNIK LTDBATTRIXX",Proddatur,Pune,siri motors-proddatur,,410501,1,13-07-2026,13-07-2026,Pune_Bhamboli_L (Maharashtra),14-07-2026 15:37,Delivered,Delivered,Delivered to Consignee,14-07-2026,13-07-2026 16:35,Pre-paid,5.43766E+13,Clean POD | As per POD audit,,,,08:20.1,49000,20.17,35:51.5,35:51.5,1,,D1,Forward Shipment,303236116,Maharashtra
312125499,DCGN-8474/26-27,2,pbsenterprises10 rp b2brc,44:02.3,24-07-2026 20:19,30-07-2026,`DCGN-8474/26-27,"SUNVOLT SYSTEMS , .",Noida,Kakdwip,fujiyama power system (panel),,743347,1,29-07-2026,29-07-2026,Kakdwip_KlngrDPP_D (West Bengal),30-07-2026 12:52,Delivered,Delivered,Delivered to Consignee,30-07-2026,29-07-2026 19:01,Pre-paid,5.43766E+13,Clean POD | As per POD audit,,,,15:56.3,35973,50,01:52.0,01:52.0,1,,D2,Forward Shipment,307671643,West Bengal
311825650,Drive volts,2,pbsenterprises10 rp b2brc,05:29.5,18-07-2026 19:05,22-07-2026,`125,"0, Drive Volts Private Limited",Samalkha,Dehradun,gahalyan e bike,,248011,1,27-07-2026,27-07-2026,Dehradun_Temp_L (Uttarakhand),27-07-2026 15:21,Delivered,Delivered,Delivered to Consignee,22-07-2026,27-07-2026 15:21,Pre-paid,5.43766E+13,Contactless Delivery -  Geofence verified,,,,35:31.5,15000,14.64,21:43.4,21:43.4,1,,B,Forward Shipment,306016933,Uttarakhand
312960104,B111001390235218-5562222,2,pbsenterprises10 rp b2brc,26:55.3,08-08-2026 12:54,14-08-2026,`921,"KABRA EXTRUSION TECHNIK LTDBATTRIXX , KABRA EXTRUSION TECHNIK LTDBATTRIXX",Chandigarh,Pune,shri ji enterprises,,410501,0,,,Pune_Sudhwadi_GW (Maharashtra),12-08-2026 07:13,In Transit,Undelivered,Consignment Dispatched from Origin City,14-08-2026,,Pre-paid,5.43766E+13,,,,,,49000,20.04,,,,,D2,Forward Shipment,311346839,Maharashtra
311053325,REDON,2,pbsenterprises10 rp b2brc,15:12.6,03-07-2026 16:32,09-07-2026,`00007,"REDON LITHIUM BATTERIES LLP, .",Kolkata,Noida,greenvolt lithium solutions,,201308,2,09-07-2026,10-07-2026,Noida_Surajpur_L (Uttar Pradesh),12-07-2026 12:32,Delivered,Delivered,Delivered to Consignee,09-07-2026,11-07-2026 09:23,Pre-paid,5.43766E+13,Stray / Random Image uploaded,,,,46:27.5,41300,55.41,23:55.4,23:55.4,1,,D2,Forward Shipment,302492982,Uttar Pradesh
311188939,SAFELI,2,pbsenterprises10 rp b2brc,00:43.8,08-07-2026 17:31,10-07-2026,`434,"KAKKAR SMART ENERGY VENTURES LLP, KAKKAR SMART ENERGY VENTURES LLP",Khurja,Sonipat,safeli bhumi traiders co,,131028,1,11-07-2026,11-07-2026,Sonipat_Sector42_P (Haryana),13-07-2026 12:15,Delivered,Delivered,Delivered to Consignee,10-07-2026,11-07-2026 13:46,Pre-paid,5.43766E+13,Clean POD | As per POD audit,,,,46:14.4,15000,49.5,47:03.2,47:03.2,1,,B,Forward Shipment,FMINC_b4c2c964-7ac4-11f1-888c-ef2a90ec0f43,Haryana
288514290,k,2,pbsenterprises10 rp b2brc,39:03.9,11-07-2026 14:15,15-07-2026,`001,KAKKAR SMART ENERGY VENTURES LLP,Patna,Sonipat,safeli khushboo enterprises,,131028,1,15-07-2026,15-07-2026,Sonipat_Sector42_P (Haryana),17-07-2026 10:39,Delivered,Delivered,Delivered to Consignee,15-07-2026,15-07-2026 17:01,Pre-paid,5.43766E+13,Clean POD | As per POD audit,,,,16:52.7,45000,17.63,03:32.5,03:32.5,1,,D1,Forward Shipment,FMINC_e7045cf2-7d04-11f1-a25b-2125da1445cb,Haryana
311552665,B111002350122672-5559189,4,pbsenterprises10 rp b2brc,10:08.8,14-07-2026 16:51,20-07-2026,`680,"KABRA EXTRUSION TECHNIK LTDBATTRIXX , KABRA EXTRUSION TECHNIK LTDBATTRIXX",Kota,Pune,sr wheels-kota,,410501,1,21-07-2026,21-07-2026,Pune_Bhamboli_L (Maharashtra),22-07-2026 18:17,Delivered,Delivered,Delivered to Consignee,20-07-2026,21-07-2026 17:55,Pre-paid,5.43766E+13,Clean POD | As per POD audit,,,,53:06.4,49000,17.68,55:50.4,55:50.4,1,,D1,Forward Shipment,304902442,Maharashtra
311760213,RACHNA JI,2,pbsenterprises10 rp b2brc,35:23.2,20-07-2026 11:31,24-07-2026,`SM/NR/26/0486015,"RISHIKESH PAL, FUJIYAMA POWER SYSTEMS LIMITED-NOIDA 51,52",Tikamgarh,Noida,rachna ji deepak sharma 1039e,,201308,1,23-07-2026,23-07-2026,Noida_Surajpur_L (Uttar Pradesh),24-07-2026 14:39,Delivered,Delivered,Delivered to Consignee,24-07-2026,23-07-2026 21:25,Pre-paid,5.43766E+13,Clean POD | As per POD audit,,,,56:37.3,35836,33.12,25:19.9,25:19.9,1,,D1,Forward Shipment,306599276,Uttar Pradesh
311961202,B111002350121377-5560495,2,pbsenterprises10 rp b2brc,37:59.1,21-07-2026 16:19,27-07-2026,`802,"KABRA EXTRUSION TECHNIK LTDBATTRIXX , KABRA EXTRUSION TECHNIK LTDBATTRIXX",Ajmer,Pune,matrix electric mobility,,410501,1,25-07-2026,25-07-2026,Pune_Bhamboli_L (Maharashtra),26-07-2026 08:52,Delivered,Delivered,Delivered to Consignee,27-07-2026,25-07-2026 21:02,Pre-paid,5.43766E+13,Clean POD | As per POD audit,,,,40:38.7,49000,17.66,02:05.9,02:05.9,1,,D1,Forward Shipment,306658926,Maharashtra
311652112,Maxxo Green,3,pbsenterprises10 rp b2brc,13:58.6,15-07-2026 14:31,18-07-2026,`125,"., ,Maxxo Green Energy",Kanpur,Noida,maa vaishno sales,,201310,1,21-07-2026,21-07-2026,Noida_Surajpur_L (Uttar Pradesh),21-07-2026 18:13,Delivered,Delivered,Delivered to Consignee,18-07-2026,21-07-2026 18:13,Pre-paid,5.43766E+13,Contactless Delivery -  Geofence verified,,,,26:37.5,45200,15.91,13:40.9,13:40.9,1,,B,Forward Shipment,305283121,Uttar Pradesh
312866297,DCGN-9874/26-27,2,pbsenterprises10 rp b2brc,40:02.0,07-08-2026 19:25,13-08-2026,`DCGN-9874/26-27,"SANA TOTO PARTS , .",Noida,Morgram,fujiyama power system (panel),,742226,0,,,Berhampore_Mankara_I (West Bengal),12-08-2026 09:29,In Transit,Undelivered,Consignment Dispatched from Origin City,13-08-2026,,Pre-paid,5.43766E+13,,,,,,53589,47.5,,,,,D1,Forward Shipment,311278018,West Bengal
312737315,B111001390249253-5562234,2,pbsenterprises10 rp b2brc,55:43.6,07-08-2026 15:09,13-08-2026,`47,"KABRA EXTRUSION TECHNIK LTDBATTRIXX , KABRA EXTRUSION TECHNIK LTDBATTRIXX",Dindigul,Pune,abirami e bike,,410501,0,,,Pune_Sudhwadi_GW (Maharashtra),12-08-2026 04:41,In Transit,Undelivered,Consignment Dispatched from Origin City,13-08-2026,,Pre-paid,5.43766E+13,,,,,,49000,20.44,,,,,D1,Forward Shipment,311304648,Maharashtra
311934006,SAFELI,2,pbsenterprises10 rp b2brc,41:01.7,20-07-2026 14:47,22-07-2026,`AS-227,"Loknath Enterprise, Loknath Enterprise",Guwahati,Barpeta,safeli assam kakkar smart energy ventures llp,,781313,1,22-07-2026,22-07-2026,Barpeta_ShaktiNagar_D (Assam),22-07-2026 14:12,Delivered,Delivered,Delivered to Consignee,22-07-2026,22-07-2026 14:12,Pre-paid,5.43766E+13,Contactless Delivery -  Geofence verified,,,,52:35.3,12000,6.38,12:49.4,12:49.4,1,,E,Forward Shipment,306638126,Assam
312210700,A48281B24I22305  5557887,2,pbsenterprises10 rp b2brc,05:46.0,24-07-2026 19:30,30-07-2026,`Kamal2012,"MAA AMBE AUTOMOBILE, MAA AMBE AUTOMOBILE",Abhanpur,Gadarwara,kamal laxmi industrie ampere b2b,,487551,1,30-07-2026,30-07-2026,Gadarwara_MPward_D (Madhya Pradesh),31-07-2026 11:02,Delivered,Delivered,Delivered to Consignee,30-07-2026,30-07-2026 13:24,Pre-paid,5.43766E+13,Clean POD | As per POD audit,,,,13:08.2,49000,10.42,24:07.0,24:07.0,1,,B,Forward Shipment,307684135,Madhya Pradesh
311188660,safeli,2,pbsenterprises10 rp b2brc,58:02.2,06-07-2026 15:07,11-07-2026,`AS-189,"M/S Rocky Automobile, M/S Rocky Automobile",Guwahati,Dhubri,safeli assam kakkar smart energy ventures llp,,783331,1,17-07-2026,17-07-2026,Dhubri_Jhagrarpar_D (Assam),18-07-2026 10:12,Delivered,Delivered,Delivered to Consignee,09-07-2026,17-07-2026 12:48,Pre-paid,5.43766E+13,Clean POD | As per POD audit,,,,35:05.5,10000,2.92,48:30.3,48:30.3,1,,E,Forward Shipment,303163083,Assam
312536824,REDON,5,pbsenterprises10 rp b2brc,52:53.3,30-07-2026 17:36,04-08-2026,`5806,"REDON LITHIUM BATTERIES LLP, .",Dankuni,Noida,elvic automotive,,201308,1,04-08-2026,04-08-2026,Noida_Surajpur_L (Uttar Pradesh),07-08-2026 11:21,Delivered,Delivered,Delivered to Consignee,04-08-2026,05-08-2026 11:56,Pre-paid,5.43766E+13,Clean POD | As per POD audit,,,,09:09.3,38000,12.59,56:42.5,56:42.5,1,,C2,Forward Shipment,309205627,Uttar Pradesh
312534216,DCGN-9269/26-27,2,pbsenterprises10 rp b2brc,37:20.4,31-07-2026 19:46,04-08-2026,`DCGN-9269/26-27,"HARDAYAL SINGH (SERVICE ENGG), .",Noida,Amritsar,fujiyama power system (panel),,143001,1,04-08-2026,04-08-2026,Amritsar_VerkaBypss_I (Punjab),06-08-2026 12:00,Delivered,Delivered,Delivered to Consignee,04-08-2026,04-08-2026 11:39,Pre-paid,5.43766E+13,Clean POD | As per POD audit,,,,40:17.4,11576,68,40:05.0,40:05.0,1,,B,Forward Shipment,309440961,Punjab
311677123,RACHNA JI,3,pbsenterprises10 rp b2brc,18:31.9,16-07-2026 15:55,21-07-2026,`D-970/26-27,"RISHIKESH PAL, FUJIYAMA POWER SYSTEMS LIMITED-NOIDA 51,52",Tarn Taran Sahib,Noida,rachna ji karanjeet singh 1539,,201308,1,22-07-2026,22-07-2026,Noida_Surajpur_L (Uttar Pradesh),24-07-2026 16:01,Delivered,Delivered,Delivered to Consignee,21-07-2026,23-07-2026 12:21,Pre-paid,5.43766E+13,Clean POD | As per POD audit,,,,44:59.8,121374,51.11,21:55.8,21:55.8,1,,B,Forward Shipment,305449888,Uttar Pradesh
312850130,B111001390265847-5561621,3,pbsenterprises10 rp b2brc,23:29.3,05-08-2026 18:26,12-08-2026,`804,"KABRA EXTRUSION TECHNIK LTDBATTRIXX , KABRA EXTRUSION TECHNIK LTDBATTRIXX",Palladam,Pune,sree velavan motors,,410501,1,10-08-2026,10-08-2026,Pune_Bhamboli_L (Maharashtra),11-08-2026 17:07,Delivered,Delivered,Delivered to Consignee,12-08-2026,10-08-2026 19:00,Pre-paid,5.43766E+13,Clean POD | As per POD audit,,,,12:41.1,49000,20.68,00:35.0,00:35.0,1,,D1,Forward Shipment,310796274,Maharashtra
312476333,B1_51105_B_128623,2,pbsenterprises10 rp b2brc,47:29.7,31-07-2026 20:06,06-08-2026,`DC/UEPL/BHGP/102,"KABRA EXTRUSIONTECHNIK LTD, KABRA EXTRUSIONTECHNIK LTD",Bhagalpur,Gurgaon,upgrid bhagalpur wh0085,,122004,1,11-08-2026,11-08-2026,Gurgaon_Sihi_L (Haryana),12-08-2026 13:14,Delivered,Delivered,Delivered to Consignee,06-08-2026,11-08-2026 16:33,Pre-paid,5.43766E+13,LM POD document uploaded,,,,20:14.4,20001,50.44,33:24.1,33:24.1,1,,D1,Forward Shipment,309483200,Haryana
313004624,B111001390275731-5562943,2,pbsenterprises10 rp b2brc,53:47.2,08-08-2026 15:51,14-08-2026,`964,"KABRA EXTRUSION TECHNIK LTDBATTRIXX , KABRA EXTRUSION TECHNIK LTDBATTRIXX",Deesa,Pune,om e motors,,410501,0,,,Ahmedabad_Kanera_GW (Gujarat),12-08-2026 08:56,In Transit,Undelivered,Consignment Dispatched from Origin City,14-08-2026,,Pre-paid,5.43766E+13,,,,,,49000,20.44,,,,,D1,Forward Shipment,311590676,Maharashtra
311200985,B111001390240182-5557471,2,pbsenterprises10 rp b2brc,10:30.4,07-07-2026 14:19,11-07-2026,`586,"KABRA EXTRUSION TECHNIK LTDBATTRIXX , KABRA EXTRUSION TECHNIK LTDBATTRIXX",Mandsaur,Pune,labdhi ampere,,410501,1,11-07-2026,11-07-2026,Pune_Bhamboli_L (Maharashtra),13-07-2026 10:43,Delivered,Delivered,Delivered to Consignee,11-07-2026,11-07-2026 17:59,Pre-paid,5.43766E+13,Clean POD | As per POD audit,,,,28:59.0,49000,20.41,59:38.0,59:38.0,1,,D1,Forward Shipment,303230874,Maharashtra
311964027,250850915 250851032,2,pbsenterprises10 rp b2brc,10:53.0,20-07-2026 20:47,29-07-2026,`11,"KABRA EXTRUSION TECHNIK-GURUGRAM , KABRA EXTRUSION TECHNIK-GURUGRAM",Dhakuakhana,Gurgaon,subansiri engineering works (kab),,122004,1,10-08-2026,10-08-2026,Gurgaon_Sihi_L (Haryana),11-08-2026 17:53,Delivered,Delivered,Delivered to Consignee,28-07-2026,10-08-2026 20:32,Pre-paid,5.43766E+13,LM POD document uploaded,,,,54:35.3,12000,7.42,37:15.7,37:15.7,1,,E,Forward Shipment,306594737,Haryana
311417530,Bounce,2,pbsenterprises10 rp b2brc,49:31.5,10-07-2026 20:20,14-07-2026,`D/26-27/131,"Wadiyar EV Motors Pvt Ltd, .",Bangalore,Mysore,bounce exicom energy systems private limited bangalore,,570023,3,13-07-2026,15-07-2026,Mysore_Hebbalestate_H (Karnataka),04-08-2026 23:35,Delivered,Delivered,Delivered to Consignee,14-07-2026,15-07-2026 16:36,Pre-paid,5.43766E+13,Clean POD | As per POD audit,,,,57:16.8,45000,13.06,36:24.8,36:48.5,3,,B,Forward Shipment,304236170,Karnataka
312126797,DCGN-8461/26-27,2,pbsenterprises10 rp b2brc,56:46.2,23-07-2026 20:18,28-07-2026,`DCGN-8461/26-27,"TIRUPATI SALES AND ONLINE POWER, .",Noida,Gwalior,fujiyama power system (panel),,474001,1,30-07-2026,30-07-2026,Gwalior_Nayagaon_P (Madhya Pradesh),31-07-2026 12:49,Delivered,Delivered,Delivered to Consignee,28-07-2026,30-07-2026 13:52,Pre-paid,5.43766E+13,Clean POD | As per POD audit,,,,21:47.1,7961,56.8,52:28.9,52:28.9,1,,B,Forward Shipment,307540424,Madhya Pradesh
311385688,B111001390265035-5558447,2,pbsenterprises10 rp b2brc,44:38.8,10-07-2026 18:59,17-07-2026,`893,"KABRA EXTRUSION TECHNIK LTDBATTRIXX , KABRA EXTRUSION TECHNIK LTDBATTRIXX",Chandikhol,Pune,green wheels,,410501,1,16-07-2026,16-07-2026,Pune_Bhamboli_L (Maharashtra),18-07-2026 10:11,Delivered,Delivered,Delivered to Consignee,17-07-2026,16-07-2026 18:16,Pre-paid,5.43766E+13,Clean POD | As per POD audit,,,,06:00.7,49000,20.74,16:52.5,16:52.5,1,,D2,Forward Shipment,304040218,Maharashtra
312901345,B60381B22E10235  5556806,2,pbsenterprises10 rp b2brc,30:23.8,07-08-2026 16:02,13-08-2026,`Kamal8133,"UNIQUE DISTRIBUTORS, UNIQUE DISTRIBUTORS",Abhanpur,Mansa,kamal laxmi industrie ampere b2b,,151505,0,,,Chandigarh_RamNagar_GW (Punjab),12-08-2026 01:22,In Transit,Undelivered,Consignment Dispatched from Origin City,13-08-2026,,Pre-paid,5.43766E+13,,,,,,49000,15.86,,,,,D2,Forward Shipment,FMINC_45cd3a47-924b-11f1-b753-37db00bbd465,Punjab
312079947,DCGN-8419/26-27,2,pbsenterprises10 rp b2brc,22:23.7,22-07-2026 20:09,27-07-2026,`DCGN-8419/26-27,"R.S. TRADERS, .",Noida,Firozabad,fujiyama power system (panel),,283203,1,27-07-2026,27-07-2026,Firozabad_Kakrau_D (Uttar Pradesh),30-07-2026 17:26,Delivered,Delivered,Delivered to Consignee,27-07-2026,27-07-2026 14:21,Pre-paid,5.43766E+13,Clean POD | As per POD audit,,,,54:56.6,35974,50.1,21:20.0,21:20.0,1,,B,Forward Shipment,307136441,Uttar Pradesh
312399517,B111001390189291 B111001390194151 5558591 5551552,3,pbsenterprises10 rp b2brc,49:32.6,29-07-2026 17:53,03-08-2026,`5002,"HASSONJEE AUTOMOTIVES , HASSONJEE AUTOMOTIVES",Abhanpur,Amravati,kamal laxmi industrie ampere b2b,,444602,1,03-08-2026,03-08-2026,Amravati_Nimbhora_H (Maharashtra),08-08-2026 17:02,Delivered,Delivered,Delivered to Consignee,03-08-2026,03-08-2026 18:24,Pre-paid,5.43766E+13,Clean POD | As per POD audit,,,,47:57.6,49000,16.88,24:32.7,24:32.7,1,,B,Forward Shipment,FMINC_46842a80-8b48-11f1-b9cf-ab0cab0abefc,Maharashtra
311436503,B111001390227560-5553245,2,pbsenterprises10 rp b2brc,07:33.2,11-07-2026 19:48,20-07-2026,`841,"KABRA EXTRUSION TECHNIK LTDBATTRIXX , KABRA EXTRUSION TECHNIK LTDBATTRIXX",hazaribagh,Pune,mitali automobiles,,410501,1,18-07-2026,18-07-2026,Pune_Bhamboli_L (Maharashtra),20-07-2026 12:43,Delivered,Delivered,Delivered to Consignee,20-07-2026,18-07-2026 15:01,Pre-paid,5.43766E+13,Clean POD | As per POD audit,,,,47:46.9,49000,19.99,01:09.0,01:09.0,1,,D2,Forward Shipment,304285466,Maharashtra
312031233,B111001390217777-5561008,2,pbsenterprises10 rp b2brc,07:49.5,22-07-2026 14:15,27-07-2026,`832,"KABRA EXTRUSION TECHNIK LTDBATTRIXX , KABRA EXTRUSION TECHNIK LTDBATTRIXX",Hubli,Pune,tara motors ampere (unit of tara agencies),,410501,1,25-07-2026,25-07-2026,Pune_Bhamboli_L (Maharashtra),26-07-2026 08:52,Delivered,Delivered,Delivered to Consignee,27-07-2026,25-07-2026 21:01,Pre-paid,5.43766E+13,Clean POD | As per POD audit,,,,16:36.9,49000,19.9,01:22.4,01:22.4,1,,B,Forward Shipment,306999237,Maharashtra
312558026,DCGN-9294/26-27,2,pbsenterprises10 rp b2brc,21:51.8,30-07-2026 19:27,05-08-2026,`DCGN-9294/26-27,"M/S NEW EXCEL BATTERIES & INVERTER, .",Noida,Bijnor,fujiyama power system (panel),,246701,0,,,Meerut_Panchlikhurd_H (Uttar Pradesh),10-08-2026 19:13,In Transit,Undelivered,Delay due to Disturbance/Strike,03-08-2026,,Pre-paid,5.43766E+13,Due To Kawad Yatra Restrictions,,,,,113023,115,,,,,B,Forward Shipment,309173980,Uttar Pradesh
311735532,B111001390185994-5559117,2,pbsenterprises10 rp b2brc,25:19.5,17-07-2026 16:05,25-07-2026,`608,"KAMAL LAXMI INDUSTRIES-AMPERE, KAMAL LAXMI INDUSTRIES-AMPERE",Gurdaspur,Raipur,standard electric,,492015,1,25-07-2026,25-07-2026,Raipur_Devpuri_L (Chhattisgarh),26-07-2026 08:54,Delivered,Delivered,Delivered to Consignee,25-07-2026,25-07-2026 12:56,Pre-paid,5.43766E+13,Clean POD | As per POD audit,,,,37:23.6,49000,16.2,56:47.3,56:47.3,1,,D2,Forward Shipment,305724362,Chhattisgarh
312912525,DCGN-9940/26-27,3,pbsenterprises10 rp b2brc,59:41.5,07-08-2026 19:29,14-08-2026,`DCGN-9940/26-27,"SHREE SOLAR ENGINEERING, .",Noida,Bhubaneshwar,fujiyama power system (panel),,754001,1,12-08-2026,12-08-2026,Bhubaneswar_Bampakhuda_GW (Orissa),12-08-2026 10:47,Dispatched,Undelivered,Out for Delivery,14-08-2026,,Pre-paid,5.43766E+13,,,,,43:23.5,16500,61,,,,,D2,Forward Shipment,311278018,Orissa
311257968,DCGN-7016/26-27,2,pbsenterprises10 rp b2brc,34:15.7,08-07-2026 20:46,13-07-2026,`DCGN-7016/26-27,"HIMANI ENTERPRISES, .",Noida,Rishikesh,fujiyama power system (panel),,248140,2,11-07-2026,13-07-2026,Rishikesh_BhaniaWala_D (Uttarakhand),14-07-2026 10:16,Delivered,Delivered,Delivered to Consignee,13-07-2026,13-07-2026 11:51,Pre-paid,5.43766E+13,Clean POD | As per POD audit,,,,29:51.0,7346,58.1,22:19.1,51:07.7,2,,B,Forward Shipment,303676804,Uttarakhand
311108270,RACHNA JI,2,pbsenterprises10 rp b2brc,41:42.5,07-07-2026 19:17,15-07-2026,`SM/NR/26/0478135,"RISHIKESH PAL, FUJIYAMA POWER SYSTEMS LIMITED-NOIDA 51,52",Sullia,Noida,rachna ji santhosha bajinadka 5582e,,201308,2,16-07-2026,17-07-2026,Noida_Surajpur_L (Uttar Pradesh),18-07-2026 19:48,Delivered,Delivered,Delivered to Consignee,15-07-2026,18-07-2026 09:55,Pre-paid,5.43766E+13,Blurry / Not visible / Content not readable,,,,53:37.0,35836,28.36,55:32.5,55:32.5,1,,D2,Forward Shipment,303402699,Uttar Pradesh
312734296,DCGN-9609/26-27,2,pbsenterprises10 rp b2brc,21:32.6,03-08-2026 19:16,08-08-2026,`DCGN-9609/26-27,"SUNGREEN SOLAR ENERGY, .",Noida,Satna,fujiyama power system (panel),,485001,1,08-08-2026,08-08-2026,Satna_Nazirabad_I (Madhya Pradesh),09-08-2026 13:46,Delivered,Delivered,Delivered to Consignee,08-08-2026,08-08-2026 15:53,Pre-paid,5.43766E+13,Clean POD | As per POD audit,,,,12:54.1,123156,52,53:57.9,53:57.9,1,,D1,Forward Shipment,310160744,Madhya Pradesh
312959692,250851053,2,pbsenterprises10 rp b2brc,21:30.5,08-08-2026 17:25,13-08-2026,`11,"KABRA EXTRUSION TECHNIK-GURUGRAM , KABRA EXTRUSION TECHNIK-GURUGRAM",Bhagalpur,Gurgaon,agarwal tyre and battery (kab),,122004,0,,,Gurgaon_Tauru_GW (Haryana),10-08-2026 20:40,In Transit,Undelivered,Consignment Dispatched from Origin City,13-08-2026,,Pre-paid,5.43766E+13,,,,,,8000,3.2,,,,,D1,Forward Shipment,311345658,Haryana
311936799,SAFELI,2,pbsenterprises10 rp b2brc,14:40.1,22-07-2026 16:23,27-07-2026,`68,"KAKKAR SMART ENERGY VENTURES LLP, ASSAM KAKKAR SMART ENERGY VENTURES LLP",Dhubri,Guwahati,safeli runu  store & automobiles,,781035,1,29-07-2026,29-07-2026,Guwahati_Kaikchi1_L (Assam),30-07-2026 16:35,Delivered,Delivered,Delivered to Consignee,27-07-2026,29-07-2026 16:39,Pre-paid,5.43766E+13,Clean POD | As per POD audit,,,,13:30.8,15000,50,39:18.8,39:18.8,1,,E,Forward Shipment,307171775,Assam
311545224,B111001390172644  5557089,2,pbsenterprises10 rp b2brc,42:45.3,13-07-2026 14:35,15-07-2026,`008/26-27,"NATIONAL BATTERY , NATIONAL BATTERY",Ahmedabad,Bhavnagar,jalaram lithium battery ampere b2b,,364001,1,18-07-2026,18-07-2026,Bhavnagar_Chitra_I (Gujarat),18-07-2026 19:53,Delivered,Delivered,Delivered to Consignee,15-07-2026,18-07-2026 15:23,Pre-paid,5.43766E+13,Clean POD | As per POD audit,,,,47:45.4,47200,17.24,23:15.4,23:15.4,1,,B,Forward Shipment,304879243,Gujarat
311546204,B111001390195612  5553522,2,pbsenterprises10 rp b2brc,53:27.6,13-07-2026 14:34,17-07-2026,`010/26-27,"SONITH MOTORS, SONITH MOTORS",Ahmedabad,Palghar,jalaram lithium battery ampere b2b,,401506,1,16-07-2026,16-07-2026,Palghar_VishnuNagar_L (Maharashtra),17-07-2026 17:01,Delivered,Delivered,Delivered to Consignee,17-07-2026,16-07-2026 17:22,Pre-paid,5.43766E+13,Clean POD | As per POD audit,,,,32:52.2,47200,14.46,22:09.0,22:09.0,1,,B,Forward Shipment,304879243,Maharashtra
311436910,GN-5372/26-27,2,pbsenterprises10 rp b2brc,10:59.3,10-07-2026 20:33,14-07-2026,`GN-5372/26-27,"Mehraj Ahmad ( VO Rajasthan ), .",Noida,Phulera,fujiyama power system (panel),,303348,1,15-07-2026,15-07-2026,Phulera_JeenmataNagar_D (Rajasthan),15-07-2026 10:30,Delivered,Delivered,Delivered to Consignee,13-07-2026,15-07-2026 10:30,Pre-paid,5.43766E+13,Contactless Delivery -  Geofence not verified,,,,59:46.5,6210,9.56,30:15.1,30:15.1,1,,B,Forward Shipment,304222175,Rajasthan
312565263,B111001390222561-5562076,2,pbsenterprises10 rp b2brc,23:38.2,31-07-2026 19:30,06-08-2026,`1,"KABRA EXTRUSION TECHNIK LTDBATTRIXX , KABRA EXTRUSION TECHNIK LTDBATTRIXX",Pathanamthitta,Pune,emkay motors pvt ltd,,410501,1,07-08-2026,07-08-2026,Pune_Bhamboli_L (Maharashtra),08-08-2026 16:57,Delivered,Delivered,Delivered to Consignee,06-08-2026,07-08-2026 18:09,Pre-paid,5.43766E+13,Clean POD | As per POD audit,,,,11:08.1,49000,19.9,09:16.1,09:16.1,1,,D1,Forward Shipment,309272693,Maharashtra
312061105,DCGN-8355/26-27,2,pbsenterprises10 rp b2brc,52:00.7,22-07-2026 20:07,30-07-2026,`DCGN-8355/26-27,"SRI NANDI ENTERPRISESSRI NANDI ENTERPRISES, .",Noida,Shimoga,fujiyama power system (panel),,577201,1,30-07-2026,30-07-2026,Shimoga_Eshwariah_I (Karnataka),31-07-2026 12:16,Delivered,Delivered,Delivered to Consignee,30-07-2026,30-07-2026 14:26,Pre-paid,5.43766E+13,Clean POD | As per POD audit,,,,52:16.5,7700,60.2,26:36.2,26:36.2,1,,D2,Forward Shipment,307136441,Karnataka
310889421,A48281B24I26609-5554308,2,pbsenterprises10 rp b2brc,41:48.9,30-06-2026 14:28,04-07-2026,`1042,"SREEVANI E BIKES , .",Salem,Vizianagaram,oxygen energy enterprises ampere,,535002,1,04-07-2026,04-07-2026,Vizianagaram_KLPuram_D (Andhra Pradesh),04-07-2026 19:16,Delivered,Delivered,Delivered to Consignee,04-07-2026,04-07-2026 15:10,Pre-paid,5.43766E+13,Clean POD | As per POD audit,,,,42:38.8,49000,7.85,10:43.4,10:43.4,1,,D1,Forward Shipment,301721031,Andhra Pradesh
311315689,DCGN-7115/26-27,2,pbsenterprises10 rp b2brc,45:59.2,09-07-2026 19:10,16-07-2026,`DCGN-7115/26-27,"SAI AGENCY, .",Noida,Vellore,fujiyama power system (panel),,632006,1,15-07-2026,15-07-2026,Vellore_Avrmpalyam_I (Tamil Nadu),16-07-2026 14:46,Delivered,Delivered,Delivered to Consignee,16-07-2026,15-07-2026 13:12,Pre-paid,5.43766E+13,Clean POD | As per POD audit,,,,11:50.9,11394,66.5,12:18.6,12:18.6,1,,D2,Forward Shipment,303931375,Tamil Nadu
310943361,SAFELI,3,pbsenterprises10 rp b2brc,12:53.9,01-07-2026 20:04,08-07-2026,`12,"KAKKAR SMART ENERGY VENTURES LLP, KAKKAR SMART ENERGY VENTURES LLP",Forbesganj,Sonipat,safeli m/s rohini e rikshaw,,131028,1,22-07-2026,22-07-2026,Sonipat_Sector42_P (Haryana),24-07-2026 10:15,Delivered,Delivered,Delivered to Consignee,08-07-2026,22-07-2026 17:07,Pre-paid,5.43766E+13,Clean POD | As per POD audit,,,,46:56.7,30000,55,07:31.6,07:31.6,1,,D1,Forward Shipment,301987149,Haryana
312849802,B1_51105_B_121830,2,pbsenterprises10 rp b2brc,18:25.5,06-08-2026 20:20,12-08-2026,`DC/UEPL/BHGP/105,"KABRA EXTRUSIONTECHNIK LTD, KABRA EXTRUSIONTECHNIK LTD",Bhagalpur,Gurgaon,upgrid bhagalpur wh0085,,122004,0,,,Patna_Janarjanpur_H (Bihar),12-08-2026 06:47,In Transit,Undelivered,Consignment Dispatched from Origin City,12-08-2026,,Pre-paid,5.43766E+13,,,,,,27081,52.02,,,,,D1,Forward Shipment,311052580,Haryana
312321766,A60393F123K271685558780,2,pbsenterprises10 rp b2brc,02:02.8,27-07-2026 14:00,29-07-2026,`6650,"Sri Sai Motors, Sri Sai Motors",Salem,Hassan,oxygen energy enterprises ampere,,573201,1,30-07-2026,30-07-2026,Hassan_Nagathavalli_I (Karnataka),30-07-2026 13:38,Delivered,Delivered,Delivered to Consignee,29-07-2026,30-07-2026 13:38,Pre-paid,5.43766E+13,Contactless Delivery -  Geofence verified,,,,32:52.8,48999,18.23,39:02.6,39:02.6,1,,B,Forward Shipment,308355727,Karnataka
312661493,A48280122F08353 5554220,2,pbsenterprises10 rp b2brc,03:06.5,02-08-2026 16:38,10-08-2026,`Kamal9425,", VDB AUTOMOBILE",Abhanpur,Karnal,kamal laxmi industrie ampere b2b,,132001,1,11-08-2026,11-08-2026,Karnal_Kutail_H (Haryana),11-08-2026 20:13,Delivered,Delivered,Delivered to Consignee,10-08-2026,11-08-2026 12:40,Pre-paid,5.43766E+13,LM POD document uploaded,,,,11:22.5,49000,10.38,40:48.5,40:48.5,1,,D1,Forward Shipment,FMINC_9cf78b93-8e62-11f1-9cc7-f1b2deb69636,Haryana
312668008,A60380523C12778 5558411,2,pbsenterprises10 rp b2brc,12:18.9,04-08-2026 16:38,11-08-2026,`Kamal8549,", KRISHNA ENTERPRISES",Abhanpur,Rewa,kamal laxmi industrie ampere b2b,,486001,1,11-08-2026,11-08-2026,Rewa_Godahar_D (Madhya Pradesh),11-08-2026 12:14,Delivered,Delivered,Delivered to Consignee,10-08-2026,11-08-2026 12:14,Pre-paid,5.43766E+13,Geofence not verified,,,,50:14.6,49000,16.32,14:34.4,14:34.4,1,,B,Forward Shipment,310450792,Madhya Pradesh
310944614,SAFELI,2,pbsenterprises10 rp b2brc,29:44.3,01-07-2026 16:57,06-07-2026,`45,"KAKKAR SMART ENERGY VENTURES LLP, KAKKAR SMART ENERGY VENTURES LLP",Patna,Sonipat,safeli tejas enterprises,,131028,1,08-07-2026,08-07-2026,Sonipat_Sector42_P (Haryana),10-07-2026 10:39,Delivered,Delivered,Delivered to Consignee,06-07-2026,08-07-2026 18:04,Pre-paid,5.43766E+13,Clean POD | As per POD audit,,,,57:03.6,15000,2.55,04:31.3,04:31.3,1,,D1,Forward Shipment,301989694,Haryana
311434805,B111001390267467-5558241,2,pbsenterprises10 rp b2brc,53:13.5,11-07-2026 18:39,18-07-2026,`161,"KABRA EXTRUSION TECHNIK LTDBATTRIXX , KABRA EXTRUSION TECHNIK LTDBATTRIXX",Giridih,Pune,pride moto,,410501,1,18-07-2026,18-07-2026,Pune_Bhamboli_L (Maharashtra),20-07-2026 14:29,Delivered,Delivered,Delivered to Consignee,18-07-2026,18-07-2026 15:03,Pre-paid,5.43766E+13,Clean POD | As per POD audit,,,,48:06.8,49000,20.56,03:08.6,03:08.6,1,,D2,Forward Shipment,304278140,Maharashtra
311867969,B111001390207743-5558978,2,pbsenterprises10 rp b2brc,22:33.2,20-07-2026 18:34,27-07-2026,`879,"KABRA EXTRUSION TECHNIK LTDBATTRIXX , KABRA EXTRUSION TECHNIK LTDBATTRIXX",Kozhikode,Pune,savari motors,,410501,1,24-07-2026,24-07-2026,Pune_Bhamboli_L (Maharashtra),26-07-2026 08:52,Delivered,Delivered,Delivered to Consignee,27-07-2026,24-07-2026 19:01,Pre-paid,5.43766E+13,Clean POD | As per POD audit,,,,36:39.6,49000,20.19,01:51.3,01:51.3,1,,D1,Forward Shipment,306249991,Maharashtra
312029223,B111001390228609-5560291,2,pbsenterprises10 rp b2brc,39:22.3,24-07-2026 18:12,01-08-2026,`243,"KABRA EXTRUSION TECHNIK LTDBATTRIXX , KABRA EXTRUSION TECHNIK LTDBATTRIXX",Bhilwara,Pune,darsh e motors,,410501,1,01-08-2026,01-08-2026,Pune_Bhamboli_L (Maharashtra),01-08-2026 15:35,Delivered,Delivered,Delivered to Consignee,01-08-2026,01-08-2026 14:31,Pre-paid,5.43766E+13,Clean POD | As per POD audit,,,,08:23.2,49000,20.22,31:37.8,31:37.8,1,,D1,Forward Shipment,307703853,Maharashtra
312975711,AX29082500117 AX29082500202,2,pbsenterprises10 rp b2brc,22:54.5,08-08-2026 15:41,12-08-2026,`11,"KABRA EXTRUSION TECHNIK-GURUGRAM , KABRA EXTRUSION TECHNIK-GURUGRAM",Bhind,Gurgaon,exnon (kab)477001,,122004,0,,,Gurgaon_Hasanpur2_D (Haryana),12-08-2026 06:27,Pending,Undelivered,Consignment Reached at Destination,12-08-2026,,Pre-paid,5.43766E+13,,,,,27:52.6,9000,6.15,,,,,B,Forward Shipment,311389165,Haryana
310829649,RACHNA JI,3,pbsenterprises10 rp b2brc,21:19.9,01-07-2026 16:32,06-07-2026,`D-839/26-27,"RISHIKESH PAL, FUJIYAMA POWER SYSTEMS LIMITED-NOIDA 51,52",Begusarai,Noida,rachna ji om prakash 5513b,,201308,1,06-07-2026,06-07-2026,Noida_Surajpur_L (Uttar Pradesh),07-07-2026 12:19,Delivered,Delivered,Delivered to Consignee,06-07-2026,06-07-2026 20:02,Pre-paid,5.43766E+13,Clean POD | As per POD audit,,,,40:43.2,189600,50.46,02:47.4,02:47.4,1,,D1,Forward Shipment,301755430,Uttar Pradesh
312001974,DCGN-8219/26-27,2,pbsenterprises10 rp b2brc,40:17.0,21-07-2026 20:13,28-07-2026,`DCGN-8219/26-27,"HOME SOLAR, .",Noida,Chandauli,fujiyama power system (panel),,232104,3,25-07-2026,01-08-2026,Chandauli_Alinagar_D (Uttar Pradesh),01-08-2026 21:39,Delivered,Delivered,Delivered to Consignee,27-07-2026,01-08-2026 11:08,Pre-paid,5.43766E+13,1 boxes damaged | As per POD audit,,,,21:47.0,111105,121,32:01.6,08:26.8,3,,D1,Forward Shipment,306858972,Uttar Pradesh
312032665,B111001390279200-55604,2,pbsenterprises10 rp b2brc,25:18.5,22-07-2026 20:02,29-07-2026,`942,"KABRA EXTRUSION TECHNIK LTDBATTRIXX , KABRA EXTRUSION TECHNIK LTDBATTRIXX",Tuticorin,Pune,prma motors,,410501,1,31-07-2026,31-07-2026,Pune_Bhamboli_L (Maharashtra),01-08-2026 21:39,Delivered,Delivered,Delivered to Consignee,29-07-2026,31-07-2026 16:34,Pre-paid,5.43766E+13,Clean POD | As per POD audit,,,,37:40.0,49000,20.46,34:36.5,34:36.5,1,,D2,Forward Shipment,307002586,Maharashtra
311615619,Sonam,2,pbsenterprises10 rp b2brc,10:14.5,14-07-2026 19:52,18-07-2026,`125,"., KLD Komaki Pvt Ltd",Naugarh,Delhi,",sonam e automotives",,110097,1,22-07-2026,22-07-2026,Delhi_BamnoliVillage_L (Delhi),24-07-2026 12:13,Delivered,Delivered,Delivered to Consignee,18-07-2026,22-07-2026 18:58,Pre-paid,5.43766E+13,Clean POD | As per POD audit,,,,19:56.6,15000,45.94,58:52.2,58:52.2,1,,D1,Forward Shipment,305172603,Delhi
311109575,Bounce,2,pbsenterprises10 rp b2brc,54:50.0,06-07-2026 15:36,11-07-2026,`57,"Exicom Energy Systems Private Limited, .",Pune,Gurgaon,bounce infinity ev workshop,,122015,1,13-07-2026,13-07-2026,Gurgaon_Sector17_L (Haryana),14-07-2026 17:00,Delivered,Delivered,Delivered to Consignee,11-07-2026,13-07-2026 14:47,Pre-paid,5.43766E+13,Clean POD | As per POD audit,,,,37:47.3,49500,12.95,47:55.1,47:55.1,1,,C2,Forward Shipment,303139837,Haryana
312783224,B1_51105_B_125421,2,pbsenterprises10 rp b2brc,32:56.1,04-08-2026 15:29,07-08-2026,`DC/UEP/SON/80,"KABRA EXTRUSION TECHNIK-GURUGRAM , KABRA EXTRUSION TECHNIK-GURUGRAM",Sonipat,Gurgaon,upgrid wh0099,,122004,1,10-08-2026,10-08-2026,Gurgaon_Sihi_L (Haryana),11-08-2026 17:53,Delivered,Delivered,Delivered to Consignee,07-08-2026,10-08-2026 21:21,Pre-paid,5.43766E+13,LM POD document uploaded,,,,50:18.6,20001,50.91,25:06.2,25:06.2,1,,A,Forward Shipment,310479380,Haryana
311870089,E2W4830A41250160-5553335,2,pbsenterprises10 rp b2brc,43:45.4,27-07-2026 16:23,30-07-2026,`877,"KINGS GROUP , KINGS GROUP",Cochin,Alappuzha,sml motors,,688001,1,30-07-2026,30-07-2026,Alappuzha_Bernard_D (Kerala),31-07-2026 12:50,Delivered,Delivered,Delivered to Consignee,30-07-2026,30-07-2026 23:23,Pre-paid,5.43766E+13,Clean POD | As per POD audit,,,,20:17.9,49000,12.62,23:04.7,23:04.7,1,,B,Forward Shipment,308360889,Kerala
312661020,A48281E24F0414167 5556566,2,pbsenterprises10 rp b2brc,58:21.1,02-08-2026 16:38,07-08-2026,`Kamal9421,", ASHUTOSH ELECTRICALS",Abhanpur,Durg,kamal laxmi industrie ampere b2b,,491001,1,06-08-2026,06-08-2026,Durg_SmritiNagar_D (Chhattisgarh),07-08-2026 21:12,Delivered,Delivered,Delivered to Consignee,07-08-2026,06-08-2026 17:04,Pre-paid,5.43766E+13,Clean POD | As per POD audit,,,,12:45.5,49000,10.3,04:08.8,04:08.8,1,,B,Forward Shipment,FMINC_9cf78b93-8e62-11f1-9cc7-f1b2deb69636,Chhattisgarh
311250201,B1_51105_B_122726,3,pbsenterprises10 rp b2brc,03:50.8,08-07-2026 15:25,15-07-2026,`DC/UEPL/STP/435,"KABRA EXTRUSION TECHNIK LTDBATTRIXX , KABRA EXTRUSION TECHNIK LTDBATTRIXX",Sitapur,Pune,upgrid sitapur wh0021,,410501,1,16-07-2026,16-07-2026,Pune_Bhamboli_L (Maharashtra),18-07-2026 09:57,Delivered,Delivered,Delivered to Consignee,15-07-2026,16-07-2026 18:16,Pre-paid,5.43766E+13,Clean POD | As per POD audit,,,,22:42.4,40001,51.7,16:09.4,16:09.4,1,,D2,Forward Shipment,303696498,Maharashtra
312078825,B111001390245308-5560647,2,pbsenterprises10 rp b2brc,10:21.7,24-07-2026 15:19,27-07-2026,`892,"KABRA EXTRUSION TECHNIK LTDBATTRIXX , KABRA EXTRUSION TECHNIK LTDBATTRIXX",Pune,Pune,ace ev,,410501,1,01-08-2026,01-08-2026,Pune_Bhamboli_L (Maharashtra),01-08-2026 21:41,Delivered,Delivered,Delivered to Consignee,27-07-2026,01-08-2026 14:41,Pre-paid,5.43766E+13,Clean POD | As per POD audit,,,,32:44.5,49000,20.2,41:43.0,41:43.0,1,,A,Forward Shipment,307703698,Maharashtra
312142680,DCGN-8573/26-27,4,pbsenterprises10 rp b2brc,46:19.4,23-07-2026 20:16,28-07-2026,`DCGN-8573/26-27,"TILAK ENTERPRISES, .",Noida,Bhopal,fujiyama power system (panel),,462001,1,01-08-2026,01-08-2026,Bhopal_Pipaliya_H (Madhya Pradesh),01-08-2026 21:41,Delivered,Delivered,Delivered to Consignee,28-07-2026,01-08-2026 17:47,Pre-paid,5.43766E+13,Clean POD | As per POD audit,,,,26:30.3,23925,55.9,47:54.8,47:54.8,1,,D1,Forward Shipment,307540424,Madhya Pradesh
311118605,FUJIYAMA-6784,2,pbsenterprises10 rp b2brc,43:02.1,04-07-2026 20:19,13-07-2026,`DCGN-6784/26-27,"SANA TOTO PARTS, .",Noida,Morgram,fujiyama power system (panel),,742226,1,13-07-2026,13-07-2026,Morgram_Kantagoriya_D (West Bengal),13-07-2026 12:37,Delivered,Delivered,Delivered to Consignee,11-07-2026,13-07-2026 12:37,Pre-paid,5.43766E+13,Contactless Delivery -  Geofence NA,,,,39:59.9,39292,49.5,37:12.2,37:12.2,1,,D1,Forward Shipment,302580087,West Bengal
312541739,A48281G123K01195 5558075,2,pbsenterprises10 rp b2brc,44:40.2,31-07-2026 18:58,07-08-2026,`Kamal8845,"ASHISH ENTERPRISES, ASHISH ENTERPRISES",Abhanpur,Jhansi,kamal laxmi industrie ampere b2b,,284003,1,07-08-2026,07-08-2026,Jhansi_Nandanpura_I (Uttar Pradesh),08-08-2026 17:21,Delivered,Delivered,Delivered to Consignee,07-08-2026,07-08-2026 19:39,Pre-paid,5.43766E+13,Clean POD | As per POD audit,,,,53:14.0,49000,10.5,39:56.3,39:56.3,1,,D1,Forward Shipment,309455764,Uttar Pradesh
311255229,B60382F223K08120   5551361,6,pbsenterprises10 rp b2brc,02:49.9,08-07-2026 20:51,16-07-2026,`1811,"STANDARD ELECTRIC, STANDARD ELECTRIC",Raipur,Gurdaspur,kamal laxami ampere brc,,143521,1,15-07-2026,15-07-2026,Gurdaspur_Civillines_D (Punjab),15-07-2026 15:26,Delivered,Delivered,Delivered to Consignee,14-07-2026,15-07-2026 15:26,Pre-paid,5.43766E+13,Contactless Delivery -  Geofence verified,,,,28:46.0,49000,15.5,26:32.4,26:32.4,1,,D2,Forward Shipment,303467829,Punjab
312001665,DCGN-8218/26-27,2,pbsenterprises10 rp b2brc,36:07.9,21-07-2026 20:13,28-07-2026,`DCGN-8218/26-27,"M/S SENSOR INDIA, .",Noida,Bhubaneshwar,fujiyama power system (panel),,753011,1,31-07-2026,31-07-2026,Bhubaneswar_Bampakhuda_GW (Orissa),01-08-2026 17:51,Delivered,Delivered,Delivered to Consignee,28-07-2026,31-07-2026 16:12,Pre-paid,5.43766E+13,Clean POD | As per POD audit,,,,19:38.1,111105,115.5,12:57.0,12:57.0,1,,D2,Forward Shipment,306858972,Orissa
311261306,"B111001390_187583	5552421",2,pbsenterprises10 rp b2brc,11:25.7,08-07-2026 20:52,15-07-2026,`1821,"ASHISH ENTERPRISES,  ASHISH ENTERPRISES",Raipur,Jhansi,kamal laxami ampere brc,,284003,1,15-07-2026,15-07-2026,Jhansi_Nandanpura_I (Uttar Pradesh),16-07-2026 18:27,Delivered,Delivered,Delivered to Consignee,15-07-2026,15-07-2026 10:28,Pre-paid,5.43766E+13,Clean POD | As per POD audit,,,,58:17.2,49000,16.74,28:08.2,28:08.2,1,,D1,Forward Shipment,303467829,Uttar Pradesh
311265599,FUJIYAMA-7063,2,pbsenterprises10 rp b2brc,57:36.7,08-07-2026 20:44,13-07-2026,`DCGN-7063/26-27,"NAVEEN ELECTRICALS , .",Noida,Neemrana,fujiyama power system (panel),,301701,1,13-07-2026,13-07-2026,Neemrana_RIICOIndArea_L (Rajasthan),13-07-2026 21:30,Delivered,Delivered,Delivered to Consignee,13-07-2026,13-07-2026 09:53,Pre-paid,5.43766E+13,Clean POD | As per POD audit,,,,18:50.4,120595,116.5,53:08.1,53:08.1,1,,B,Forward Shipment,303676804,Rajasthan
311860992,B111001390_178923  5557570,2,pbsenterprises10 rp b2brc,02:12.2,18-07-2026 19:08,22-07-2026,`3003,"SIRI MOTORS, SIRI MOTORS",Salem,Cuddapah,oxygen energy enterprises ampere,,516003,1,21-07-2026,21-07-2026,Cuddapah_Aravindnagar_I (Andhra Pradesh),22-07-2026 14:36,Delivered,Delivered,Delivered to Consignee,22-07-2026,21-07-2026 17:32,Pre-paid,5.43766E+13,Clean POD | As per POD audit,,,,33:14.2,49000,13.44,32:49.8,32:49.8,1,,B,Forward Shipment,306231796,Andhra Pradesh
311552923,B1110013902598012-5557528,2,pbsenterprises10 rp b2brc,13:54.4,14-07-2026 14:28,20-07-2026,`832,"KABRA EXTRUSION TECHNIK LTDBATTRIXX , KABRA EXTRUSION TECHNIK LTDBATTRIXX",Karkala,Pune,eco motors,,410501,1,17-07-2026,17-07-2026,Pune_Bhamboli_L (Maharashtra),18-07-2026 10:14,Delivered,Delivered,Delivered to Consignee,20-07-2026,17-07-2026 12:29,Pre-paid,5.43766E+13,Clean POD | As per POD audit,,,,24:32.4,49000,20.34,29:46.4,29:46.4,1,,D1,Forward Shipment,304902898,Maharashtra
311869168,B1_51105 B_127102,2,pbsenterprises10 rp b2brc,34:26.5,20-07-2026 18:03,25-07-2026,`DC/UEPL/BAH232,"KABRA EXTRUSIONTECHNIK LTD, KABRA EXTRUSIONTECHNIK LTD",Bahraich,Gurgaon,upgrid wh0081,,122004,2,24-07-2026,28-07-2026,Gurgaon_Sihi_L (Haryana),30-07-2026 14:51,Delivered,Delivered,Delivered to Consignee,25-07-2026,28-07-2026 19:19,Pre-paid,5.43766E+13,Clean POD | As per POD audit,,,,24:34.0,20001,52.3,19:39.8,19:39.8,1,,D1,Forward Shipment,306244928,Haryana
312813465,B112004420_124897,2,pbsenterprises10 rp b2brc,10:14.7,05-08-2026 17:22,10-08-2026,`DC/UEPL/GRK/404,"KABRA EXTRUSIONTECHNIK LTD, KABRA EXTRUSIONTECHNIK LTD",Gorakhpur,Gurgaon,upgrid wh0049 gorakhpur,,122004,1,10-08-2026,10-08-2026,Gurgaon_Sihi_L (Haryana),11-08-2026 17:53,Delivered,Delivered,Delivered to Consignee,10-08-2026,10-08-2026 21:15,Pre-paid,5.43766E+13,LM POD document uploaded,,,,09:58.3,20001,20.1,19:00.5,19:00.5,1,,D1,Forward Shipment,310559810,Haryana
311371930,B111001390246445-5556269,3,pbsenterprises10 rp b2brc,21:04.4,11-07-2026 14:35,15-07-2026,`905,"KABRA EXTRUSION TECHNIK LTDBATTRIXX , KABRA EXTRUSION TECHNIK LTDBATTRIXX",Malegaon,Pune,baba motors,,410501,1,16-07-2026,16-07-2026,Pune_Bhamboli_L (Maharashtra),18-07-2026 10:11,Delivered,Delivered,Delivered to Consignee,15-07-2026,16-07-2026 18:18,Pre-paid,5.43766E+13,Clean POD | As per POD audit,,,,46:18.8,49000,20.52,18:07.4,18:07.4,1,,B,Forward Shipment,304250356,Maharashtra
312901612,B111001990_264199   5556083,2,pbsenterprises10 rp b2brc,34:39.8,,,`Kamal8139,"STANDARD ELECTRIC, STANDARD ELECTRIC",Abhanpur,Gurdaspur,kamal laxmi industrie ampere b2b,,143521,0,,,Abhanpur_DhamtariRoad_D (Chhattisgarh),06-08-2026 18:02,Manifested,Undelivered,Consignment Manifested,,,Pre-paid,5.43766E+13,OTP Verified |,,,,,49000,20,,,,,D2,Forward Shipment,,Punjab
311686651,DCGN-7714/26-27,2,pbsenterprises10 rp b2brc,00:14.8,17-07-2026 07:14,22-07-2026,`DCGN-7714/26-27,"M/S POWERTRON , .",Noida,Ranchi,fujiyama power system (panel),,834001,1,22-07-2026,22-07-2026,Ranchi_Rampur_H (Jharkhand),23-07-2026 17:03,Delivered,Delivered,Delivered to Consignee,22-07-2026,22-07-2026 14:29,Pre-paid,5.43766E+13,Clean POD | As per POD audit,,,,33:55.1,8590,60.3,29:48.9,29:48.9,1,,D1,Forward Shipment,FMINC_ff81d1ee-8180-11f1-8622-930937f88e07,Jharkhand
312564384,SAFELI,3,pbsenterprises10 rp b2brc,14:23.3,31-07-2026 19:29,05-08-2026,`65,"KAKKAR SMART ENERGY VENTURES LLP, KAKKAR SMART ENERGY VENTURES LLP",Dausa,Sonipat,safeli ghoshi tractors,,131028,1,04-08-2026,04-08-2026,Sonipat_Sector42_P (Haryana),06-08-2026 10:53,Delivered,Delivered,Delivered to Consignee,05-08-2026,04-08-2026 12:12,Pre-paid,5.43766E+13,Clean POD | As per POD audit,,,,04:09.0,15000,47.72,18:37.2,18:37.2,1,,B,Forward Shipment,309267438,Haryana
311048011,RACHNA JI,2,pbsenterprises10 rp b2brc,13:46.8,03-07-2026 18:51,07-07-2026,`D-835/26-27,"RISHIKESH PAL, FUJIYAMA POWER SYSTEMS LIMITED-NOIDA 51,52",Auraiya,Noida,rachna ji manu vendra gupta 1315,,201308,1,06-07-2026,06-07-2026,Noida_Surajpur_L (Uttar Pradesh),07-07-2026 11:03,Delivered,Delivered,Delivered to Consignee,07-07-2026,06-07-2026 19:57,Pre-paid,5.43766E+13,Blurry / Not visible / Content not readable,,,,02:08.3,57486,50.1,57:14.3,57:14.3,1,,B,Forward Shipment,302480732,Uttar Pradesh
312002677,DCGN-8254/26-27,2,pbsenterprises10 rp b2brc,49:42.5,21-07-2026 20:14,29-07-2026,`DCGN-8254/26-27,"ZEUS ENERGY CORP LLP, .",Noida,Cochin,fujiyama power system (panel),,683503,1,27-07-2026,27-07-2026,Cochin_Kalamassery_H (Kerala),29-07-2026 11:01,Delivered,Delivered,Delivered to Consignee,29-07-2026,27-07-2026 18:30,Pre-paid,5.43766E+13,Clean POD | As per POD audit,,,,59:09.1,10870,14.86,30:48.4,30:48.4,1,,D2,Forward Shipment,306858972,Kerala
310940857,B111001390280291-5556400,2,pbsenterprises10 rp b2brc,32:37.5,02-07-2026 17:33,13-07-2026,`851,"KABRA EXTRUSION TECHNIK LTDBATTRIXX , KABRA EXTRUSION TECHNIK LTDBATTRIXX",Rayadurgam,Pune,sri ganesh enterprises-rayaudrg,,410501,1,13-07-2026,13-07-2026,Pune_Bhamboli_L (Maharashtra),14-07-2026 17:15,Delivered,Delivered,Delivered to Consignee,06-07-2026,13-07-2026 16:35,Pre-paid,5.43766E+13,Clean POD | As per POD audit,,,,33:31.3,49000,4.06,36:00.0,36:00.0,1,,D1,Forward Shipment,302228652,Maharashtra
311545882,B60381H22L02001  5554482,2,pbsenterprises10 rp b2brc,49:49.4,13-07-2026 14:34,16-07-2026,`009/26-27,"SHREE SAI AUTO, SHREE SAI AUTO",Ahmedabad,Pune,jalaram lithium battery ampere b2b,,411027,1,17-07-2026,17-07-2026,Pune_GandharvNagari_L (Maharashtra),18-07-2026 10:14,Delivered,Delivered,Delivered to Consignee,16-07-2026,17-07-2026 14:07,Pre-paid,5.43766E+13,Clean POD | As per POD audit,,,,10:25.1,47200,15.98,07:29.5,07:29.5,1,,C1,Forward Shipment,304879243,Maharashtra
312655298,DCGN-9507/26-27,2,pbsenterprises10 rp b2brc,26:34.0,01-08-2026 18:07,10-08-2026,`DCGN-9507/26-27,", BATTERY PALACE & SOLAR POWER SYSTEM",Noida,Thiruvananthapuram,fujiyama power system (panel),,695011,1,07-08-2026,07-08-2026,Trivandrum_Chelamangalm_L (Kerala),08-08-2026 22:31,Delivered,Delivered,Delivered to Consignee,10-08-2026,07-08-2026 14:57,Pre-paid,5.43766E+13,Clean POD | As per POD audit,,,,42:55.4,21237,27.99,57:10.1,57:10.1,1,,D2,Forward Shipment,309711732,Kerala
312960260,B112004450_130518,9,pbsenterprises10 rp b2brc,29:01.1,08-08-2026 14:53,12-08-2026,`DC/UEPL/BLR303,"KABRA EXTRUSION TECHNIK LTDBATTRIXX , KABRA EXTRUSION TECHNIK LTDBATTRIXX",Bangalore,Pune,battery smart bangalore-wh0025,,410501,1,11-08-2026,11-08-2026,Pune_Bhamboli_L (Maharashtra),11-08-2026 14:08,Dispatched,Undelivered,Out for Delivery,12-08-2026,,Pre-paid,5.43766E+13,,,,,42:38.7,160008,20.98,,,,,C1,Forward Shipment,311346452,Maharashtra
311860711,RACHNA JI,3,pbsenterprises10 rp b2brc,59:03.9,18-07-2026 18:45,23-07-2026,`SM/NR/26/46,"FUJIYAMA POWER SYSTEM LTD. , FUJIYAMA POWER SYSTEM LTD.",Hoshiarpur,Noida,rachna ji kamlesh kumar 1004,,201301,1,22-07-2026,22-07-2026,Noida_Surajpur_L (Uttar Pradesh),24-07-2026 12:54,Delivered,Delivered,Delivered to Consignee,23-07-2026,23-07-2026 12:24,Pre-paid,5.43766E+13,Clean POD | As per POD audit,,,,48:57.8,48999,50.64,24:57.6,24:57.6,1,,B,Forward Shipment,306230043,Uttar Pradesh
312858780,MA/046,2,pbsenterprises10 rp b2brc,07:23.4,06-08-2026 15:23,12-08-2026,`MA/046,"REDON LITHIUM BATTERIES LLP, .",Naihati,Noida,joy guru enterprises,,201308,1,11-08-2026,11-08-2026,Noida_Surajpur_L (Uttar Pradesh),12-08-2026 11:41,Delivered,Delivered,Delivered to Consignee,12-08-2026,11-08-2026 15:38,Pre-paid,5.43766E+13,LM POD document uploaded,,,,36:58.3,25000,15.15,38:25.6,38:25.6,1,,D2,Forward Shipment,310821608,Uttar Pradesh
311211134,B111001390240096-5555007,2,pbsenterprises10 rp b2brc,12:21.2,07-07-2026 23:17,13-07-2026,`885,"KABRA EXTRUSION TECHNIK LTDBATTRIXX , KABRA EXTRUSION TECHNIK LTDBATTRIXX",Namakkal,Pune,krs enterprises-namakkal,,410501,1,13-07-2026,13-07-2026,Pune_Bhamboli_L (Maharashtra),14-07-2026 15:37,Delivered,Delivered,Delivered to Consignee,13-07-2026,13-07-2026 16:34,Pre-paid,5.43766E+13,Clean POD | As per POD audit,,,,35:48.6,49000,20.72,34:40.2,34:40.2,1,,D1,Forward Shipment,303245265,Maharashtra
311181462,Bounce,2,pbsenterprises10 rp b2brc,32:07.6,09-07-2026 12:09,13-07-2026,`D/26-27/123,"Daily Bounce_Fathe Nagar Hub, .",Bangalore,Hyderabad,bounce exicom energy systems private limited bangalore,,500018,1,13-07-2026,13-07-2026,Hyderabad_BalanagarPhase2_L (Telangana),16-07-2026 14:27,Delivered,Delivered,Delivered to Consignee,13-07-2026,13-07-2026 13:30,Pre-paid,5.43766E+13,Clean POD | As per POD audit,,,,14:12.1,45000,13.4,30:29.7,30:29.7,1,,C1,Forward Shipment,303942150,Telangana
311892884,B111001390253306-5557869,2,pbsenterprises10 rp b2brc,58:38.7,21-07-2026 13:52,24-07-2026,`882,"KABRA EXTRUSION TECHNIK LTDBATTRIXX , KABRA EXTRUSION TECHNIK LTDBATTRIXX",Belgaum,Pune,yash auto,,410501,1,24-07-2026,24-07-2026,Pune_Bhamboli_L (Maharashtra),25-07-2026 14:30,Delivered,Delivered,Delivered to Consignee,24-07-2026,24-07-2026 18:46,Pre-paid,5.43766E+13,Clean POD | As per POD audit,,,,08:52.6,49000,20.15,46:12.5,46:12.5,1,,B,Forward Shipment,306912301,Maharashtra
311801580,Bounce,3,pbsenterprises10 rp b2brc,56:17.5,18-07-2026 13:44,22-07-2026,`33,"Exicom Energy Systems Private Limited , .",Greater Thane,Gurgaon,bounce forty two ev tech and services pvt ltd,,122015,1,21-07-2026,21-07-2026,Gurgaon_Sector17_L (Haryana),22-07-2026 15:13,Delivered,Delivered,Delivered to Consignee,22-07-2026,21-07-2026 14:20,Pre-paid,5.43766E+13,Clean POD | As per POD audit,,,,55:44.2,48900,12.9,20:53.9,20:53.9,1,,C2,Forward Shipment,306197822,Haryana
312559603,B111002350120624-5562188,2,pbsenterprises10 rp b2brc,35:17.4,31-07-2026 20:48,07-08-2026,`842,"KABRA EXTRUSION TECHNIK LTDBATTRIXX , KABRA EXTRUSION TECHNIK LTDBATTRIXX",hazaribagh,Pune,mitali automobiles,,410501,1,10-08-2026,10-08-2026,Pune_Bhamboli_L (Maharashtra),11-08-2026 19:15,Delivered,Delivered,Delivered to Consignee,07-08-2026,10-08-2026 19:00,Pre-paid,5.43766E+13,Clean POD | As per POD audit,,,,19:42.7,49000,17.61,00:50.8,00:50.8,1,,D2,Forward Shipment,309259952,Maharashtra
312668703,DCGN-9542/26-27,2,pbsenterprises10 rp b2brc,20:50.4,01-08-2026 18:34,10-08-2026,`DCGN-9542/26-27,", ADITYA GANDHI",Noida,Lanja,fujiyama power system (panel),,415605,1,11-08-2026,11-08-2026,Lanja_GondeSakhalRd_D (Maharashtra),11-08-2026 10:19,Delivered,Delivered,Delivered to Consignee,08-08-2026,11-08-2026 10:19,Pre-paid,5.43766E+13,Contactless Delivery -  Geofence verified,,,,45:47.2,33407,28.17,19:52.3,19:52.3,1,,D2,Forward Shipment,309711732,Maharashtra
311934743,B1_51105_S_120211,3,pbsenterprises10 rp b2brc,49:42.0,22-07-2026 16:25,27-07-2026,`UEPIND231,"KABRA EXTRUSIONTECHNIK LTD, KABRA EXTRUSIONTECHNIK LTD",Indore,Gurgaon,upgrid wh0090 indore,,122004,1,25-07-2026,25-07-2026,Gurgaon_Sihi_L (Haryana),26-07-2026 08:55,Delivered,Delivered,Delivered to Consignee,27-07-2026,25-07-2026 18:10,Pre-paid,5.43766E+13,Clean POD | As per POD audit,,,,34:56.1,40002,52.7,10:59.6,10:59.6,1,,D1,Forward Shipment,307187000,Haryana
311734991,B1110013902172065552131,2,pbsenterprises10 rp b2brc,18:34.1,17-07-2026 20:58,23-07-2026,`6595,"KPT EV PVT.LTD, KPT EV PVT.LTD",Raipur,Ghaziabad,kamal laxami ampere brc,,201002,1,22-07-2026,22-07-2026,Ghaziabad_Indirapuram_L (Uttar Pradesh),24-07-2026 11:12,Delivered,Delivered,Delivered to Consignee,23-07-2026,22-07-2026 16:17,Pre-paid,5.43766E+13,Clean POD | As per POD audit,,,,32:53.6,49000,20.24,18:04.4,18:04.4,1,,D1,Forward Shipment,305941250,Uttar Pradesh
312534911,DCGN-9267/26-27,2,pbsenterprises10 rp b2brc,41:04.0,30-07-2026 19:20,06-08-2026,`DCGN-9267/26-27,"HASIM ENTERPRISE, .",Noida,Murarai,fujiyama power system (panel),,731219,1,05-08-2026,05-08-2026,Murarai_Birbhumi_D (West Bengal),06-08-2026 12:43,Delivered,Delivered,Delivered to Consignee,06-08-2026,05-08-2026 18:36,Pre-paid,5.43766E+13,Clean POD | As per POD audit,,,,14:54.3,37561,49.4,36:22.4,36:22.4,1,,D1,Forward Shipment,309173980,West Bengal
312858796,A60391H124A29477  5558648,2,pbsenterprises10 rp b2brc,07:31.2,06-08-2026 20:31,14-08-2026,`725,"STANDARD ELECTRIC, STANDARD ELECTRIC",Salem,Gurdaspur,oxygen energy enterprises ampere,,143521,0,,,Chandigarh_RamNagar_GW (Punjab),12-08-2026 09:02,In Transit,Undelivered,Consignment Dispatched from Origin City,14-08-2026,,Pre-paid,5.43766E+13,,,,,,49000,18.68,,,,,D2,Forward Shipment,FMINC_a7619530-91a7-11f1-b710-37db00bbd465,Punjab
310838526,B111001390254875-5553625,7,pbsenterprises10 rp b2brc,05:17.6,02-07-2026 14:31,06-07-2026,`875,"KABRA EXTRUSION TECHNIK LTDBATTRIXX , KABRA EXTRUSION TECHNIK LTDBATTRIXX",Nashik,Pune,jai mata di-nashik,,410501,1,06-07-2026,06-07-2026,Pune_Bhamboli_L (Maharashtra),07-07-2026 13:10,Delivered,Delivered,Delivered to Consignee,06-07-2026,06-07-2026 17:04,Pre-paid,5.43766E+13,Clean POD | As per POD audit,,,,53:51.5,49000,20.33,04:08.2,04:08.2,1,,B,Forward Shipment,302028647,Maharashtra
312253958,rachna ji,2,pbsenterprises10 rp b2brc,51:25.4,26-07-2026 10:31,31-07-2026,`SM/NR/26/0488222,"FUJIYAMA POWER SYSTEMS LIMITED, FUJIYAMA POWER SYSTEMS LIMITED",Ekma,Noida,rachna ji raju kumar sharma 1014g -,,201301,2,30-07-2026,01-08-2026,Noida_Surajpur_L (Uttar Pradesh),03-08-2026 14:59,Delivered,Delivered,Delivered to Consignee,31-07-2026,03-08-2026 10:06,Pre-paid,5.43766E+13,Clean POD | As per POD audit,,,,46:24.2,49548,50.56,58:05.0,06:53.7,2,,D1,Forward Shipment,308045486,Uttar Pradesh
311318926,B111001470_130633,2,pbsenterprises10 rp b2brc,17:41.6,09-07-2026 13:15,15-07-2026,`25,"KABRA EXTRUSION TECHNIK LTDBATTRIXX , KABRA EXTRUSION TECHNIK LTDBATTRIXX",Narnaul,Pune,kinetic shiv shakti traders,,410501,1,24-07-2026,24-07-2026,Pune_Bhamboli_L (Maharashtra),25-07-2026 14:31,Delivered,Delivered,Delivered to Consignee,15-07-2026,24-07-2026 19:07,Pre-paid,5.43766E+13,Clean POD | As per POD audit,,,,44:13.2,48000,12.96,07:47.9,07:47.9,1,,D1,Forward Shipment,303746668,Maharashtra
312211320,DCGN-8683/26-27,2,pbsenterprises10 rp b2brc,14:08.3,25-07-2026 19:46,29-07-2026,`DCGN-8683/26-27,"KUMOUN BATTERIES, .",Noida,Rudrapur,fujiyama power system (panel),,263153,1,28-07-2026,28-07-2026,Rudrapur_Amarpur_H (Uttarakhand),29-07-2026 14:35,Delivered,Delivered,Delivered to Consignee,29-07-2026,28-07-2026 12:01,Pre-paid,5.43766E+13,Clean POD | As per POD audit,,,,01:18.8,113023,115.5,02:02.5,02:02.5,1,,B,Forward Shipment,307942843,Uttarakhand
310880280,A48281F24G30046-5553471,2,pbsenterprises10 rp b2brc,11:33.8,30-06-2026 14:28,03-07-2026,`1041,"RR AUTOMOTIVES , .",Salem,Vijayawada,oxygen energy enterprises ampere,,520008,1,03-07-2026,03-07-2026,Vijayawada_Gudavalli_H (Andhra Pradesh),04-07-2026 17:39,Delivered,Delivered,Delivered to Consignee,03-07-2026,03-07-2026 17:22,Pre-paid,5.43766E+13,Clean POD | As per POD audit,,,,05:02.1,49000,10.37,22:36.1,22:36.1,1,,D1,Forward Shipment,301721031,Andhra Pradesh
310993858,B111001390248627-5555971,2,pbsenterprises10 rp b2brc,55:50.5,06-07-2026 13:30,13-07-2026,`832,"KABRA EXTRUSION TECHNIK LTDBATTRIXX , KABRA EXTRUSION TECHNIK LTDBATTRIXX",Jagtial,Pune,om durga motors-jagityal,,410501,1,15-07-2026,15-07-2026,Pune_Bhamboli_L (Maharashtra),16-07-2026 14:17,Delivered,Delivered,Delivered to Consignee,13-07-2026,15-07-2026 13:43,Pre-paid,5.43766E+13,Clean POD | As per POD audit,,,,08:56.5,49000,20.1,43:17.3,43:17.3,1,,D1,Forward Shipment,302772633,Maharashtra
312214931,E2W4830A19250360-5561093,2,pbsenterprises10 rp b2brc,50:31.4,25-07-2026 12:44,27-07-2026,`862,"CYGNI ENERGY PRIVATE LIMITED, CYGNI ENERGY PRIVATE LIMITED",Hyderabad,Hyderabad,ankur motors,,501359,1,27-07-2026,27-07-2026,Hyderabad_Shamshbd_H (Telangana),27-07-2026 10:14,Delivered,Delivered,Delivered to Consignee,27-07-2026,27-07-2026 10:14,Pre-paid,5.43766E+13,Contactless Delivery -  Geofence verified,,,,22:52.0,49000,10,15:02.4,15:02.4,1,,B,Forward Shipment,307763987,Telangana
311054719,Bounce,4,pbsenterprises10 rp b2brc,31:59.7,03-07-2026 20:38,08-07-2026,`DC060,"Clean Electric Private Limited, .",Bangalore,Pune,bounce daily bellandur,,410501,1,09-07-2026,09-07-2026,Pune_Bhamboli_L (Maharashtra),11-07-2026 19:53,Delivered,Delivered,Delivered to Consignee,08-07-2026,10-07-2026 18:43,Pre-paid,5.43766E+13,Clean POD | As per POD audit,,,,42:50.7,48000,15.42,43:53.5,43:53.5,1,,C1,Forward Shipment,302498094,Maharashtra
310945007,SAFELI,2,pbsenterprises10 rp b2brc,36:16.5,02-07-2026 19:16,06-07-2026,`59,"KAKKAR SMART ENERGY VENTURES LLP, KAKKAR SMART ENERGY VENTURES LLP",Allahabad,Sonipat,safeli a.k.r enterprises,,131028,1,06-07-2026,06-07-2026,Sonipat_Sector42_P (Haryana),06-07-2026 22:56,Delivered,Delivered,Delivered to Consignee,06-07-2026,06-07-2026 18:15,Pre-paid,5.43766E+13,Clean POD | As per POD audit,,,,42:29.2,15000,49.08,15:56.4,15:56.4,1,,D1,Forward Shipment,302247536,Haryana
312408296,Bounce,4,pbsenterprises10 rp b2brc,28:02.7,28-07-2026 21:07,01-08-2026,`53,"Exicom Energy Systems Private Limited , .",Dehradun,Gurgaon,bounce basheera rider,,122015,1,31-07-2026,31-07-2026,Gurgaon_Sector17_L (Haryana),01-08-2026 10:50,Delivered,Delivered,Delivered to Consignee,01-08-2026,31-07-2026 15:27,Pre-paid,5.43766E+13,Clean POD | As per POD audit,,,,59:06.7,156000,12.77,27:13.7,27:13.7,1,,B,Forward Shipment,308655651,Haryana
312817873,B111001390274466-5561983,2,pbsenterprises10 rp b2brc,13:58.3,05-08-2026 18:32,10-08-2026,`834,"KABRA EXTRUSION TECHNIK LTDBATTRIXX , KABRA EXTRUSION TECHNIK LTDBATTRIXX",Thanjavur,Pune,chola e bike,,410501,1,11-08-2026,11-08-2026,Pune_Bhamboli_L (Maharashtra),11-08-2026 14:07,Dispatched,Undelivered,Out for Delivery,10-08-2026,,Pre-paid,5.43766E+13,,,,,27:32.9,49000,20.08,,,,,D1,Forward Shipment,310592494,Maharashtra
311563406,B111001390267760-5559243,3,pbsenterprises10 rp b2brc,12:00.6,14-07-2026 19:38,20-07-2026,`864,"KABRA EXTRUSION TECHNIK LTDBATTRIXX , KABRA EXTRUSION TECHNIK LTDBATTRIXX",Sangola,Pune,s m motors,,410501,1,21-07-2026,21-07-2026,Pune_Bhamboli_L (Maharashtra),22-07-2026 17:06,Delivered,Delivered,Delivered to Consignee,20-07-2026,21-07-2026 17:44,Pre-paid,5.43766E+13,Clean POD | As per POD audit,,,,00:47.3,49000,20.4,44:15.4,44:15.4,1,,B,Forward Shipment,304931974,Maharashtra
312404080,B1_51105_B_130286,2,pbsenterprises10 rp b2brc,37:33.4,28-07-2026 16:03,31-07-2026,`DC/UEPL/LKM/029,"KABRA EXTRUSIONTECHNIK LTD, KABRA EXTRUSIONTECHNIK LTD",Lakhimpur,Gurgaon,upgrid wh0098,,122004,1,01-08-2026,01-08-2026,Gurgaon_Sihi_L (Haryana),01-08-2026 21:41,Delivered,Delivered,Delivered to Consignee,31-07-2026,01-08-2026 18:11,Pre-paid,5.43766E+13,Clean POD | As per POD audit,,,,40:10.8,27081,52.66,11:41.6,11:41.6,1,,B,Forward Shipment,308662579,Haryana
312670035,B111001390222734-5561088,2,pbsenterprises10 rp b2brc,40:59.8,01-08-2026 16:06,03-08-2026,`842,"KABRA EXTRUSION TECHNIK LTDBATTRIXX , KABRA EXTRUSION TECHNIK LTDBATTRIXX",Pune,Pune,e wheels,,410501,1,04-08-2026,04-08-2026,Pune_Bhamboli_L (Maharashtra),05-08-2026 18:29,Delivered,Delivered,Delivered to Consignee,03-08-2026,04-08-2026 16:09,Pre-paid,5.43766E+13,Clean POD | As per POD audit,,,,07:00.1,49000,19.7,09:26.4,09:26.4,1,,A,Forward Shipment,309747386,Maharashtra
312963608,B121004760_120680,2,pbsenterprises10 rp b2brc,07:17.7,08-08-2026 11:56,12-08-2026,`11,"KABRA EXTRUSION TECHNIK-GURUGRAM , KABRA EXTRUSION TECHNIK-GURUGRAM",Morena,Gurgaon,shri banke bihari enterprises (kab)),,122004,0,,,Gurgaon_Sihi_L (Haryana),12-08-2026 10:45,In Transit,Undelivered,Consignment Dispatched from Origin City,12-08-2026,,Pre-paid,5.43766E+13,,,,,,48000,49.22,,,,,B,Forward Shipment,311355094,Haryana
312475961,B1_51105_B_127465,2,pbsenterprises10 rp b2brc,44:03.5,29-07-2026 16:30,01-08-2026,`DC/UPE/PUN/60,"KABRA EXTRUSIONTECHNIK LTD, KABRA EXTRUSIONTECHNIK LTD",Ludhiana,Gurgaon,upgrid wh0091,,122004,1,10-08-2026,10-08-2026,Gurgaon_Sihi_L (Haryana),11-08-2026 17:53,Delivered,Delivered,Delivered to Consignee,01-08-2026,10-08-2026 20:57,Pre-paid,5.43766E+13,LM POD document uploaded,,,,58:22.4,20000,50.76,57:47.1,57:47.1,1,,B,Forward Shipment,308947043,Haryana
312897495,REDON,2,pbsenterprises10 rp b2brc,48:39.0,06-08-2026 16:03,10-08-2026,`792,"REDON LITHIUM BATTERIES LLP, .",Agra,Noida,redon prema techno enterprises,,201308,1,11-08-2026,11-08-2026,Noida_Surajpur_L (Uttar Pradesh),12-08-2026 11:41,Delivered,Delivered,Delivered to Consignee,10-08-2026,11-08-2026 14:59,Pre-paid,5.43766E+13,LM POD document uploaded,,,,30:21.4,20000,12.98,00:03.0,00:03.0,1,,B,Forward Shipment,311047640,Uttar Pradesh
311798007,REDON,3,pbsenterprises10 rp b2brc,17:32.7,17-07-2026 20:32,22-07-2026,`419,"REDON LITHIUM BATTERIES LLP, .",Robertsganj,Noida,digital bharat,,201308,1,21-07-2026,21-07-2026,Noida_Surajpur_L (Uttar Pradesh),22-07-2026 13:58,Delivered,Delivered,Delivered to Consignee,22-07-2026,21-07-2026 14:59,Pre-paid,5.43766E+13,Clean POD | As per POD audit,,,,30:11.3,35000,11.7,59:12.8,59:12.8,1,,D1,Forward Shipment,305967427,Uttar Pradesh
312859039,B60382B23B25180  5550141,2,pbsenterprises10 rp b2brc,10:43.7,06-08-2026 20:31,11-08-2026,`728,"Manam Motors, Manam Motors",Salem,Rajam,oxygen energy enterprises ampere,,532440,1,11-08-2026,11-08-2026,Rajam_Kondapuram_DPP (Andhra Pradesh),11-08-2026 14:40,Delivered,Delivered,Delivered to Consignee,11-08-2026,11-08-2026 14:40,Pre-paid,5.43766E+13,Contactless Delivery -  Geofence NA,,,,10:29.9,49000,16.35,41:06.8,41:06.8,1,,D1,Forward Shipment,FMINC_a7619530-91a7-11f1-b710-37db00bbd465,Andhra Pradesh
312694754,CHARGERS --2,2,pbsenterprises10 rp b2brc,46:43.4,03-08-2026 13:21,07-08-2026,`11,"KABRA EXTRUSIONTECHNIK LTD, KABRA EXTRUSIONTECHNIK LTD",Begusarai,Gurgaon,begusarai battery and spares (kab),,122004,0,,,Gurgaon_Hasanpur2_D (Haryana),07-08-2026 13:01,Pending,Undelivered,Consignment Reached at Destination,06-08-2026,,Pre-paid,5.43766E+13,,,,,01:37.8,8000,3.38,,,,,D1,Forward Shipment,309841179,Haryana
312567808,B112004420_129339,7,pbsenterprises10 rp b2brc,47:36.1,31-07-2026 17:16,03-08-2026,`DC/UEPL/STP/467,"KABRA EXTRUSION TECHNIK-GURUGRAM , KABRA EXTRUSION TECHNIK-GURUGRAM",Sitapur,Gurgaon,upgrid sitapur wh0021,,122004,1,04-08-2026,04-08-2026,Gurgaon_Sihi_L (Haryana),05-08-2026 16:07,Delivered,Delivered,Delivered to Consignee,03-08-2026,04-08-2026 16:17,Pre-paid,5.43766E+13,Clean POD | As per POD audit,,,,03:33.0,127086,20.26,17:52.3,17:52.3,1,,B,Forward Shipment,309276732,Haryana
312669688,SAFELI,2,pbsenterprises10 rp b2brc,35:11.8,01-08-2026 14:36,05-08-2026,`11,", Kakkar smart energy ventures LLP",Ayodhya,Sonipat,safeli awadh e-rickshaw,,131028,1,06-08-2026,06-08-2026,Sonipat_Sector42_P (Haryana),08-08-2026 10:55,Delivered,Delivered,Delivered to Consignee,05-08-2026,06-08-2026 19:34,Pre-paid,5.43766E+13,Clean POD | As per POD audit,,,,54:02.1,15000,50.3,34:34.2,34:34.2,1,,D1,Forward Shipment,309757549,Haryana
312407912,E2W4803A29250157-5561286,2,pbsenterprises10 rp b2brc,23:28.4,29-07-2026 17:42,03-08-2026,`862,"CYGNI ENERGY PRIVATE LIMITED, CYGNI ENERGY PRIVATE LIMITED",Bagnan,Hyderabad,maa bisalaxmi e.v centre,,501359,1,03-08-2026,03-08-2026,Hyderabad_Shamshbd_H (Telangana),04-08-2026 11:37,Delivered,Delivered,Delivered to Consignee,03-08-2026,03-08-2026 16:14,Pre-paid,5.43766E+13,Clean POD | As per POD audit,,,,16:00.8,49000,12.74,14:26.1,14:26.1,1,,D2,Forward Shipment,308675228,Telangana
312081532,B111002350121442-5560707,2,pbsenterprises10 rp b2brc,35:44.5,24-07-2026 17:02,31-07-2026,`961,"KABRA EXTRUSION TECHNIK LTDBATTRIXX , KABRA EXTRUSION TECHNIK LTDBATTRIXX",Tarn Taran Sahib,Pune,friends-e- vehicle,,410501,1,31-07-2026,31-07-2026,Pune_Bhamboli_L (Maharashtra),01-08-2026 21:39,Delivered,Delivered,Delivered to Consignee,31-07-2026,31-07-2026 16:33,Pre-paid,5.43766E+13,Clean POD | As per POD audit,,,,28:23.3,49000,17.74,33:16.1,33:16.1,1,,D2,Forward Shipment,307703127,Maharashtra
313006499,B111001390255145-5563347,2,pbsenterprises10 rp b2brc,19:41.1,08-08-2026 16:14,14-08-2026,`801,"KABRA EXTRUSION TECHNIK LTDBATTRIXX , KABRA EXTRUSION TECHNIK LTDBATTRIXX",Bargarh,Pune,tibrewal electric vehicle,,410501,0,,,Nagpur_Khapari_GW (Maharashtra),12-08-2026 13:12,In Transit,Undelivered,Consignment Dispatched from Origin City,14-08-2026,,Pre-paid,5.43766E+13,,,,,,49000,20.5,,,,,D1,Forward Shipment,311596893,Maharashtra
311182234,SAFELI,2,pbsenterprises10 rp b2brc,39:55.4,06-07-2026 15:22,09-07-2026,`343,"KAKKAR SMART ENERGY VENTURES LLP, KAKKAR SMART ENERGY VENTURES LLP",Amroha,Sonipat,safeli green enterprises b2b 2,,131028,1,11-07-2026,11-07-2026,Sonipat_Sector42_P (Haryana),13-07-2026 14:52,Delivered,Delivered,Delivered to Consignee,09-07-2026,11-07-2026 13:54,Pre-paid,5.43766E+13,Clean POD | As per POD audit,,,,08:59.5,15000,52.15,54:49.4,54:49.4,1,,B,Forward Shipment,303154530,Haryana
310922463,250851145,2,pbsenterprises10 rp b2brc,37:17.0,01-07-2026 19:23,06-07-2026,`11,"KABRA EXTRUSIONTECHNIK LTD, KABRA EXTRUSIONTECHNIK LTD",Bahraich,Gurgaon,fateh agency ( kab),,122004,2,05-07-2026,06-07-2026,Gurgaon_Hasanpur2_D (Haryana),08-07-2026 12:47,Delivered,Delivered,Delivered to Consignee,06-07-2026,06-07-2026 18:37,Pre-paid,5.43766E+13,Clean POD | As per POD audit,,,,22:50.8,9000,3.14,36:06.3,38:00.9,2,,D1,Forward Shipment,301826262,Haryana
312030847,B111001390240443-5559994,2,pbsenterprises10 rp b2brc,01:30.8,24-07-2026 14:17,29-07-2026,`1003,"KABRA EXTRUSION TECHNIK LTDBATTRIXX , KABRA EXTRUSION TECHNIK LTDBATTRIXX",Delhi,Pune,benz india pvt ltd,,410501,1,01-08-2026,01-08-2026,Pune_Bhamboli_L (Maharashtra),01-08-2026 21:41,Delivered,Delivered,Delivered to Consignee,29-07-2026,01-08-2026 14:25,Pre-paid,5.43766E+13,Clean POD | As per POD audit,,,,51:57.4,49000,20.09,26:01.5,26:01.5,1,,C2,Forward Shipment,307703787,Maharashtra
311386164,EA5160W12305034-5557349,2,pbsenterprises10 rp b2brc,51:51.8,10-07-2026 18:48,15-07-2026,`901,"CYGNI ENERGY PRIVATE LIMITED, CYGNI ENERGY PRIVATE LIMITED",Tirupati,Hyderabad,crazy automobiles,,501359,1,14-07-2026,14-07-2026,Hyderabad_Shamshbd_H (Telangana),15-07-2026 17:12,Delivered,Delivered,Delivered to Consignee,15-07-2026,14-07-2026 18:44,Pre-paid,5.43766E+13,Clean POD | As per POD audit,,,,31:16.3,49000,41.3,44:44.4,44:44.4,1,,D1,Forward Shipment,304041508,Telangana
312262256,B111001390248810-5560834,2,pbsenterprises10 rp b2brc,26:59.3,27-07-2026 17:03,30-07-2026,`698,"KABRA EXTRUSION TECHNIK LTDBATTRIXX , KABRA EXTRUSION TECHNIK LTDBATTRIXX",Surat,Pune,k2g electric mobility india pvt ltd,,410501,1,31-07-2026,31-07-2026,Pune_Bhamboli_L (Maharashtra),01-08-2026 21:40,Delivered,Delivered,Delivered to Consignee,30-07-2026,31-07-2026 16:34,Pre-paid,5.43766E+13,Clean POD | As per POD audit,,,,06:46.6,49000,20.12,34:24.2,34:24.2,1,,B,Forward Shipment,307998045,Maharashtra
312849122,DCGN-9867/26-27,3,pbsenterprises10 rp b2brc,09:30.2,05-08-2026 19:56,11-08-2026,`DCGN-9867/26-27,"SUN SOLAR POINT, .",Noida,Gopalnagar,fujiyama power system (panel),,741223,1,11-08-2026,11-08-2026,Gopalnagar_ParaSttn_DPP (West Bengal),11-08-2026 14:05,Delivered,Delivered,Delivered to Consignee,11-08-2026,11-08-2026 14:05,Pre-paid,5.43766E+13,Contactless Delivery -  Geofence verified,,,,13:33.4,343560,6.72,05:59.2,05:59.2,1,,D2,Forward Shipment,310744846,West Bengal
312406660,B111001390269085-5561215,2,pbsenterprises10 rp b2brc,05:58.9,29-07-2026 15:45,04-08-2026,`835,"KABRA EXTRUSION TECHNIK LTDBATTRIXX , KABRA EXTRUSION TECHNIK LTDBATTRIXX",Jagtial,Pune,om durga motors-jagityal,,410501,1,06-08-2026,06-08-2026,Pune_Bhamboli_L (Maharashtra),08-08-2026 17:46,Delivered,Delivered,Delivered to Consignee,04-08-2026,07-08-2026 19:42,Pre-paid,5.43766E+13,Clean POD | As per POD audit,,,,05:55.8,49000,20.24,42:35.7,42:35.7,1,,D1,Forward Shipment,308670919,Maharashtra
311862734,SAFEI,2,pbsenterprises10 rp b2brc,21:06.8,18-07-2026 21:36,22-07-2026,`1,"KAKKAR SMART ENERGY VENTURES LLP, KAKKAR SMART ENERGY VENTURES LLP",Chandausi,Sonipat,safeli new raj motors,,131028,1,22-07-2026,22-07-2026,Sonipat_Sector42_P (Haryana),24-07-2026 10:21,Delivered,Delivered,Delivered to Consignee,22-07-2026,22-07-2026 15:00,Pre-paid,5.43766E+13,Clean POD | As per POD audit,,,,31:25.6,24000,51.09,00:24.1,00:24.1,1,,B,Forward Shipment,306226119,Haryana
312209690,SAFELI,4,pbsenterprises10 rp b2brc,54:54.5,24-07-2026 16:09,28-07-2026,`410,"REDON LITHIUM BATTERIES LLP, .",Chitrakoot,Noida,m/s vishal battery works,,201308,1,29-07-2026,29-07-2026,Noida_Surajpur_L (Uttar Pradesh),31-07-2026 21:29,Delivered,Delivered,Delivered to Consignee,28-07-2026,29-07-2026 17:36,Pre-paid,5.43766E+13,Clean POD | As per POD audit,,,,21:13.2,35000,51.2,36:43.2,36:43.2,1,,D1,Forward Shipment,FMINC_f2d29e59-874b-11f1-b3be-f91b7dc91c37,Uttar Pradesh
311726843,SAFELI,2,pbsenterprises10 rp b2brc,34:49.0,18-07-2026 00:15,21-07-2026,`67,"KAKKAR SMART ENERGY VENTURES LLP, KAKKAR SMART ENERGY VENTURES LLP",Haridwar,Sonipat,safeli pm motors b2b,,131028,1,21-07-2026,21-07-2026,Sonipat_Sector42_P (Haryana),23-07-2026 15:49,Delivered,Delivered,Delivered to Consignee,21-07-2026,21-07-2026 12:45,Pre-paid,5.43766E+13,Clean POD | As per POD audit,,,,38:11.7,15000,58.84,45:08.7,45:08.7,1,,B,Forward Shipment,305947849,Haryana
311953192,GE3LA5820NNRP,2,pbsenterprises10 rp b2brc,13:46.2,21-07-2026 11:32,27-07-2026,`11,"KABRA EXTRUSION TECHNIK-GURUGRAM , KABRA EXTRUSION TECHNIK-GURUGRAM",Abohar,Gurgaon,singh motor (kab),,122004,2,30-07-2026,01-08-2026,Gurgaon_Hasanpur2_D (Haryana),01-08-2026 21:41,Delivered,Delivered,Delivered to Consignee,25-07-2026,01-08-2026 20:43,Pre-paid,5.43766E+13,Clean POD | As per POD audit,,,,27:51.6,6000,3.21,23:02.0,43:49.1,2,,B,Forward Shipment,306677246,Haryana
311802057,B111001390273722-5559835,2,pbsenterprises10 rp b2brc,02:08.9,17-07-2026 14:33,20-07-2026,`894,"KABRA EXTRUSION TECHNIK-GURUGRAM , KABRA EXTRUSION TECHNIK-GURUGRAM",Jhansi,Gurgaon,ashish enterprises,,122004,2,23-07-2026,28-07-2026,Gurgaon_Sihi_L (Haryana),30-07-2026 15:29,Delivered,Delivered,Delivered to Consignee,20-07-2026,28-07-2026 19:12,Pre-paid,5.43766E+13,Clean POD | As per POD audit,,,,36:35.7,49000,20.4,12:14.6,12:14.6,1,,B,Forward Shipment,305977730,Haryana
312487859,DCGN-9129/26-27,2,pbsenterprises10 rp b2brc,25:33.2,29-07-2026 20:27,03-08-2026,`DCGN-9129/26-27,"MAA KANTI SOLAR POWER, .",Noida,Chitrakoot,fujiyama power system (panel),,210205,1,01-08-2026,01-08-2026,Chitrakoot_Puranibazar_D (Uttar Pradesh),01-08-2026 14:09,Delivered,Delivered,Delivered to Consignee,03-08-2026,01-08-2026 11:14,Pre-paid,5.43766E+13,Clean POD | As per POD audit,,,,31:59.1,27196,28.18,14:30.2,14:30.2,1,,D1,Forward Shipment,309036872,Uttar Pradesh
311869403,B111001390261326-5559505,3,pbsenterprises10 rp b2brc,36:46.6,21-07-2026 21:45,29-07-2026,`836,"KABRA EXTRUSION TECHNIK LTDBATTRIXX , KABRA EXTRUSION TECHNIK LTDBATTRIXX",Ulundurpet,Pune,sri harsitha e bikes,,410501,1,28-07-2026,28-07-2026,Pune_Bhamboli_L (Maharashtra),30-07-2026 14:44,Delivered,Delivered,Delivered to Consignee,29-07-2026,29-07-2026 16:37,Pre-paid,5.43766E+13,Clean POD | As per POD audit,,,,49:10.2,49000,20.11,37:44.0,37:44.0,1,,D1,Forward Shipment,306912191,Maharashtra
311646205,DCGN-7656/26-27,3,pbsenterprises10 rp b2brc,54:28.1,17-07-2026 07:14,20-07-2026,`DCGN-7656/26-27,"MUJAKIR --- 5532H SERVICE ENGG, .",Noida,Bilaspur-HR,fujiyama power system (panel),,122103,1,21-07-2026,21-07-2026,Gurgaon_Pathradi_L (Haryana),21-07-2026 17:30,Delivered,Delivered,Delivered to Consignee,20-07-2026,21-07-2026 17:30,Pre-paid,5.43766E+13,Contactless Delivery Contactless Delivery -  Geofence not verified,,,,12:15.7,71462,9.8,30:46.8,30:46.8,1,,A,Forward Shipment,FMINC_ff81d1ee-8180-11f1-8622-930937f88e07,Haryana
312428688,B111002350121248-5552176,5,pbsenterprises10 rp b2brc,50:48.8,29-07-2026 15:06,31-07-2026,`889,"KABRA EXTRUSION TECHNIK-GURUGRAM , KABRA EXTRUSION TECHNIK-GURUGRAM",Noida,Gurgaon,kap ev pvt.ltd,,122004,1,04-08-2026,04-08-2026,Gurgaon_Sihi_L (Haryana),05-08-2026 16:43,Delivered,Delivered,Delivered to Consignee,31-07-2026,04-08-2026 16:20,Pre-paid,5.43766E+13,Clean POD | As per POD audit,,,,16:19.1,49000,20.06,20:34.7,20:34.7,1,,A,Forward Shipment,308729605,Haryana
311447196,E2W4830A19250144-5558260,2,pbsenterprises10 rp b2brc,07:47.6,11-07-2026 16:40,13-07-2026,`595,"CYGNI ENERGY PRIVATE LIMITED, CYGNI ENERGY PRIVATE LIMITED",Visakhapatnam,Hyderabad,sri prasanna motors,,501359,1,13-07-2026,13-07-2026,Hyderabad_Shamshbd_H (Telangana),13-07-2026 12:58,Delivered,Delivered,Delivered to Consignee,13-07-2026,13-07-2026 12:58,Pre-paid,5.43766E+13,Contactless Delivery -  Geofence verified,,,,47:14.4,49000,15.58,58:26.4,58:26.4,1,,D1,Forward Shipment,304312143,Telangana
311847752,drive volts,2,pbsenterprises10 rp b2brc,32:19.3,18-07-2026 18:34,25-07-2026,`125,"0, Drive Volts Private Limited",Mysore,Dehradun,ai standard enterprises,,248011,1,25-07-2026,25-07-2026,Dehradun_Temp_L (Uttarakhand),25-07-2026 14:38,Delivered,Delivered,Delivered to Consignee,25-07-2026,25-07-2026 14:38,Pre-paid,5.43766E+13,Contactless Delivery -  Geofence verified,,,,58:16.7,15000,21.13,38:50.0,38:50.0,1,,D2,Forward Shipment,306186983,Uttarakhand
312147051,B1_51105_S_120225,2,pbsenterprises10 rp b2brc,22:31.0,24-07-2026 17:12,27-07-2026,`DC/UEPL/NGP/121,"KABRA EXTRUSION TECHNIK LTDBATTRIXX , KABRA EXTRUSION TECHNIK LTDBATTRIXX",Nagpur,Pune,upgrid nagpur-wh0088,,410501,1,31-07-2026,31-07-2026,Pune_Bhamboli_L (Maharashtra),01-08-2026 21:39,Delivered,Delivered,Delivered to Consignee,27-07-2026,31-07-2026 16:34,Pre-paid,5.43766E+13,Clean POD | As per POD audit,,,,19:02.7,20001,51.18,34:15.2,34:15.2,1,,D1,Forward Shipment,307485873,Maharashtra
310877833,B111001390269729-5556187,3,pbsenterprises10 rp b2brc,46:54.1,30-06-2026 19:33,06-07-2026,`829,"KABRA EXTRUSION TECHNIK LTDBATTRIXX , KABRA EXTRUSION TECHNIK LTDBATTRIXX",Hubli,Pune,tara motors ampere (unit of tara agencies),,410501,1,03-07-2026,03-07-2026,Pune_Bhamboli_L (Maharashtra),04-07-2026 12:33,Delivered,Delivered,Delivered to Consignee,06-07-2026,03-07-2026 14:51,Pre-paid,5.43766E+13,Clean POD | As per POD audit,,,,12:58.0,49000,20.3,52:09.8,52:09.8,1,,B,Forward Shipment,301719068,Maharashtra
311953498,RACHNA JI,2,pbsenterprises10 rp b2brc,16:24.9,22-07-2026 16:13,27-07-2026,`SM/NR/26/0486175,"FUJIYAMA POWER SYSTEMS LIMITED, FUJIYAMA POWER SYSTEMS LIMITED",Jammu,Noida,rachna ji gulshan kumar 1085d,,201301,1,25-07-2026,25-07-2026,Noida_Surajpur_L (Uttar Pradesh),28-07-2026 16:00,Delivered,Delivered,Delivered to Consignee,27-07-2026,27-07-2026 17:59,Pre-paid,5.43766E+13,Stray / Random Image uploaded,,,,45:08.6,35836,24.95,00:05.5,00:05.5,1,,E,Forward Shipment,307164538,Uttar Pradesh
312352905,REDON,3,pbsenterprises10 rp b2brc,01:14.8,28-07-2026 17:48,03-08-2026,`399,"REDON LITHIUM BATTERIES LLP, .",Arrah,Noida,balaji ev's,,201308,2,04-08-2026,11-08-2026,Noida_Surajpur_L (Uttar Pradesh),12-08-2026 12:31,Pending,Undelivered,Unlock,03-08-2026,,Pre-paid,5.43766E+13,,,,,24:31.0,25000,56.92,53:53.9,11:45.1,2,,D1,Forward Shipment,FMINC_92313c40-8a7e-11f1-8b73-f516937630a7,Uttar Pradesh
313015660,E2W4830A25250390-5561923,3,pbsenterprises10 rp b2brc,14:34.5,08-08-2026 17:20,13-08-2026,`911,"CYGNI ENERGY PRIVATE LIMITED, CYGNI ENERGY PRIVATE LIMITED",Kolkata,Hyderabad,new db enterprise,,501359,1,12-08-2026,12-08-2026,Hyderabad_Shamshbd_H (Telangana),12-08-2026 11:22,Dispatched,Undelivered,Out for Delivery,13-08-2026,,Pre-paid,5.43766E+13,,,,,29:41.2,49000,15.82,,,,,D2,Forward Shipment,311619203,Telangana
298380668,1,2,pbsenterprises10 rp b2brc,12:28.7,11-07-2026 16:53,18-07-2026,`AS-197,RUNU STORE  AUTOMOBILES,Guwahati,Dhubri,safeli assam kakkar smart energy ventures llp,,783331,1,17-07-2026,17-07-2026,Dhubri_Jhagrarpar_D (Assam),18-07-2026 12:47,Delivered,Delivered,Delivered to Consignee,14-07-2026,17-07-2026 15:12,Pre-paid,5.43766E+13,Clean POD | As per POD audit,,,,28:11.7,45000,43.98,12:52.4,12:52.4,1,,E,Forward Shipment,FMINC_e94f5a82-7d1a-11f1-aeea-37db00bbd465,Assam
311571994,A48281E25H23348-5558881,2,pbsenterprises10 rp b2brc,38:15.9,18-07-2026 14:56,22-07-2026,`1,"OXYGEN ENERGY ENTERPRISES-AMPERE, OXYGEN ENERGY ENTERPRISES-AMPERE",Pathanamthitta,Salem,emkay motors pvt ltd,,636006,1,22-07-2026,22-07-2026,Salem_Ramalingapuram_H (Tamil Nadu),23-07-2026 21:35,Delivered,Delivered,Delivered to Consignee,22-07-2026,22-07-2026 16:26,Pre-paid,5.43766E+13,Clean POD | As per POD audit,,,,40:21.9,49000,10.18,26:08.7,26:08.7,1,,B,Forward Shipment,306027918,Tamil Nadu
311316898,DCGN-7117/26-27,2,pbsenterprises10 rp b2brc,57:30.4,09-07-2026 18:36,14-07-2026,`DCGN-7117/26-27,"SOLARONE ENTERPRISES JPR PRIVATE LIMITED, .",Noida,Indore,fujiyama power system (panel),,452010,1,13-07-2026,13-07-2026,Indore_Dakachya1_L (Madhya Pradesh),14-07-2026 16:43,Delivered,Delivered,Delivered to Consignee,14-07-2026,13-07-2026 21:26,Pre-paid,5.43766E+13,Clean POD | As per POD audit,,,,29:52.2,31116,16.74,26:44.3,26:44.3,1,,D1,Forward Shipment,303931375,Madhya Pradesh
311799486,SAFELI,2,pbsenterprises10 rp b2brc,31:26.3,17-07-2026 19:50,24-07-2026,`223,"KAKKAR SMART ENERGY VENTURES LLP, KAKKAR SMART ENERGY VENTURES LLP",Bhagalpur,Sonipat,"safeli shree ram enterprise,",,131028,1,22-07-2026,22-07-2026,Sonipat_Sector42_P (Haryana),23-07-2026 18:17,Delivered,Delivered,Delivered to Consignee,24-07-2026,22-07-2026 14:56,Pre-paid,5.43766E+13,Clean POD | As per POD audit,,,,47:22.6,15000,34.79,57:12.7,57:12.7,1,,D1,Forward Shipment,305967804,Haryana
312684189,SAFELI,2,pbsenterprises10 rp b2brc,34:33.5,03-08-2026 18:15,08-08-2026,`01,", ASSAM SERVICE CENTER GUWAHATI",Silapathar,Guwahati,safeli ms pathak nterprises,,781035,1,10-08-2026,10-08-2026,Guwahati_Kaikchi1_L (Assam),11-08-2026 15:16,Delivered,Delivered,Delivered to Consignee,08-08-2026,11-08-2026 15:16,Pre-paid,5.43766E+13,Geofence not verified,,,,22:29.9,45000,50.69,16:44.4,16:44.4,1,,E,Forward Shipment,310199210,Assam
312823752,INTERGRATED,3,pbsenterprises10 rp b2brc,59:15.8,04-08-2026 22:14,07-08-2026,`3,"KABRA EXTRUSION TECHNIK LTDBATTRIXX , KABRA EXTRUSION TECHNIK LTDBATTRIXX",Pune,Pune,singhal trading corporation (kab),,410501,1,08-08-2026,08-08-2026,Pune_Bhamboli_L (Maharashtra),12-08-2026 12:31,Pending,Undelivered,Reattempt as per NDR instructions,07-08-2026,,Pre-paid,5.43766E+13,,,,,20:08.0,44840,21.92,17:12.8,17:12.8,1,,A,Forward Shipment,310632801,Maharashtra
310994194,B111001390218123-5557209,2,pbsenterprises10 rp b2brc,59:51.6,02-07-2026 15:18,08-07-2026,`877,"KABRA EXTRUSION TECHNIK LTDBATTRIXX , KABRA EXTRUSION TECHNIK LTDBATTRIXX",Cochin,Pune,sml motors,,410501,1,09-07-2026,09-07-2026,Pune_Bhamboli_L (Maharashtra),10-07-2026 16:52,Delivered,Delivered,Delivered to Consignee,08-07-2026,09-07-2026 16:59,Pre-paid,5.43766E+13,Clean POD | As per POD audit,,,,09:31.1,49000,20.06,59:21.2,59:21.2,1,,D1,Forward Shipment,302254737,Maharashtra
312079318,DCGN-8426/26-27,2,pbsenterprises10 rp b2brc,15:54.1,22-07-2026 20:08,29-07-2026,`DCGN-8426/26-27,"MS ENTERPRISE, .",Noida,Kolkata,fujiyama power system (panel),,700039,2,28-07-2026,30-07-2026,Kolkata_Nazirabad_L (West Bengal),05-08-2026 17:30,Delivered,Delivered,Delivered to Consignee,29-07-2026,30-07-2026 14:01,Pre-paid,5.43766E+13,Clean POD | As per POD audit,,,,00:07.1,32647,45.2,17:11.5,01:19.8,2,,C2,Forward Shipment,307136441,West Bengal
312146007,B112004450_128897,3,pbsenterprises10 rp b2brc,13:19.8,24-07-2026 15:31,27-07-2026,`DC/UEPL/MH/366,"KABRA EXTRUSION TECHNIK LTDBATTRIXX , KABRA EXTRUSION TECHNIK LTDBATTRIXX",Mumbai,Pune,upgrid wh0076,,410501,1,28-07-2026,28-07-2026,Pune_Bhamboli_L (Maharashtra),30-07-2026 16:54,Delivered,Delivered,Delivered to Consignee,27-07-2026,29-07-2026 16:39,Pre-paid,5.43766E+13,Clean POD | As per POD audit,,,,55:36.8,40002,20.96,39:30.7,39:30.7,1,,B,Forward Shipment,307484627,Maharashtra
310945313,B112004450_125652,2,pbsenterprises10 rp b2brc,41:06.0,01-07-2026 16:19,07-07-2026,`DC/UEPL/MOZ/509,"KABRA EXTRUSION TECHNIK LTDBATTRIXX , KABRA EXTRUSION TECHNIK LTDBATTRIXX",Muzaffarnagar,Pune,upgrid muzaffarnagar wh0019,,410501,1,06-07-2026,06-07-2026,Pune_Bhamboli_L (Maharashtra),07-07-2026 12:08,Delivered,Delivered,Delivered to Consignee,07-07-2026,06-07-2026 17:05,Pre-paid,5.43766E+13,Clean POD | As per POD audit,,,,52:08.8,20001,20.2,05:20.0,05:20.0,1,,D2,Forward Shipment,301998110,Maharashtra
311869474,B1_51105_B_131258,2,pbsenterprises10 rp b2brc,37:21.9,18-07-2026 15:35,21-07-2026,`DC/UPE/PUN/58,"KABRA EXTRUSIONTECHNIK LTD, KABRA EXTRUSIONTECHNIK LTD",Ludhiana,Gurgaon,upgrid wh0091,,122004,2,23-07-2026,28-07-2026,Gurgaon_Sihi_L (Haryana),30-07-2026 15:26,Delivered,Delivered,Delivered to Consignee,21-07-2026,28-07-2026 19:16,Pre-paid,5.43766E+13,Clean POD | As per POD audit,,,,11:24.9,20001,51.02,16:54.5,16:54.5,1,,B,Forward Shipment,306253349,Haryana
311002915,E2W4830A43250079R-5557333,2,pbsenterprises10 rp b2brc,49:45.5,03-07-2026 13:56,09-07-2026,`1,"CYGNI ENERGY PRIVATE LIMITED, CYGNI ENERGY PRIVATE LIMITED",Kolkata,Hyderabad,future green automobile,,501359,1,09-07-2026,09-07-2026,Hyderabad_Shamshbd_H (Telangana),10-07-2026 15:49,Delivered,Delivered,Delivered to Consignee,09-07-2026,09-07-2026 18:15,Pre-paid,5.43766E+13,Clean POD | As per POD audit,,,,13:39.9,25000,13.29,15:28.7,15:28.7,1,,D2,Forward Shipment,302278768,Telangana
312353424,DCGN-8601/26-27,4,pbsenterprises10 rp b2brc,07:03.3,27-07-2026 20:02,31-07-2026,`DCGN-8601/26-27,"M/S VEDANTA ENTERPRISES, .",Noida,Budaun,fujiyama power system (panel),,243601,1,30-07-2026,30-07-2026,Budaun_KrishnaPuriRd_D (Uttar Pradesh),31-07-2026 11:05,Delivered,Delivered,Delivered to Consignee,31-07-2026,30-07-2026 13:07,Pre-paid,5.43766E+13,Clean POD | As per POD audit,,,,24:15.6,49000,71,07:29.3,07:29.3,1,,B,Forward Shipment,308328531,Uttar Pradesh
312210415,DCGN-8673/26-27,3,pbsenterprises10 rp b2brc,02:24.6,25-07-2026 19:50,30-07-2026,`DCGN-8673/26-27,"TILAK ENTERPRISES, .",Noida,Bhopal,fujiyama power system (panel),,462001,1,31-07-2026,31-07-2026,Bhopal_Pipaliya_H (Madhya Pradesh),31-07-2026 17:02,Delivered,Delivered,Delivered to Consignee,30-07-2026,31-07-2026 17:02,Pre-paid,5.43766E+13,Contactless Delivery -  Geofence not verified,,,,12:39.3,18310,59.4,02:59.8,02:59.8,1,,D1,Forward Shipment,307942843,Madhya Pradesh
312063266,SAFELI,3,pbsenterprises10 rp b2brc,16:20.9,28-07-2026 17:49,01-08-2026,`31,"KAKKAR SMART ENERGY VENTURES LLP, KAKKAR SMART ENERGY VENTURES LLP",Sambhal,Sonipat,safeli green enterprises,,131028,1,01-08-2026,01-08-2026,Sonipat_Sector42_P (Haryana),01-08-2026 21:38,Delivered,Delivered,Delivered to Consignee,01-08-2026,01-08-2026 15:25,Pre-paid,5.43766E+13,Clean POD | As per POD audit,,,,10:24.6,30000,58.97,25:51.8,25:51.8,1,,B,Forward Shipment,308642635,Haryana
311940769,DCGN-8163/26-27,2,pbsenterprises10 rp b2brc,01:46.4,20-07-2026 18:36,25-07-2026,`DCGN-8163/26-27,"BABA ENTERPRISES , .",Noida,Bansi,fujiyama power system (panel),,272153,1,25-07-2026,25-07-2026,Bansi_Shyamnagar1_D (Uttar Pradesh),25-07-2026 11:58,Delivered,Delivered,Delivered to Consignee,24-07-2026,25-07-2026 11:58,Pre-paid,5.43766E+13,Contactless Delivery -  Geofence verified,,,,30:17.6,37779,50.5,58:24.1,58:24.1,1,,D1,Forward Shipment,306596899,Uttar Pradesh
312743329,1,2,pbsenterprises10 rp b2brc,03:18.4,03-08-2026 16:03,06-08-2026,`1,"kakkar smart energy , kakkar",Basti,Sonipat,safeli sawastik auto sales  b2b,,131028,1,06-08-2026,06-08-2026,Sonipat_Sector42_P (Haryana),08-08-2026 11:16,Delivered,Delivered,Delivered to Consignee,06-08-2026,06-08-2026 19:36,Pre-paid,5.43766E+13,Clean POD | As per POD audit,,,,07:00.2,35000,56.1,36:31.0,36:31.0,1,,D1,Forward Shipment,310199044,Haryana
311385821,Drive volts,2,pbsenterprises10 rp b2brc,46:52.3,14-07-2026 21:28,20-07-2026,`125,"0, Drive Volts Private Limited",Malkapur,Dehradun,eco moters malmatta,,248011,1,21-07-2026,21-07-2026,Dehradun_Temp_L (Uttarakhand),21-07-2026 15:31,Delivered,Delivered,Delivered to Consignee,20-07-2026,21-07-2026 15:31,Pre-paid,5.43766E+13,Contactless Delivery -  Geofence verified,,,,48:28.6,15000,19.68,31:43.4,31:43.4,1,,D1,Forward Shipment,305168760,Uttarakhand
312906841,RACHNA JI,2,pbsenterprises10 rp b2brc,51:24.3,08-08-2026 15:27,11-08-2026,`D-010215/26-27,"FUJIYAMA POWER SYSTEMS LIMITED, FUJIYAMA POWER SYSTEMS LIMITED",Narsinghgarh,Noida,rachna ji kamal ahmed 5505f,,201301,1,12-08-2026,12-08-2026,Noida_Surajpur_L (Uttar Pradesh),12-08-2026 12:33,Dispatched,Undelivered,Out for Delivery,11-08-2026,,Pre-paid,5.43766E+13,,,,,25:14.7,55878,64.81,,,,,D1,Forward Shipment,311371265,Uttar Pradesh
311252110,B111001390196183   5492631,2,pbsenterprises10 rp b2brc,27:14.1,08-07-2026 20:56,14-07-2026,`1439,"NATIONAL MOTORS, NATIONAL MOTORS",Raipur,Sikar,kamal laxami ampere brc,,332001,1,15-07-2026,15-07-2026,Sikar_IndustrialArea_I (Rajasthan),15-07-2026 15:08,Delivered,Delivered,Delivered to Consignee,14-07-2026,15-07-2026 15:08,Pre-paid,5.43766E+13,Contactless Delivery -  Geofence verified,,,,57:00.2,49000,16.76,08:31.3,08:31.3,1,,D1,Forward Shipment,303467829,Rajasthan
312001942,rachna ji,5,pbsenterprises10 rp b2brc,39:55.4,21-07-2026 15:41,27-07-2026,`D-01009/26-27,"FUJIYAMA POWER SYSTEMS LIMITED, FUJIYAMA POWER SYSTEMS LIMITED",Jalalpur,Noida,rachna ji deepak 1991 new,,201301,1,25-07-2026,25-07-2026,Noida_Surajpur_L (Uttar Pradesh),30-07-2026 11:53,Delivered,Delivered,Delivered to Consignee,27-07-2026,27-07-2026 17:58,Pre-paid,5.43766E+13,Clean POD | As per POD audit,,,,52:45.6,346790,61.6,58:22.9,58:22.9,1,,D1,Forward Shipment,306913096,Uttar Pradesh
312066000,A48281J24I02061-5560328,2,pbsenterprises10 rp b2brc,45:54.1,22-07-2026 20:09,27-07-2026,`1,"OXYGEN ENERGY ENTERPRISES-AMPERE, OXYGEN ENERGY ENTERPRISES-AMPERE",Alappuzha,Salem,kings group,,636006,1,25-07-2026,25-07-2026,Salem_Ramalingapuram_H (Tamil Nadu),26-07-2026 08:50,Delivered,Delivered,Delivered to Consignee,27-07-2026,25-07-2026 16:29,Pre-paid,5.43766E+13,Clean POD | As per POD audit,,,,46:45.2,49000,10.22,29:33.0,29:33.0,1,,B,Forward Shipment,307185901,Tamil Nadu
311668278,drive volts,2,pbsenterprises10 rp b2brc,33:59.5,20-07-2026 19:32,27-07-2026,`145,"0, Drive Volts Private Limited",Jalore,Dehradun,j.k.batteries,,248011,1,27-07-2026,27-07-2026,Dehradun_Temp_L (Uttarakhand),27-07-2026 15:22,Delivered,Delivered,Delivered to Consignee,27-07-2026,27-07-2026 15:22,Pre-paid,5.43766E+13,Contactless Delivery -  Geofence verified,,,,11:11.7,15000,110.5,22:22.0,22:22.0,1,,D1,Forward Shipment,306636661,Uttarakhand
310963431,FUJIYAMA-6564,2,pbsenterprises10 rp b2brc,01:24.6,02-07-2026 19:03,08-07-2026,`DCGN-6564/26-27,"LAXMI UPS BATTERIES, .",Noida,Salem,fujiyama power system (panel),,636004,1,09-07-2026,09-07-2026,Salem_Ramalingapuram_H (Tamil Nadu),10-07-2026 16:22,Delivered,Delivered,Delivered to Consignee,08-07-2026,09-07-2026 16:02,Pre-paid,5.43766E+13,Clean POD | As per POD audit,,,,37:25.2,119255,117,02:09.4,02:09.4,1,,D2,Forward Shipment,302090999,Tamil Nadu
312080662,DCGN-8422/26-27,2,pbsenterprises10 rp b2brc,28:45.2,23-07-2026 20:18,28-07-2026,`DCGN-8422/26-27,"CHAUDHARY ENTERPRISES (BR), .",Noida,Sitamarhi,fujiyama power system (panel),,843302,1,27-07-2026,27-07-2026,Sitamarhi_Punaura_D (Bihar),28-07-2026 12:44,Delivered,Delivered,Delivered to Consignee,28-07-2026,27-07-2026 18:35,Pre-paid,5.43766E+13,Clean POD | As per POD audit,,,,50:05.9,16331,66.5,36:00.3,36:00.3,1,,D1,Forward Shipment,307540424,Bihar
311626402,B111002350121303-5558612,5,pbsenterprises10 rp b2brc,06:16.8,15-07-2026 16:02,20-07-2026,`917,"KABRA EXTRUSION TECHNIK LTDBATTRIXX , KABRA EXTRUSION TECHNIK LTDBATTRIXX",Chandigarh,Pune,shri ji enterprises,,410501,1,21-07-2026,21-07-2026,Pune_Bhamboli_L (Maharashtra),22-07-2026 18:18,Delivered,Delivered,Delivered to Consignee,20-07-2026,21-07-2026 17:54,Pre-paid,5.43766E+13,Clean POD | As per POD audit,,,,41:46.4,49000,17.65,54:04.4,54:04.4,1,,D2,Forward Shipment,305203317,Maharashtra
311726376,SAFELI,2,pbsenterprises10 rp b2brc,29:31.2,16-07-2026 14:50,20-07-2026,`43,"KAKKAR SMART ENERGY VENTURES LLP, KAKKAR SMART ENERGY VENTURES LLP",Patna,Sonipat,safeli khushboo enterprises,,131028,1,21-07-2026,21-07-2026,Sonipat_Sector42_P (Haryana),23-07-2026 15:49,Delivered,Delivered,Delivered to Consignee,20-07-2026,21-07-2026 12:39,Pre-paid,5.43766E+13,Clean POD | As per POD audit,,,,27:02.0,15000,11.21,39:31.4,39:31.4,1,,D1,Forward Shipment,305697965,Haryana
311553574,B111001390259666-5558247,2,pbsenterprises10 rp b2brc,22:32.6,14-07-2026 20:43,20-07-2026,`860,"KABRA EXTRUSION TECHNIK LTDBATTRIXX , KABRA EXTRUSION TECHNIK LTDBATTRIXX",Hyderabad,Pune,ankur motors,,410501,1,18-07-2026,18-07-2026,Pune_Bhamboli_L (Maharashtra),18-07-2026 19:52,Delivered,Delivered,Delivered to Consignee,20-07-2026,18-07-2026 15:06,Pre-paid,5.43766E+13,Clean POD | As per POD audit,,,,22:34.2,49000,50,06:20.3,06:20.3,1,,C1,Forward Shipment,304905125,Maharashtra
311478184,SAFELI,3,pbsenterprises10 rp b2brc,29:11.6,11-07-2026 13:55,15-07-2026,`AS-211,"M/S Rocky Automobile, M/S Rocky Automobile",Guwahati,Dhubri,safeli assam kakkar smart energy ventures llp,,783331,1,15-07-2026,15-07-2026,Dhubri_Jhagrarpar_D (Assam),16-07-2026 12:43,Delivered,Delivered,Delivered to Consignee,14-07-2026,15-07-2026 15:00,Pre-paid,5.43766E+13,Clean POD | As per POD audit,,,,32:30.4,48000,48.92,01:07.1,01:07.1,1,,E,Forward Shipment,304492279,Assam
311578520,B111001390244316-5558421,2,pbsenterprises10 rp b2brc,47:49.8,14-07-2026 18:36,20-07-2026,`1,"KABRA EXTRUSION TECHNIK LTDBATTRIXX , KABRA EXTRUSION TECHNIK LTDBATTRIXX",Dindigul,Pune,abirami e bike,,410501,1,21-07-2026,21-07-2026,Pune_Bhamboli_L (Maharashtra),22-07-2026 16:50,Delivered,Delivered,Delivered to Consignee,20-07-2026,21-07-2026 17:54,Pre-paid,5.43766E+13,Clean POD | As per POD audit,,,,27:03.2,49000,20.54,54:48.7,54:48.7,1,,D1,Forward Shipment,304972459,Maharashtra
311185596,FUJIYAMA-6937,2,pbsenterprises10 rp b2brc,24:23.0,06-07-2026 18:59,14-07-2026,`DCGN-6937/26-27,"SUNBOLT ENERGY_, .",Noida,Barki Saria,fujiyama power system (panel),,825322,2,18-07-2026,21-07-2026,BarkiSaria_Bagodar_D (Jharkhand),21-07-2026 17:42,Delivered,Delivered,Delivered to Consignee,13-07-2026,21-07-2026 17:42,Pre-paid,5.43766E+13,Contactless Delivery -  Geofence NA,,,,06:46.8,14624,84.5,22:39.8,42:25.0,2,,D1,Forward Shipment,303127210,Jharkhand
311893176,DCGN-8081/26-27,2,pbsenterprises10 rp b2brc,02:48.1,20-07-2026 18:32,25-07-2026,`DCGN-8081/26-27,"TILAK ENTERPRISES , .",Noida,Bhopal,fujiyama power system (panel),,462001,2,27-07-2026,29-07-2026,Bhopal_Pipaliya_H (Madhya Pradesh),30-07-2026 16:25,Delivered,Delivered,Delivered to Consignee,25-07-2026,29-07-2026 17:39,Pre-paid,5.43766E+13,Clean POD | As per POD audit,,,,19:25.2,27196,33.06,32:20.2,39:27.9,2,,D1,Forward Shipment,306596899,Madhya Pradesh
312672656,wh0025,13,pbsenterprises10 rp b2brc,20:57.2,03-08-2026 17:19,07-08-2026,`DC/UEPL/BLR297,", KABRA EXTRUSIONTECHNIK LIMITED",Bangalore,Pune,battery smart bangalore-wh0025,,410501,1,07-08-2026,07-08-2026,Pune_Bhamboli_L (Maharashtra),08-08-2026 20:07,Delivered,Delivered,Delivered to Consignee,07-08-2026,07-08-2026 18:57,Pre-paid,5.43766E+13,Clean POD | As per POD audit,,,,30:20.6,240012,20.26,57:18.6,57:18.6,1,,C1,Forward Shipment,310168834,Maharashtra
311248632,REDON,2,pbsenterprises10 rp b2brc,47:21.6,13-07-2026 17:11,20-07-2026,`395,"REDON LITHIUM BATTERIES LLP, .",Bardhaman,Noida,bardhaman ev zone,,201308,1,17-07-2026,17-07-2026,Noida_Surajpur_L (Uttar Pradesh),18-07-2026 10:13,Delivered,Delivered,Delivered to Consignee,20-07-2026,17-07-2026 19:35,Pre-paid,5.43766E+13,Clean POD | As per POD audit,,,,33:34.5,25000,13.2,35:07.8,35:07.8,1,,D1,Forward Shipment,304879590,Uttar Pradesh
311572699,A60391H124C20003-5558250,2,pbsenterprises10 rp b2brc,45:07.9,14-07-2026 20:36,20-07-2026,`883,"OXYGEN ENERGY ENTERPRISES-AMPERE, OXYGEN ENERGY ENTERPRISES-AMPERE",Pudukkottai,Salem,sri amman e-bikes,,636006,1,21-07-2026,21-07-2026,Salem_Ramalingapuram_H (Tamil Nadu),22-07-2026 18:08,Delivered,Delivered,Delivered to Consignee,20-07-2026,21-07-2026 16:46,Pre-paid,5.43766E+13,Clean POD | As per POD audit,,,,32:24.6,49000,18.24,46:23.0,46:23.0,1,,B,Forward Shipment,304957602,Tamil Nadu
275796664,304475369,2,pbsenterprises10 rp b2brc,05:56.9,11-07-2026 14:05,14-07-2026,`5555,"KAKKAR SMART ENERGY VENTURES LLP, KAKKAR SMART ENERGY VENTURES LLP",Satna,Sonipat,safeli om electronics,,131028,1,15-07-2026,15-07-2026,Sonipat_Sector42_P (Haryana),17-07-2026 10:27,Delivered,Delivered,Delivered to Consignee,14-07-2026,15-07-2026 15:30,Pre-paid,5.43766E+13,Clean POD | As per POD audit,,,,04:39.7,45000,58.84,30:54.1,30:54.1,1,,D1,Forward Shipment,304475369,Haryana
311674518,B1_51105_B_128648,2,pbsenterprises10 rp b2brc,46:23.9,15-07-2026 14:46,18-07-2026,`DC/UPE/PUN/56,"KABRA EXTRUSION TECHNIK-GURUGRAM , KABRA EXTRUSION TECHNIK-GURUGRAM",Ludhiana,Gurgaon,upgrid wh0091,,122004,1,21-07-2026,21-07-2026,Gurgaon_Sihi_L (Haryana),22-07-2026 17:15,Delivered,Delivered,Delivered to Consignee,18-07-2026,21-07-2026 20:12,Pre-paid,5.43766E+13,Clean POD | As per POD audit,,,,51:26.3,20001,51.58,12:14.5,12:14.5,1,,B,Forward Shipment,305440587,Haryana
311172798,B111001390210112-5555788,2,pbsenterprises10 rp b2brc,04:29.1,06-07-2026 17:23,11-07-2026,`961,"KABRA EXTRUSION TECHNIK LTDBATTRIXX , KABRA EXTRUSION TECHNIK LTDBATTRIXX",Deesa,Pune,om e motors,,410501,1,13-07-2026,13-07-2026,Pune_Bhamboli_L (Maharashtra),14-07-2026 15:37,Delivered,Delivered,Delivered to Consignee,11-07-2026,13-07-2026 16:34,Pre-paid,5.43766E+13,Clean POD | As per POD audit,,,,58:05.8,49000,19.87,34:25.0,34:25.0,1,,D1,Forward Shipment,303138418,Maharashtra
311129639,A603852C04552  5554364,2,pbsenterprises10 rp b2brc,37:37.2,08-07-2026 20:55,15-07-2026,`1074,"WE CAN STORE, WE CAN STORE",Raipur,Bongaigaon,kamal laxami ampere brc,,783380,1,15-07-2026,15-07-2026,Bongaigaon_Chapaguri_I (Assam),16-07-2026 15:55,Delivered,Delivered,Delivered to Consignee,15-07-2026,15-07-2026 19:17,Pre-paid,5.43766E+13,Clean POD | As per POD audit,,,,45:24.3,49000,16.58,17:51.1,17:51.1,1,,E,Forward Shipment,303467829,Assam
312839868,Supreme,3,pbsenterprises10 rp b2brc,18:01.7,06-08-2026 19:13,14-08-2026,`SLE/26-27/00288,"Subhendu Sinha, Subhendu Sinha",Noida,Silchar,supreme e-94,,788121,0,,,Guwahati_KaliPahar_GW (Assam),12-08-2026 04:15,In Transit,Undelivered,Consignment Dispatched from Origin City,14-08-2026,,Pre-paid,5.43766E+13,,,,,,49492,18.56,,,,,E,Forward Shipment,311041556,Assam
311650446,B1_51105_B_120918,6,pbsenterprises10 rp b2brc,58:02.5,15-07-2026 17:04,18-07-2026,`DC/UEPL/AY/232,"KABRA EXTRUSION TECHNIK-GURUGRAM , KABRA EXTRUSION TECHNIK-GURUGRAM",Ayodhya,Gurgaon,"upgrid ajodhya	wh0048",,122004,1,18-07-2026,18-07-2026,Gurgaon_Sihi_L (Haryana),21-07-2026 17:14,Delivered,Delivered,Delivered to Consignee,18-07-2026,18-07-2026 12:50,Pre-paid,5.43766E+13,Clean POD | As per POD audit,,,,25:39.6,100005,59.1,50:19.5,50:19.5,1,,D1,Forward Shipment,305276178,Haryana
312131062,B1_51105_B_122151,3,pbsenterprises10 rp b2brc,44:26.6,23-07-2026 22:39,27-07-2026,`017,"KABRA EXTRUSIONTECHNIK LTD , KABRA EXTRUSIONTECHNIK LTD",Haridwar,Gurgaon,battery smart wh0100,,122004,2,28-07-2026,30-07-2026,Gurgaon_Sihi_L (Haryana),31-07-2026 12:49,Delivered,Delivered,Delivered to Consignee,27-07-2026,30-07-2026 17:34,Pre-paid,5.43766E+13,Clean POD | As per POD audit,,,,47:43.1,40002,49.06,35:04.8,35:04.8,1,,B,Forward Shipment,307450195,Haryana
312357777,safeli,2,pbsenterprises10 rp b2brc,48:00.1,28-07-2026 20:50,01-08-2026,`2,"KAKKAR SMART ENERGY VENTURES LLP, KAKKAR SMART ENERGY VENTURES LLP",Morena,Sonipat,safeli sarthak battery house,,131028,1,04-08-2026,04-08-2026,Sonipat_Sector42_P (Haryana),06-08-2026 12:12,Delivered,Delivered,Delivered to Consignee,01-08-2026,04-08-2026 12:11,Pre-paid,5.43766E+13,Clean POD | As per POD audit,,,,31:59.1,15000,16.64,11:19.9,11:19.9,1,,B,Forward Shipment,308644415,Haryana
312370400,RACHNA JI,2,pbsenterprises10 rp b2brc,02:09.8,28-07-2026 20:14,04-08-2026,`SM/NR/26/0488858,"FUJIYAMA POWER SYSTEMS LIMITED, FUJIYAMA POWER SYSTEMS LIMITED",Athani,Noida,rachna ji shivanand satappa mali 1458,,201301,1,06-08-2026,06-08-2026,Noida_Surajpur_L (Uttar Pradesh),07-08-2026 18:08,Delivered,Delivered,Delivered to Consignee,04-08-2026,06-08-2026 18:05,Pre-paid,5.43766E+13,Wrong / Incorrect POD uploaded,,,,45:40.6,35836,27.98,05:46.9,05:46.9,1,,D2,Forward Shipment,308633530,Uttar Pradesh
312784740,B1_51105_B_122564,2,pbsenterprises10 rp b2brc,51:35.8,04-08-2026 17:59,10-08-2026,`DC/UEPL/STP/472,"KABRA EXTRUSION TECHNIK-GURUGRAM , KABRA EXTRUSION TECHNIK-GURUGRAM",Sitapur,Gurgaon,upgrid sitapur wh0021,,122004,2,10-08-2026,11-08-2026,Gurgaon_Sihi_L (Haryana),12-08-2026 13:14,Delivered,Delivered,Delivered to Consignee,10-08-2026,11-08-2026 16:22,Pre-paid,5.43766E+13,LM POD document uploaded,,,,33:02.8,27081,51.16,22:25.6,22:25.6,1,,B,Forward Shipment,310483722,Haryana
312958237,GEO550002SHT260500652,4,pbsenterprises10 rp b2brc,58:26.4,07-08-2026 19:36,11-08-2026,`DC/July/002,"KABRA EXTRUSION TECHNIK LTDBATTRIXX , KABRA EXTRUSION TECHNIK LTDBATTRIXX",Greater Thane,Pune,eon enterprises (kab)),,410501,1,10-08-2026,10-08-2026,Pune_Bhamboli_L (Maharashtra),11-08-2026 18:06,Delivered,Delivered,Delivered to Consignee,11-08-2026,10-08-2026 18:57,Pre-paid,5.43766E+13,Clean POD | As per POD audit,,,,54:13.5,5500,43.5,57:37.0,57:37.0,1,,B,Forward Shipment,311337947,Maharashtra
312755629,E2W4830A19250446-5562274,2,pbsenterprises10 rp b2brc,10:32.5,04-08-2026 20:23,08-08-2026,`530,"CYGNI ENERGY PRIVATE LIMITED, CYGNI ENERGY PRIVATE LIMITED",Kozhikode,Hyderabad,tezz motors,,501359,1,08-08-2026,08-08-2026,Hyderabad_Shamshbd_H (Telangana),09-08-2026 16:27,Delivered,Delivered,Delivered to Consignee,08-08-2026,08-08-2026 16:14,Pre-paid,5.43766E+13,Clean POD | As per POD audit,,,,15:09.9,49000,15.41,14:08.7,14:08.7,1,,D1,Forward Shipment,310269901,Telangana
312258406,RACHNA JI,2,pbsenterprises10 rp b2brc,38:00.0,25-07-2026 15:20,30-07-2026,`SM/NR/26/0488582,"FUJIYAMA POWER SYSTEMS LIMITED, FUJIYAMA POWER SYSTEMS LIMITED",Latur,Noida,rachna ji mahesh basawaraj 5558c,,201301,1,30-07-2026,30-07-2026,Noida_Surajpur_L (Uttar Pradesh),31-07-2026 23:33,Delivered,Delivered,Delivered to Consignee,30-07-2026,31-07-2026 12:53,Pre-paid,5.43766E+13,Clean POD | As per POD audit,,,,40:38.9,35836,27.78,53:27.0,53:27.0,1,,D2,Forward Shipment,307979506,Uttar Pradesh
312404132,DCGN-9033/26-27,2,pbsenterprises10 rp b2brc,38:01.7,28-07-2026 19:38,01-08-2026,`DCGN-9033/26-27,"KUMOUN BATTERIES, .",Noida,Rudrapur,fujiyama power system (panel),,263153,1,31-07-2026,31-07-2026,Rudrapur_Amarpur_H (Uttarakhand),01-08-2026 10:23,Delivered,Delivered,Delivered to Consignee,01-08-2026,31-07-2026 18:52,Pre-paid,5.43766E+13,Clean POD | As per POD audit,,,,44:28.8,113023,116.5,53:02.0,53:02.0,1,,B,Forward Shipment,308620847,Uttarakhand
311314940,DCGN-7113/26-27,2,pbsenterprises10 rp b2brc,38:22.5,09-07-2026 19:11,16-07-2026,`DCGN-7113/26-27,"SAI AGENCY, .",Noida,Vellore,fujiyama power system (panel),,632006,1,15-07-2026,15-07-2026,Vellore_Avrmpalyam_I (Tamil Nadu),16-07-2026 17:33,Delivered,Delivered,Delivered to Consignee,16-07-2026,15-07-2026 13:02,Pre-paid,5.43766E+13,Clean POD | As per POD audit,,,,18:46.6,11394,66.5,02:27.4,02:27.4,1,,D2,Forward Shipment,303931375,Tamil Nadu
312541569,B112004420_126968,2,pbsenterprises10 rp b2brc,43:10.9,30-07-2026 14:59,03-08-2026,`DC/UEPL/LKO/810,"KABRA EXTRUSION TECHNIK-GURUGRAM , KABRA EXTRUSION TECHNIK-GURUGRAM",Lucknow,Gurgaon,upgrid wh0087 lucknow,,122004,1,04-08-2026,04-08-2026,Gurgaon_Sihi_L (Haryana),05-08-2026 16:43,Delivered,Delivered,Delivered to Consignee,03-08-2026,04-08-2026 16:24,Pre-paid,5.43766E+13,Clean POD | As per POD audit,,,,18:17.3,20001,20.5,24:14.1,24:14.1,1,,D1,Forward Shipment,309215929,Haryana
311761054,DCGN-7852/26-27,2,pbsenterprises10 rp b2brc,42:32.5,18-07-2026 21:26,24-07-2026,`DCGN-7852/26-27,"MEGA POWER PRODUCT, .",Noida,Rajkot,fujiyama power system (panel),,360005,1,25-07-2026,25-07-2026,Rajkot_Amargadh_H (Gujarat),28-07-2026 12:00,Delivered,Delivered,Delivered to Consignee,24-07-2026,25-07-2026 15:32,Pre-paid,5.43766E+13,Clean POD | As per POD audit,,,,50:16.7,8205,56.84,32:11.7,32:11.7,1,,D1,Forward Shipment,FMINC_2fe7cf82-82c1-11f1-bbfc-291932d3a787,Gujarat
311076476,RACHNA JI,3,pbsenterprises10 rp b2brc,39:21.3,04-07-2026 15:12,09-07-2026,`D-824/26-27,"RISHIKESH PAL, FUJIYAMA POWER SYSTEMS LIMITED-NOIDA 51,52",Chennai,Noida,rachna ji karthi 1023b,,201308,2,14-07-2026,15-07-2026,Noida_Surajpur_L (Uttar Pradesh),16-07-2026 17:38,Delivered,Delivered,Delivered to Consignee,09-07-2026,15-07-2026 19:42,Pre-paid,5.43766E+13,Clean POD | As per POD audit,,,,16:12.3,254880,4.46,42:19.9,42:19.9,1,,C2,Forward Shipment,302575584,Uttar Pradesh
312410241,B111002350121191-5561559,2,pbsenterprises10 rp b2brc,51:22.0,29-07-2026 15:11,05-08-2026,`244,"KABRA EXTRUSION TECHNIK LTDBATTRIXX , KABRA EXTRUSION TECHNIK LTDBATTRIXX",Bhilwara,Pune,darsh e motors,,410501,1,05-08-2026,05-08-2026,Pune_Bhamboli_L (Maharashtra),06-08-2026 14:43,Delivered,Delivered,Delivered to Consignee,05-08-2026,05-08-2026 16:48,Pre-paid,5.43766E+13,Clean POD | As per POD audit,,,,02:17.7,49000,17.66,49:01.0,49:01.0,1,,D1,Forward Shipment,308932981,Maharashtra
312862908,GN-6817/26-27,2,pbsenterprises10 rp b2brc,58:14.9,05-08-2026 19:55,11-08-2026,`GN-6817/26-27,"Mrutyunjaya Rout (W.O. ODISHA), .",Noida,Balasore,fujiyama power system (panel),,756001,1,11-08-2026,11-08-2026,Balasore_Ganeswarpur_I (Orissa),11-08-2026 12:25,Delivered,Delivered,Delivered to Consignee,11-08-2026,11-08-2026 12:25,Pre-paid,5.43766E+13,Geofence verified,,,,05:57.6,80830,49.92,25:20.9,25:20.9,1,,D2,Forward Shipment,310744846,Orissa
310947523,FUJIYAMA-6485,2,pbsenterprises10 rp b2brc,22:04.6,02-07-2026 19:00,06-07-2026,`DCGN-6485/26-27,"S.K.AUTO ELECTRICAL , .",Noida,Dholpur,fujiyama power system (panel),,328001,1,06-07-2026,06-07-2026,Dholpur_KamlaColony_D (Rajasthan),09-07-2026 11:03,Delivered,Delivered,Delivered to Consignee,06-07-2026,06-07-2026 14:43,Pre-paid,5.43766E+13,Clean POD | As per POD audit,,,,13:30.9,36699,53.7,43:44.7,43:44.7,1,,B,Forward Shipment,302090999,Rajasthan
311831786,B111001390203638-5559679,2,pbsenterprises10 rp b2brc,25:28.6,21-07-2026 21:36,27-07-2026,`292,"KABRA EXTRUSION TECHNIK LTDBATTRIXX , KABRA EXTRUSION TECHNIK LTDBATTRIXX",Baripada,Pune,maa ambika enterprises,,410501,1,27-07-2026,27-07-2026,Pune_Bhamboli_L (Maharashtra),28-07-2026 14:48,Delivered,Delivered,Delivered to Consignee,27-07-2026,27-07-2026 17:33,Pre-paid,5.43766E+13,Clean POD | As per POD audit,,,,09:25.5,49000,20.26,33:26.7,33:26.7,1,,D2,Forward Shipment,306912811,Maharashtra
311846858,Drive volts,2,pbsenterprises10 rp b2brc,13:31.9,18-07-2026 12:38,22-07-2026,`125,"0, Drive Volts Private Limited",Gadarwara,Dehradun,namami enterprises,,248011,1,23-07-2026,23-07-2026,Dehradun_Temp_L (Uttarakhand),23-07-2026 14:50,Delivered,Delivered,Delivered to Consignee,22-07-2026,23-07-2026 14:50,Pre-paid,5.43766E+13,Contactless Delivery -  Geofence verified,,,,44:45.2,15000,16.4,51:03.6,51:03.6,1,,D1,Forward Shipment,306178651,Uttarakhand
312236410,B111001390247923-5561218,2,pbsenterprises10 rp b2brc,02:22.6,28-07-2026 09:30,03-08-2026,`892,"KABRA EXTRUSION TECHNIK LTDBATTRIXX , KABRA EXTRUSION TECHNIK LTDBATTRIXX",Dharapuram,Pune,jai shri ram motors,,410501,1,04-08-2026,04-08-2026,Pune_Bhamboli_L (Maharashtra),08-08-2026 18:53,Delivered,Delivered,Delivered to Consignee,03-08-2026,04-08-2026 16:09,Pre-paid,5.43766E+13,Clean POD | As per POD audit,,,,22:51.3,49000,20.62,09:13.6,09:13.6,1,,D1,Forward Shipment,308370598,Maharashtra
312526656,RACHNA JI,7,pbsenterprises10 rp b2brc,26:59.5,31-07-2026 21:08,05-08-2026,`D-010174/26-27,"FUJIYAMA POWER SYSTEMS LIMITED, FUJIYAMA POWER SYSTEMS LIMITED",Budaun,Noida,rachna ji amit 5501c b2b/,,201301,1,05-08-2026,05-08-2026,Noida_Surajpur_L (Uttar Pradesh),08-08-2026 12:52,Delivered,Delivered,Delivered to Consignee,05-08-2026,07-08-2026 10:45,Pre-paid,5.43766E+13,Clean POD | As per POD audit,,,,27:29.4,2845641,46.81,45:37.5,45:37.5,1,,B,Forward Shipment,309252325,Uttar Pradesh
311069675,1234,3,pbsenterprises10 rp b2brc,07:40.4,03-07-2026 17:07,06-07-2026,`1234,Kakkar smart energy ventures LLP,Bhilwara,Sonipat,safeli ms-e vechile,,131028,1,09-07-2026,09-07-2026,Sonipat_Sector42_P (Haryana),10-07-2026 21:35,Delivered,Delivered,Delivered to Consignee,06-07-2026,09-07-2026 12:20,Pre-paid,5.43766E+13,Clean POD | As per POD audit,,,,58:21.4,35000,53.3,21:01.0,21:01.0,1,,D1,Forward Shipment,302498423,Haryana
311388678,B111001390259266-5557800,3,pbsenterprises10 rp b2brc,36:51.3,10-07-2026 16:23,14-07-2026,`859,"KABRA EXTRUSION TECHNIK LTDBATTRIXX , KABRA EXTRUSION TECHNIK LTDBATTRIXX",Hyderabad,Pune,ankur motors,,410501,1,15-07-2026,15-07-2026,Pune_Bhamboli_L (Maharashtra),16-07-2026 19:41,Delivered,Delivered,Delivered to Consignee,14-07-2026,15-07-2026 13:41,Pre-paid,5.43766E+13,Clean POD | As per POD audit,,,,09:15.4,49000,20.8,41:54.2,41:54.2,1,,C1,Forward Shipment,304044723,Maharashtra
312477961,B111001390189256-5558670,2,pbsenterprises10 rp b2brc,01:31.5,30-07-2026 16:53,04-08-2026,`606,"OXYGEN ENERGY ENTERPRISES-AMPERE, OXYGEN ENERGY ENTERPRISES-AMPERE",Lucknow,Salem,sambhav auto,,636006,1,06-08-2026,06-08-2026,Salem_Ramalingapuram_H (Tamil Nadu),08-08-2026 11:30,Delivered,Delivered,Delivered to Consignee,04-08-2026,06-08-2026 16:52,Pre-paid,5.43766E+13,Clean POD | As per POD audit,,,,44:11.6,49000,16.82,52:27.2,52:27.2,1,,D2,Forward Shipment,309200312,Tamil Nadu
312198950,5427614,2,pbsenterprises10 rp b2brc,52:04.7,24-07-2026 17:49,29-07-2026,`835,"GREAVES ELECTRIC MOBILITY, GREAVES ELECTRIC MOBILITY",Nanded,Ranipet,apurva electric motors,,632403,1,28-07-2026,28-07-2026,Ranipet_Gandhinagar_D (Tamil Nadu),29-07-2026 15:18,Delivered,Delivered,Delivered to Consignee,29-07-2026,28-07-2026 18:25,Pre-paid,5.43766E+13,Clean POD | As per POD audit,,,,20:19.4,49000,26.94,25:48.4,25:48.4,1,,D1,Forward Shipment,307720279,Tamil Nadu
312084971,A60394F123L18117-5559749,2,pbsenterprises10 rp b2brc,09:19.0,23-07-2026 16:36,29-07-2026,`1004,"OXYGEN ENERGY ENTERPRISES-AMPERE, OXYGEN ENERGY ENTERPRISES-AMPERE",Delhi,Salem,benz india pvt ltd,,636006,1,28-07-2026,28-07-2026,Salem_Ramalingapuram_H (Tamil Nadu),29-07-2026 15:04,Delivered,Delivered,Delivered to Consignee,29-07-2026,28-07-2026 13:29,Pre-paid,5.43766E+13,Clean POD | As per POD audit,,,,01:42.0,49000,17.82,29:38.4,29:38.4,1,,D2,Forward Shipment,307236233,Tamil Nadu
311106719,E2W4830A25250525-5551100,2,pbsenterprises10 rp b2brc,24:43.2,04-07-2026 14:53,10-07-2026,`909,"CYGNI ENERGY PRIVATE LIMITED, CYGNI ENERGY PRIVATE LIMITED",Gwalior,Hyderabad,uppal electric mobility,,501359,1,09-07-2026,09-07-2026,Hyderabad_Shamshbd_H (Telangana),10-07-2026 16:57,Delivered,Delivered,Delivered to Consignee,10-07-2026,09-07-2026 18:07,Pre-paid,5.43766E+13,Clean POD | As per POD audit,,,,33:24.1,49000,15.92,07:15.5,07:15.5,1,,D1,Forward Shipment,302740193,Telangana
311419720,SAFELI,3,pbsenterprises10 rp b2brc,17:57.9,10-07-2026 16:29,15-07-2026,`SS/2026-27/083,"JALSA AUTOMOBILE, JALSA AUTOMOBILE",Sonipat,Chhindwara,safeli kakkar smart energy ventures llp,,480001,1,14-07-2026,14-07-2026,Chhindwara_Linga_I (Madhya Pradesh),15-07-2026 17:33,Delivered,Delivered,Delivered to Consignee,15-07-2026,14-07-2026 18:24,Pre-paid,5.43766E+13,Clean POD | As per POD audit,,,,09:03.8,67923,58.94,24:19.4,24:19.4,1,,D1,Forward Shipment,304240742,Madhya Pradesh
311691532,B111001390231014-5558664,3,pbsenterprises10 rp b2brc,52:03.0,16-07-2026 13:16,21-07-2026,`1003,"KABRA EXTRUSION TECHNIK LTDBATTRIXX , KABRA EXTRUSION TECHNIK LTDBATTRIXX",Delhi,Pune,benz india pvt ltd,,410501,1,25-07-2026,25-07-2026,Pune_Bhamboli_L (Maharashtra),26-07-2026 08:50,Delivered,Delivered,Delivered to Consignee,21-07-2026,25-07-2026 21:00,Pre-paid,5.43766E+13,Clean POD | As per POD audit,,,,16:26.0,49000,20.04,01:01.5,01:01.5,1,,C2,Forward Shipment,305487399,Maharashtra
312427656,DCGN-9089/26-27,2,pbsenterprises10 rp b2brc,43:19.1,28-07-2026 19:38,03-08-2026,`DCGN-9089/26-27,"MUKESH KUMAR, .",Noida,Khajuwala,fujiyama power system (panel),,334023,1,04-08-2026,04-08-2026,Khajuwala_RajivNagar_DPP (Rajasthan),04-08-2026 19:05,Delivered,Delivered,Delivered to Consignee,01-08-2026,04-08-2026 19:05,Pre-paid,5.43766E+13,Contactless Delivery -  Geofence not verified,,,,08:10.8,328055,117.5,05:09.4,05:09.4,1,,D1,Forward Shipment,308620847,Rajasthan
313012005,REDON,5,pbsenterprises10 rp b2brc,26:37.0,08-08-2026 17:37,13-08-2026,`802,"REDON LITHIUM BATTERIES LLP, .",Dhanbad,Noida,indian automobile,,201308,0,,,Noida_Surajpur_L (Uttar Pradesh),12-08-2026 12:30,Pending,Undelivered,Consignment Reached at Destination,13-08-2026,,Pre-paid,5.43766E+13,,,,,36:59.6,47000,14.22,,,,,D1,Forward Shipment,311613325,Uttar Pradesh
311118813,FUJIYAMA-6793,2,pbsenterprises10 rp b2brc,45:26.4,04-07-2026 20:19,13-07-2026,`DCGN-6793/26-27,"KRISHNA SOLAR SYSTEM , .",Noida,Bajkul,fujiyama power system (panel),,721659,1,13-07-2026,13-07-2026,Bajkul_Kismat_D (West Bengal),13-07-2026 16:40,Delivered,Delivered,Delivered to Consignee,11-07-2026,13-07-2026 16:40,Pre-paid,5.43766E+13,Contactless Delivery -  Geofence verified,,,,34:08.4,36273,48.5,41:02.2,41:02.2,1,,D2,Forward Shipment,302580087,West Bengal
311701003,RACHNA JI,2,pbsenterprises10 rp b2brc,39:29.8,16-07-2026 21:10,22-07-2026,`D-984/26-27,"RISHIKESH PAL, FUJIYAMA POWER SYSTEMS LIMITED-NOIDA 51,52",Kishanganj,Noida,rachna ji abu shad 5556a,,201308,1,22-07-2026,22-07-2026,Noida_Surajpur_L (Uttar Pradesh),24-07-2026 15:33,Delivered,Delivered,Delivered to Consignee,22-07-2026,23-07-2026 12:23,Pre-paid,5.43766E+13,Clean POD | As per POD audit,,,,12:48.1,51908,49.37,23:27.3,23:27.3,1,,D1,Forward Shipment,305516276,Uttar Pradesh
312001202,A482881F24H17011  5553760,2,pbsenterprises10 rp b2brc,30:36.2,24-07-2026 19:30,29-07-2026,`Kamal2012,"ION WHEELS , ION WHEELS",Abhanpur,Bhubaneshwar,kamal laxmi industrie ampere b2b,,751006,1,29-07-2026,29-07-2026,Bhubaneswar_Bampakhuda_GW (Orissa),30-07-2026 17:45,Delivered,Delivered,Delivered to Consignee,29-07-2026,29-07-2026 17:51,Pre-paid,5.43766E+13,Clean POD | As per POD audit,,,,39:47.7,49000,10.28,51:37.1,51:37.1,1,,D1,Forward Shipment,307684135,Orissa
311798614,B111001390217696-5559876,2,pbsenterprises10 rp b2brc,23:19.1,17-07-2026 17:32,24-07-2026,`645,"KABRA EXTRUSION TECHNIK LTDBATTRIXX , KABRA EXTRUSION TECHNIK LTDBATTRIXX",Rewa,Pune,krishna enterprises,,410501,1,24-07-2026,24-07-2026,Pune_Bhamboli_L (Maharashtra),25-07-2026 12:59,Delivered,Delivered,Delivered to Consignee,24-07-2026,24-07-2026 19:09,Pre-paid,5.43766E+13,Clean POD | As per POD audit,,,,48:10.3,49000,20.28,09:21.7,09:21.7,1,,D1,Forward Shipment,305977683,Maharashtra
311511918,1,2,pbsenterprises10 rp b2brc,04:37.3,11-07-2026 20:04,15-07-2026,`1,Kakkar smart energy ventures LLP,Chandausi,Sonipat,safeli new raj motors,,131028,1,15-07-2026,15-07-2026,Sonipat_Sector42_P (Haryana),17-07-2026 10:40,Delivered,Delivered,Delivered to Consignee,15-07-2026,15-07-2026 16:33,Pre-paid,5.43766E+13,Clean POD | As per POD audit,,,,21:53.7,24000,48.05,34:11.1,34:11.1,1,,B,Forward Shipment,304475089,Haryana
311607922,Bounce,2,pbsenterprises10 rp b2brc,44:01.9,14-07-2026 13:09,20-07-2026,`DC039,"Exicom Energy Systems Private Limited, .",Guwahati,Gurgaon,bounce brahmaputra mobility solutions pvt ltd,,122015,1,18-07-2026,18-07-2026,Gurgaon_Sector17_L (Haryana),20-07-2026 14:08,Delivered,Delivered,Delivered to Consignee,20-07-2026,18-07-2026 15:00,Pre-paid,5.43766E+13,Clean POD | As per POD audit,,,,10:24.1,45000,13.26,02:23.2,02:23.2,1,,E,Forward Shipment,305152897,Haryana
312853211,INV-000115,7,pbsenterprises10 rp b2brc,59:29.3,05-08-2026 16:23,10-08-2026,`INV000115,"JV ENTERPRISES, .",Gurgaon,Nagpur,itp energy systems private limited gurgaon,,440002,1,10-08-2026,10-08-2026,Nagpur_Chikhali1_L (Maharashtra),11-08-2026 23:26,Delivered,Delivered,Delivered to Consignee,10-08-2026,10-08-2026 18:18,Pre-paid,5.43766E+13,Clean POD | As per POD audit,,,,07:24.6,200600,1.04,18:51.9,18:51.9,1,,D1,Forward Shipment,310802276,Maharashtra
312062143,DCGN-8366/26-27,8,pbsenterprises10 rp b2brc,02:26.7,22-07-2026 20:08,27-07-2026,`DCGN-8366/26-27,"RAKESH KUMAR (SER.ENG-1867), .",Noida,Motihari,fujiyama power system (panel),,845401,1,25-07-2026,25-07-2026,Motihari_SaidNagar_H (Bihar),26-07-2026 08:49,Delivered,Delivered,Delivered to Consignee,27-07-2026,25-07-2026 17:07,Pre-paid,5.43766E+13,Clean POD | As per POD audit,,,,28:16.2,280856,86.2,07:46.4,07:46.4,1,,D1,Forward Shipment,307136441,Bihar
312818693,B111001390239649-5560589,3,pbsenterprises10 rp b2brc,30:11.6,05-08-2026 17:56,12-08-2026,`588,"KABRA EXTRUSION TECHNIK LTDBATTRIXX , KABRA EXTRUSION TECHNIK LTDBATTRIXX",Balasore,Pune,om motor,,410501,1,11-08-2026,11-08-2026,Pune_Bhamboli_L (Maharashtra),11-08-2026 14:08,Dispatched,Undelivered,Out for Delivery,12-08-2026,,Pre-paid,5.43766E+13,,,,,42:00.6,49000,20.13,,,,,D2,Forward Shipment,310597625,Maharashtra
311352036,DCGN-7215/26-27,2,pbsenterprises10 rp b2brc,25:17.6,10-07-2026 20:32,17-07-2026,`DCGN-7215/26-27,"SUN SOLAR POINT, .",Noida,Gopalnagar,fujiyama power system (panel),,741223,1,17-07-2026,17-07-2026,Gopalnagar_ParaSttn_DPP (West Bengal),17-07-2026 16:06,Delivered,Delivered,Delivered to Consignee,17-07-2026,17-07-2026 16:06,Pre-paid,5.43766E+13,Contactless Delivery -  Geofence verified,,,,26:44.8,10360,64.5,06:18.3,06:18.3,1,,D2,Forward Shipment,304222175,West Bengal
312906883,B112003240_122056,2,pbsenterprises10 rp b2brc,51:54.4,06-08-2026 16:56,10-08-2026,`DC/UEPL/GRK/406,"KABRA EXTRUSIONTECHNIK LTD, KABRA EXTRUSIONTECHNIK LTD",Gorakhpur,Gurgaon,upgrid wh0049 gorakhpur,,122004,1,10-08-2026,10-08-2026,Gurgaon_Sihi_L (Haryana),11-08-2026 17:53,Delivered,Delivered,Delivered to Consignee,10-08-2026,10-08-2026 20:13,Pre-paid,5.43766E+13,LM POD document uploaded,,,,38:49.1,20001,20.44,15:39.7,15:39.7,1,,D1,Forward Shipment,310769049,Haryana
286928029,na,2,pbsenterprises10 rp b2brc,26:12.3,01-07-2026 14:26,06-07-2026,`na,KAKKAR SMART ENERGY VENTURES LLP,Guna,Sonipat,safeli e sawari mobility pvt.ltd,,131028,1,04-07-2026,04-07-2026,Sonipat_Sector42_P (Haryana),05-07-2026 19:13,Delivered,Delivered,Delivered to Consignee,06-07-2026,04-07-2026 15:46,Pre-paid,5.43766E+13,Clean POD | As per POD audit,,,,36:51.0,20000,58.91,46:58.7,46:58.7,1,,D1,Forward Shipment,301990894,Haryana
312535905,B111001880242101-5561562,2,pbsenterprises10 rp b2brc,46:48.2,30-07-2026 21:45,05-08-2026,`293,"KABRA EXTRUSION TECHNIK LTDBATTRIXX , KABRA EXTRUSION TECHNIK LTDBATTRIXX",Baripada,Pune,maa ambika enterprises,,410501,1,06-08-2026,06-08-2026,Pune_Bhamboli_L (Maharashtra),08-08-2026 20:07,Delivered,Delivered,Delivered to Consignee,05-08-2026,07-08-2026 19:40,Pre-paid,5.43766E+13,Clean POD | As per POD audit,,,,56:47.1,49000,20.4,40:46.0,40:46.0,1,,D2,Forward Shipment,309202662,Maharashtra
311183008,Drive volts,2,pbsenterprises10 rp b2brc,49:21.0,06-07-2026 17:45,11-07-2026,`152,"0, Drive Volts Private Limited",Kishangarh,Dehradun,sahitan ram,,248011,1,11-07-2026,11-07-2026,Dehradun_Temp_L (Uttarakhand),11-07-2026 16:47,Delivered,Delivered,Delivered to Consignee,11-07-2026,11-07-2026 16:47,Pre-paid,5.43766E+13,Contactless Delivery -  Geofence verified,,,,39:31.5,15000,19.02,48:05.7,48:05.7,1,,D1,Forward Shipment,303161821,Uttarakhand
311565328,1,2,pbsenterprises10 rp b2brc,53:03.4,13-07-2026 16:53,16-07-2026,`1,Kakkar smart energy ventures LLP,Chandausi,Sonipat,safeli m/s new raj motors,,131028,1,17-07-2026,17-07-2026,Sonipat_Sector42_P (Haryana),18-07-2026 19:47,Delivered,Delivered,Delivered to Consignee,16-07-2026,17-07-2026 17:41,Pre-paid,5.43766E+13,Clean POD | As per POD audit,,,,36:36.1,24000,48.9,41:22.2,41:22.2,1,,B,Forward Shipment,304877754,Haryana
311065775,B121004760120759,2,pbsenterprises10 rp b2brc,44:36.8,04-07-2026 18:51,09-07-2026,`25,"KABRA EXTRUSIONTECHNIK LTD, KABRA EXTRUSIONTECHNIK LTD",Firozabad,Gurgaon,shri b.a.j enterprise (kab),,122004,1,10-07-2026,10-07-2026,Gurgaon_Sihi_L (Haryana),11-07-2026 18:54,Delivered,Delivered,Delivered to Consignee,09-07-2026,10-07-2026 18:13,Pre-paid,5.43766E+13,Clean POD | As per POD audit,,,,27:54.7,49000,49.58,13:32.6,13:32.6,1,,B,Forward Shipment,302527456,Haryana
311860399,A48281E24H22281  5556333,2,pbsenterprises10 rp b2brc,55:53.2,18-07-2026 19:08,23-07-2026,`3001,"EMKAY MOTORS PVT LTD, EMKAY MOTORS PVT LTD",Salem,Pathanamthitta,oxygen energy enterprises ampere,,689647,1,22-07-2026,22-07-2026,Pathanamthitta_Mangaram_D (Kerala),23-07-2026 12:37,Delivered,Delivered,Delivered to Consignee,23-07-2026,22-07-2026 12:03,Pre-paid,5.43766E+13,Clean POD | As per POD audit,,,,09:08.2,49000,7.92,03:52.7,03:52.7,1,,B,Forward Shipment,306231796,Kerala
310938361,B111001390210550-5552582,2,pbsenterprises10 rp b2brc,54:24.4,01-07-2026 15:43,06-07-2026,`892,"KABRA EXTRUSION TECHNIK LTDBATTRIXX , KABRA EXTRUSION TECHNIK LTDBATTRIXX",Bangalore,Pune,om sai ampere,,410501,1,06-07-2026,06-07-2026,Pune_Bhamboli_L (Maharashtra),07-07-2026 12:13,Delivered,Delivered,Delivered to Consignee,06-07-2026,06-07-2026 17:05,Pre-paid,5.43766E+13,Clean POD | As per POD audit,,,,20:36.0,49000,19.85,05:39.4,05:39.4,1,,C1,Forward Shipment,301973456,Maharashtra
312149439,B11101390203608-5561149,2,pbsenterprises10 rp b2brc,41:56.9,27-07-2026 18:43,03-08-2026,`778,"KABRA EXTRUSION TECHNIK LTDBATTRIXX , KABRA EXTRUSION TECHNIK LTDBATTRIXX",Bareilly,Pune,asia automobiles,,410501,1,04-08-2026,04-08-2026,Pune_Bhamboli_L (Maharashtra),05-08-2026 17:17,Delivered,Delivered,Delivered to Consignee,03-08-2026,04-08-2026 16:09,Pre-paid,5.43766E+13,Clean POD | As per POD audit,,,,35:49.2,49000,20.4,09:31.1,09:31.1,1,,D2,Forward Shipment,308370702,Maharashtra
312221088,REDON,4,pbsenterprises10 rp b2brc,49:59.3,27-07-2026 17:56,31-07-2026,`438,"REDON LITHIUM BATTERIES LLP, .",Bilaspur,Noida,jai bajrang enterprises,,201308,1,01-08-2026,01-08-2026,Noida_Surajpur_L (Uttar Pradesh),03-08-2026 16:13,Delivered,Delivered,Delivered to Consignee,31-07-2026,03-08-2026 09:49,Pre-paid,5.43766E+13,Clean POD | As per POD audit,,,,36:09.2,32000,15.3,49:32.6,49:32.6,1,,D1,Forward Shipment,308377600,Uttar Pradesh
311329257,SAFELI,8,pbsenterprises10 rp b2brc,09:39.6,09-07-2026 16:53,13-07-2026,`KSEV/26-27/0474,"E - Right Mobility Private Limited, E - Right Mobility Private Limited",Sonipat,Lucknow,safeli kakkar smart energy ventures llp,,226008,1,13-07-2026,13-07-2026,Lucknow_Bhokapur_L (Uttar Pradesh),14-07-2026 17:25,Delivered,Delivered,Delivered to Consignee,13-07-2026,13-07-2026 15:30,Pre-paid,5.43766E+13,Clean POD | As per POD audit,,,,53:41.4,239400,17.45,30:35.2,30:35.2,1,,D1,Forward Shipment,304010932,Uttar Pradesh
312984877,REDON,2,pbsenterprises10 rp b2brc,19:37.7,,,`5,"REDON LITHIUM BATTERIES LLP, .",Aligarh,Noida,tec mecho industries,,201308,0,,,Aligarh_Dhanipur_H (Uttar Pradesh),07-08-2026 20:39,Manifested,Undelivered,Consignment Manifested,,,Pre-paid,5.43766E+13,,,,,,10000,20,,,,,B,Forward Shipment,,Uttar Pradesh
298292771,3706,5,pbsenterprises10 rp b2brc,52:23.9,14-07-2026 12:52,17-07-2026,`3706,Redon lithilem Industries elp,Agra,Noida,m/stnt motors,,201310,1,18-07-2026,18-07-2026,Noida_Surajpur_L (Uttar Pradesh),18-07-2026 19:49,Delivered,Delivered,Delivered to Consignee,17-07-2026,18-07-2026 14:29,Pre-paid,5.43766E+13,Clean POD | As per POD audit,,,,16:08.5,30000,13.54,29:28.2,29:28.2,1,,B,Forward Shipment,304974199,Uttar Pradesh
311364978,DCGN-7228/26-27,2,pbsenterprises10 rp b2brc,00:56.2,09-07-2026 18:38,13-07-2026,`DCGN-7228/26-27,"M/S SUN POWER PHOTOVOLTAIC, .",Noida,Ghaziabad,fujiyama power system (panel),,201206,1,11-07-2026,11-07-2026,Ghaziabad_Indirapuram_L (Uttar Pradesh),13-07-2026 13:23,Delivered,Delivered,Delivered to Consignee,11-07-2026,11-07-2026 16:22,Pre-paid,5.43766E+13,Clean POD | As per POD audit,,,,04:28.3,38722,49.5,22:39.8,22:39.8,1,,B,Forward Shipment,303931375,Uttar Pradesh
312673747,Bounce,2,pbsenterprises10 rp b2brc,35:24.3,02-08-2026 17:35,07-08-2026,`27,", Exicom Energy Systems",Kharagpur,Gurgaon,bounce abha enterprises,,122015,1,11-08-2026,11-08-2026,Gurgaon_Sector17_L (Haryana),11-08-2026 20:16,Delivered,Delivered,Delivered to Consignee,07-08-2026,11-08-2026 16:32,Pre-paid,5.43766E+13,LM POD document uploaded,,,,11:36.6,45000,14.64,32:33.9,32:33.9,1,,D2,Forward Shipment,309780673,Haryana
311435401,DCGN-7390/26-27,2,pbsenterprises10 rp b2brc,58:09.6,11-07-2026 15:38,13-07-2026,`DCGN-7390/26-27,"M/S GREEN ENERGY, .",Noida,Barabanki,fujiyama power system (panel),,225204,1,13-07-2026,13-07-2026,Barabanki_GayasNagar_D (Uttar Pradesh),14-07-2026 15:36,Delivered,Delivered,Delivered to Consignee,13-07-2026,13-07-2026 12:45,Pre-paid,5.43766E+13,Clean POD | As per POD audit,,,,44:16.3,39185,49.11,45:19.6,45:19.6,1,,D1,Forward Shipment,304522398,Uttar Pradesh
311322884,DCGN-7045/26-27,7,pbsenterprises10 rp b2brc,52:45.5,08-07-2026 21:21,13-07-2026,`DCGN-7045/26-27,"M/S A.S. ENTERPRISES, .",Noida,Meerut,fujiyama power system (panel),,250001,1,15-07-2026,15-07-2026,Meerut_Temp2_L (Uttar Pradesh),16-07-2026 16:04,Delivered,Delivered,Delivered to Consignee,13-07-2026,15-07-2026 12:05,Pre-paid,5.43766E+13,Clean POD | As per POD audit,,,,32:38.0,75589,15.26,05:33.4,05:33.4,1,,B,Forward Shipment,303676804,Uttar Pradesh
311697260,DCGN-7751/26-27,2,pbsenterprises10 rp b2brc,52:04.9,17-07-2026 07:14,20-07-2026,`DCGN-7751/26-27,"NAVEEN ELECTRICALS, .",Noida,Neemrana,fujiyama power system (panel),,301701,1,21-07-2026,21-07-2026,Neemrana_RIICOIndArea_L (Rajasthan),23-07-2026 12:39,Delivered,Delivered,Delivered to Consignee,20-07-2026,21-07-2026 12:16,Pre-paid,5.43766E+13,Clean POD | As per POD audit,,,,12:07.3,8206,60.5,16:55.4,16:55.4,1,,B,Forward Shipment,FMINC_ff81d1ee-8180-11f1-8622-930937f88e07,Rajasthan
312784285,B1_51105_B_121831,2,pbsenterprises10 rp b2brc,45:48.6,05-08-2026 19:18,11-08-2026,`DC/UEPL/BHGP/103,"KABRA EXTRUSIONTECHNIK LTD, KABRA EXTRUSIONTECHNIK LTD",Bhagalpur,Gurgaon,upgrid bhagalpur wh0085,,122004,0,,,Gurgaon_Tauru_GW (Haryana),12-08-2026 11:54,In Transit,Undelivered,Consignment Dispatched from Origin City,11-08-2026,,Pre-paid,5.43766E+13,INVOICE_COPY Shared,,,,,27081,49.84,,,,,D1,Forward Shipment,310768893,Haryana
310827300,B111001390204007-5556343,7,pbsenterprises10 rp b2brc,55:16.4,30-06-2026 16:16,06-07-2026,`890,"KABRA EXTRUSION TECHNIK LTDBATTRIXX , KABRA EXTRUSION TECHNIK LTDBATTRIXX",Tirupur,Pune,sri bikes,,410501,1,06-07-2026,06-07-2026,Pune_Bhamboli_L (Maharashtra),07-07-2026 12:08,Delivered,Delivered,Delivered to Consignee,06-07-2026,06-07-2026 17:03,Pre-paid,5.43766E+13,Clean POD | As per POD audit,,,,08:22.7,49000,20.48,03:59.7,03:59.7,1,,D1,Forward Shipment,301496954,Maharashtra
312217003,B111001390263486-5560640,2,pbsenterprises10 rp b2brc,11:12.0,27-07-2026 15:13,03-08-2026,`944,"KABRA EXTRUSION TECHNIK LTDBATTRIXX , KABRA EXTRUSION TECHNIK LTDBATTRIXX",Kolkata,Pune,dominos pizza,,410501,1,01-08-2026,01-08-2026,Pune_Bhamboli_L (Maharashtra),01-08-2026 21:41,Delivered,Delivered,Delivered to Consignee,03-08-2026,01-08-2026 14:29,Pre-paid,5.43766E+13,Clean POD | As per POD audit,,,,17:56.6,48000,16.72,29:41.8,29:41.8,1,,C2,Forward Shipment,308359921,Maharashtra
310825044,A60391H124B09027-5554434,2,pbsenterprises10 rp b2brc,33:32.7,29-06-2026 19:42,06-07-2026,`1002,"OXYGEN ENERGY ENTERPRISES-AMPERE, OXYGEN ENERGY ENTERPRISES-AMPERE",Delhi,Salem,benz india pvt ltd,,636006,1,04-07-2026,04-07-2026,Salem_Ramalingapuram_H (Tamil Nadu),05-07-2026 13:59,Delivered,Delivered,Delivered to Consignee,06-07-2026,04-07-2026 16:28,Pre-paid,5.43766E+13,Clean POD | As per POD audit,,,,03:06.9,49000,17.73,28:21.4,28:21.4,1,,D2,Forward Shipment,301489937,Tamil Nadu
312082237,B111001390247957-5559104,2,pbsenterprises10 rp b2brc,43:04.7,23-07-2026 13:11,29-07-2026,`1,"KABRA EXTRUSION TECHNIK LTDBATTRIXX , KABRA EXTRUSION TECHNIK LTDBATTRIXX",Thrissur,Pune,pallai ampere,,410501,1,01-08-2026,01-08-2026,Pune_Bhamboli_L (Maharashtra),01-08-2026 21:41,Delivered,Delivered,Delivered to Consignee,29-07-2026,01-08-2026 14:35,Pre-paid,5.43766E+13,Clean POD | As per POD audit,,,,39:43.6,30000,20.47,35:59.0,35:59.0,1,,D1,Forward Shipment,307228963,Maharashtra
311699500,A48281C24H09479-5557428,2,pbsenterprises10 rp b2brc,20:15.0,16-07-2026 17:38,20-07-2026,`780,"KAMAL LAXMI INDUSTRIES-AMPERE, KAMAL LAXMI INDUSTRIES-AMPERE",Durgapur,Raipur,p. s. jivraj distribution llp,,492015,1,22-07-2026,22-07-2026,Raipur_Devpuri_L (Chhattisgarh),24-07-2026 14:39,Delivered,Delivered,Delivered to Consignee,20-07-2026,22-07-2026 17:55,Pre-paid,5.43766E+13,Clean POD | As per POD audit,,,,13:27.1,49000,10.36,55:20.7,55:20.7,1,,D1,Forward Shipment,305510447,Chhattisgarh
312329158,B60382H23B15184-5560387,2,pbsenterprises10 rp b2brc,16:59.9,27-07-2026 18:52,01-08-2026,`632,"KAMAL LAXMI INDUSTRIES-AMPERE, KAMAL LAXMI INDUSTRIES-AMPERE",Ganj Basoda,Raipur,shri maruti enterprises,,492015,1,31-07-2026,31-07-2026,Raipur_Devpuri_L (Chhattisgarh),01-08-2026 10:12,Delivered,Delivered,Delivered to Consignee,01-08-2026,31-07-2026 14:59,Pre-paid,5.43766E+13,Clean POD | As per POD audit,,,,59:13.7,49000,17.44,59:13.4,59:13.4,1,,D1,Forward Shipment,308365237,Chhattisgarh
310942516,B1_51105_B_120724,5,pbsenterprises10 rp b2brc,59:40.3,02-07-2026 16:00,06-07-2026,`DC/UEPL/NGP/109,"KABRA EXTRUSION TECHNIK LTDBATTRIXX , KABRA EXTRUSION TECHNIK LTDBATTRIXX",Nagpur,Pune,upgrid nagpur-wh0088,,410501,1,06-07-2026,06-07-2026,Pune_Bhamboli_L (Maharashtra),07-07-2026 11:42,Delivered,Delivered,Delivered to Consignee,06-07-2026,06-07-2026 17:04,Pre-paid,5.43766E+13,Clean POD | As per POD audit,,,,34:04.9,80004,49.52,04:04.3,04:04.3,1,,D1,Forward Shipment,302213945,Maharashtra
312403899,B111001390204197-5554978,2,pbsenterprises10 rp b2brc,35:31.7,03-08-2026 16:44,07-08-2026,`529,"KABRA EXTRUSION TECHNIK LTDBATTRIXX , KABRA EXTRUSION TECHNIK LTDBATTRIXX",Bangalore,Pune,bms e wheels,,410501,1,07-08-2026,07-08-2026,Pune_Bhamboli_L (Maharashtra),08-08-2026 14:52,Delivered,Delivered,Delivered to Consignee,07-08-2026,07-08-2026 19:03,Pre-paid,5.43766E+13,Clean POD | As per POD audit,,,,10:44.7,49000,20.32,03:32.9,03:32.9,1,,C1,Forward Shipment,310184754,Maharashtra
312928400,B112004450_122134,7,pbsenterprises10 rp b2brc,06:00.7,07-08-2026 16:06,10-08-2026,`DC/UEPL/LKO/825,"KABRA EXTRUSION TECHNIK-GURUGRAM , KABRA EXTRUSION TECHNIK-GURUGRAM",Lucknow,Gurgaon,upgrid wh0087 lucknow,,122004,1,11-08-2026,11-08-2026,Gurgaon_Sihi_L (Haryana),12-08-2026 13:14,Delivered,Delivered,Delivered to Consignee,10-08-2026,11-08-2026 16:36,Pre-paid,5.43766E+13,LM POD document uploaded,,,,58:00.2,120006,20.14,36:12.0,36:12.0,1,,D1,Forward Shipment,311139805,Haryana
312420007,DCGN-9112/26-27,2,pbsenterprises10 rp b2brc,33:31.1,28-07-2026 19:31,04-08-2026,`DCGN-9112/26-27,"HEMANTA BATTERY ENTERPRISES, .",Noida,Kolkata,fujiyama power system (panel),,700006,1,01-08-2026,01-08-2026,Kolkata_Bagmari_L (West Bengal),03-08-2026 10:05,Delivered,Delivered,Delivered to Consignee,04-08-2026,01-08-2026 12:43,Pre-paid,5.43766E+13,Clean POD | As per POD audit,,,,40:53.9,37561,49.57,43:35.8,43:35.8,1,,C2,Forward Shipment,308620847,West Bengal
311934193,B111001390239291-5559061,2,pbsenterprises10 rp b2brc,42:45.4,20-07-2026 20:16,24-07-2026,`897,"KABRA EXTRUSION TECHNIK-GURUGRAM , KABRA EXTRUSION TECHNIK-GURUGRAM",Haridwar,Gurgaon,bhuwan automobiles,,122004,2,23-07-2026,28-07-2026,Gurgaon_Sihi_L (Haryana),29-07-2026 14:27,Delivered,Delivered,Delivered to Consignee,24-07-2026,28-07-2026 19:13,Pre-paid,5.43766E+13,Clean POD | As per POD audit,,,,38:30.0,49000,20.5,13:23.1,13:23.1,1,,B,Forward Shipment,306639781,Haryana
312210752,B111001390225075-5560661,4,pbsenterprises10 rp b2brc,06:28.4,25-07-2026 18:43,31-07-2026,`632,"KABRA EXTRUSION TECHNIK LTDBATTRIXX , KABRA EXTRUSION TECHNIK LTDBATTRIXX",Ganj Basoda,Pune,shri maruti enterprises,,410501,1,04-08-2026,04-08-2026,Pune_Bhamboli_L (Maharashtra),05-08-2026 17:33,Delivered,Delivered,Delivered to Consignee,31-07-2026,04-08-2026 16:07,Pre-paid,5.43766E+13,Clean POD | As per POD audit,,,,10:56.8,49000,20.71,07:34.9,07:34.9,1,,D1,Forward Shipment,307752224,Maharashtra
311082318,B111001390274153-555457,2,pbsenterprises10 rp b2brc,50:44.2,04-07-2026 16:04,07-07-2026,`898,"KABRA EXTRUSION TECHNIK LTDBATTRIXX , KABRA EXTRUSION TECHNIK LTDBATTRIXX",Karad,Pune,micromix enterprises,,410501,1,09-07-2026,09-07-2026,Pune_Bhamboli_L (Maharashtra),14-07-2026 10:42,Delivered,Delivered,Delivered to Consignee,07-07-2026,09-07-2026 16:59,Pre-paid,5.43766E+13,Clean POD | As per POD audit,,,,46:20.4,49000,20.84,59:03.9,59:03.9,1,,B,Forward Shipment,302570496,Maharashtra
311940074,DCGN-8123/26-27,2,pbsenterprises10 rp b2brc,54:04.6,21-07-2026 20:13,27-07-2026,`DCGN-8123/26-27,"M/S M. S. SOLAR ENERGY , .",Noida,Maharajganj,fujiyama power system (panel),,273303,2,30-07-2026,01-08-2026,Maharajganj_ShastriNgr_D (Uttar Pradesh),01-08-2026 18:11,Delivered,Delivered,Delivered to Consignee,25-07-2026,01-08-2026 12:51,Pre-paid,5.43766E+13,Clean POD | As per POD audit,,,,11:48.7,21016,47.72,37:22.4,51:55.5,2,,D1,Forward Shipment,306858972,Uttar Pradesh
311207177,Maxxo Green,2,pbsenterprises10 rp b2brc,15:41.8,07-07-2026 18:35,15-07-2026,`125,"., ,Maxxo Green Energy,,",Mandla,Noida,ms kamal automobiles,,201310,1,13-07-2026,13-07-2026,Noida_Surajpur_L (Uttar Pradesh),18-07-2026 11:17,Delivered,Delivered,Delivered to Consignee,15-07-2026,13-07-2026 19:34,Pre-paid,5.43766E+13,Clean POD | As per POD audit,,,,11:01.1,15000,16.07,34:36.8,34:36.8,1,,D1,Forward Shipment,303225263,Uttar Pradesh
312950607,A48281J24I02061  5560328,2,pbsenterprises10 rp b2brc,20:59.7,07-08-2026 14:11,10-08-2026,`8727,"KINGS GROUP, KINGS GROUP",Salem,Alappuzha,oxygen energy enterprises ampere,,688001,1,10-08-2026,10-08-2026,Alappuzha_Bernard_D (Kerala),11-08-2026 16:14,Delivered,Delivered,Delivered to Consignee,10-08-2026,10-08-2026 20:51,Pre-paid,5.43766E+13,Clean POD | As per POD audit,,,,37:36.6,49000,8.01,51:50.3,51:50.3,1,,B,Forward Shipment,311321512,Kerala
311548931,A48281D24F11036-5558394,2,pbsenterprises10 rp b2brc,24:39.8,18-07-2026 16:23,22-07-2026,`794,"JALARAM LITHIUM BATTERY-AMPERE, JALARAM LITHIUM BATTERY-AMPERE",Bhuj,Ahmedabad,rajarshi ev,,382213,1,22-07-2026,22-07-2026,Ahmedabad_Sanathal_L (Gujarat),23-07-2026 16:51,Delivered,Delivered,Delivered to Consignee,22-07-2026,22-07-2026 14:16,Pre-paid,5.43766E+13,Clean POD | As per POD audit,,,,16:07.9,49000,10.24,16:18.2,16:18.2,1,,B,Forward Shipment,306027988,Gujarat
311066058,REDON,2,pbsenterprises10 rp b2brc,48:47.7,06-07-2026 20:17,13-07-2026,`032,"REDON LITHIUM BATTERIES LLP, .",Bhagalpur,Noida,anand automobile,,201308,1,13-07-2026,13-07-2026,Noida_Surajpur_L (Uttar Pradesh),14-07-2026 15:16,Delivered,Delivered,Delivered to Consignee,13-07-2026,13-07-2026 19:06,Pre-paid,5.43766E+13,Clean POD | As per POD audit,,,,34:24.3,21000,16.46,06:56.1,06:56.1,1,,D1,Forward Shipment,303141845,Uttar Pradesh
311113866,B111001390255903-5557547,4,pbsenterprises10 rp b2brc,47:06.9,04-07-2026 18:53,13-07-2026,`840,"KABRA EXTRUSION TECHNIK LTDBATTRIXX , KABRA EXTRUSION TECHNIK LTDBATTRIXX",hazaribagh,Pune,mitali automobiles,,410501,1,11-07-2026,11-07-2026,Pune_Bhamboli_L (Maharashtra),13-07-2026 12:23,Delivered,Delivered,Delivered to Consignee,13-07-2026,11-07-2026 17:59,Pre-paid,5.43766E+13,Clean POD | As per POD audit,,,,19:44.7,49000,20.07,00:02.4,00:02.4,1,,D2,Forward Shipment,302759305,Maharashtra
312818279,GEO300001HIP251000832,2,pbsenterprises10 rp b2brc,21:39.6,06-08-2026 13:28,10-08-2026,`11,"KABRA EXTRUSION TECHNIK-GURUGRAM , KABRA EXTRUSION TECHNIK-GURUGRAM",Aligarh,Gurgaon,radha shyam motor (kab),,122004,1,10-08-2026,10-08-2026,Gurgaon_Sihi_L (Haryana),11-08-2026 17:53,Delivered,Delivered,Delivered to Consignee,10-08-2026,10-08-2026 20:41,Pre-paid,5.43766E+13,LM POD document uploaded,,,,40:29.2,49000,22.56,42:04.6,42:04.6,1,,B,Forward Shipment,311053031,Haryana
311938578,DCGN-8115/26-27,2,pbsenterprises10 rp b2brc,34:39.3,20-07-2026 18:30,22-07-2026,`FPS/26-27/10,"M/S SUN POWER PHOTOVOLTAIC, .",Noida,Ghaziabad,fujiyama power system (panel),,201206,4,25-07-2026,01-08-2026,Ghaziabad_Indirapuram_L (Uttar Pradesh),07-08-2026 10:04,In Transit,Returned,Consignment moved from Destination,22-07-2026,,Pre-paid,5.43766E+13,Ewaybill hsn update,11-08-2026,,,32:15.1,111104,115,38:20.2,50:43.5,4,03:22.1,B,Forward Shipment,306596899,Uttar Pradesh
312574737,AX29082500142 AX29082500214 AA06617092014,2,pbsenterprises10 rp b2brc,22:56.7,31-07-2026 18:19,07-08-2026,`11,"KABRA EXTRUSION TECHNIK-GURUGRAM , KABRA EXTRUSION TECHNIK-GURUGRAM",Firozabad,Gurgaon,shri b.a.j enterprise (kab),,122004,0,,,Gurgaon_Hasanpur2_D (Haryana),07-08-2026 12:34,Pending,Undelivered,Consignment Reached at Destination,04-08-2026,,Pre-paid,5.43766E+13,Source - GI,,,,12:43.2,48000,9.44,,,,,B,Forward Shipment,309300798,Haryana
313007372,DCGN-10097/26-27,2,pbsenterprises10 rp b2brc,30:53.0,,,`DCGN-10097/26-27,"M/S SHIV SYSTEMS, .",Noida,Noida,fujiyama power system (panel),,201301,0,,,Noida_Bairangpur_GW (Uttar Pradesh),08-08-2026 20:12,Manifested,Undelivered,Delay due to Disturbance/Strike,,,Pre-paid,5.43766E+13,,,,,,27804,20,,,,,A,Forward Shipment,,Uttar Pradesh
311697684,B111001390270794-5559548,2,pbsenterprises10 rp b2brc,56:44.0,16-07-2026 14:17,20-07-2026,`899,"KABRA EXTRUSION TECHNIK LTDBATTRIXX , KABRA EXTRUSION TECHNIK LTDBATTRIXX",Karad,Pune,micromix enterprises,,410501,1,21-07-2026,21-07-2026,Pune_Bhamboli_L (Maharashtra),22-07-2026 16:24,Delivered,Delivered,Delivered to Consignee,20-07-2026,21-07-2026 17:41,Pre-paid,5.43766E+13,Clean POD | As per POD audit,,,,04:03.9,49000,20.92,41:33.1,41:33.1,1,,B,Forward Shipment,305510376,Maharashtra
312669406,DCGN-9554/26-27,2,pbsenterprises10 rp b2brc,30:41.9,01-08-2026 18:34,06-08-2026,`DCGN-9554/26-27,", DEV BHUMI ENTERPRISES",Noida,Rohtak,fujiyama power system (panel),,124001,1,06-08-2026,06-08-2026,Rohtak_BahuAkbarpur_D (Haryana),08-08-2026 14:29,Delivered,Delivered,Delivered to Consignee,05-08-2026,06-08-2026 16:22,Pre-paid,5.43766E+13,Clean POD | As per POD audit,,,,01:37.4,37561,49.43,22:18.4,22:18.4,1,,B,Forward Shipment,309711732,Haryana
311964733,REDON,4,pbsenterprises10 rp b2brc,19:51.4,24-07-2026 15:27,28-07-2026,`WR/0007/26-27,"REDON LITHIUM BATTERIES LLP, .",Siliguri,Noida,kamal auto agency,,201308,1,29-07-2026,29-07-2026,Noida_Surajpur_L (Uttar Pradesh),31-07-2026 20:39,Delivered,Delivered,Delivered to Consignee,28-07-2026,29-07-2026 17:28,Pre-paid,5.43766E+13,Clean POD | As per POD audit,,,,52:12.4,44056,11.55,28:37.7,28:37.7,1,,D1,Forward Shipment,307458247,Uttar Pradesh
311937530,RACHNA JI,2,pbsenterprises10 rp b2brc,23:21.7,21-07-2026 15:50,27-07-2026,`D-01005/26-27,"FUJIYAMA POWER SYSTEMS LIMITED, FUJIYAMA POWER SYSTEMS LIMITED",Begusarai,Noida,rachna ji om prakash 5513b,,201301,1,24-07-2026,24-07-2026,Noida_Surajpur_L (Uttar Pradesh),25-07-2026 14:50,Delivered,Delivered,Delivered to Consignee,27-07-2026,24-07-2026 19:10,Pre-paid,5.43766E+13,Clean POD | As per POD audit,,,,21:45.0,51908,47.46,10:32.0,10:32.0,1,,D1,Forward Shipment,306878438,Uttar Pradesh
311551164,B111001390268487-5558835,3,pbsenterprises10 rp b2brc,52:44.2,13-07-2026 17:01,18-07-2026,`649,"KABRA EXTRUSION TECHNIK LTDBATTRIXX , KABRA EXTRUSION TECHNIK LTDBATTRIXX",Shivpuri,Pune,cr ampere,,410501,1,21-07-2026,21-07-2026,Pune_Bhamboli_L (Maharashtra),22-07-2026 17:06,Delivered,Delivered,Delivered to Consignee,18-07-2026,21-07-2026 17:54,Pre-paid,5.43766E+13,Clean POD | As per POD audit,,,,30:52.1,49000,20.09,54:57.7,54:57.7,1,,D1,Forward Shipment,304897110,Maharashtra
311136994,DCGN-6780/26-27,3,pbsenterprises10 rp b2brc,56:29.1,06-07-2026 19:06,13-07-2026,`DCGN-6780/26-27,"HASIM ENTERPRISE, HASIM ENTERPRISE",Noida,Murarai,fujiyama power system (panel),,731219,1,11-07-2026,11-07-2026,Murarai_Birbhumi_D (West Bengal),12-07-2026 16:53,Delivered,Delivered,Delivered to Consignee,13-07-2026,11-07-2026 19:40,Pre-paid,5.43766E+13,Clean POD | As per POD audit,,,,39:28.7,78584,49.5,40:30.7,40:30.7,1,,D1,Forward Shipment,303127210,West Bengal
312783339,DCGN-9715/26-27,2,pbsenterprises10 rp b2brc,34:26.4,04-08-2026 21:34,10-08-2026,`DCGN-9715/26-27,"J.K.POWER GUARD , .",Noida,Nagpur,fujiyama power system (panel),,440001,2,11-08-2026,12-08-2026,Nagpur_Chikhali1_L (Maharashtra),12-08-2026 11:44,Dispatched,Undelivered,Out for Delivery,10-08-2026,,Pre-paid,5.43766E+13,,,,,40:07.1,123156,47,10:25.5,10:25.5,1,,D1,Forward Shipment,310451745,Maharashtra
312359661,DCGN-8975/26-27,2,pbsenterprises10 rp b2brc,06:46.8,28-07-2026 19:30,04-08-2026,`DCGN-8975/26-27,"POWER OF SOLAR, .",Noida,Bongaon,fujiyama power system (panel),,743245,1,04-08-2026,04-08-2026,Bongaon_SukntDPP_D (West Bengal),04-08-2026 14:15,Delivered,Delivered,Delivered to Consignee,04-08-2026,04-08-2026 14:15,Pre-paid,5.43766E+13,Contactless Delivery -  Geofence NA,,,,02:17.7,109043,48.64,15:48.6,15:48.6,1,,D2,Forward Shipment,308620847,West Bengal
312672655,SAFELI,2,pbsenterprises10 rp b2brc,20:53.8,01-08-2026 18:05,05-08-2026,`12,", Kakkar smart energy ventures LLP",Lalsot,Sonipat,safeli shyam electric motors,,131028,1,04-08-2026,04-08-2026,Sonipat_Sector42_P (Haryana),06-08-2026 11:57,Delivered,Delivered,Delivered to Consignee,05-08-2026,04-08-2026 12:09,Pre-paid,5.43766E+13,Clean POD | As per POD audit,,,,46:20.8,45000,59.66,09:29.4,09:29.4,1,,B,Forward Shipment,309757605,Haryana
311787822,B48281B22J14147  5554040,2,pbsenterprises10 rp b2brc,46:13.1,17-07-2026 16:06,21-07-2026,`016/26-27,"MIHIR E BIKE, MIHIR E BIKE",Ahmedabad,Gandhinagar,jalaram lithium battery ampere b2b,,382028,1,21-07-2026,21-07-2026,Gandhinagar_Sector25_D (Gujarat),21-07-2026 11:54,Delivered,Delivered,Delivered to Consignee,20-07-2026,21-07-2026 11:54,Pre-paid,5.43766E+13,Contactless Delivery -  Geofence verified,,,,24:42.2,47200,8.38,54:30.9,54:30.9,1,,A,Forward Shipment,305941517,Gujarat
312092973,REDON,3,pbsenterprises10 rp b2brc,27:21.9,22-07-2026 18:30,27-07-2026,`425,"REDON LITHIUM BATTERIES LLP, .",Robertsganj,Noida,digital bharat,,201308,1,27-07-2026,27-07-2026,Noida_Surajpur_L (Uttar Pradesh),27-07-2026 17:55,Delivered,Delivered,Delivered to Consignee,27-07-2026,27-07-2026 17:55,Pre-paid,5.43766E+13,Geofence verified,,,,02:40.9,45000,11.8,55:15.4,55:15.4,1,,D1,Forward Shipment,306987436,Uttar Pradesh
311477428,B60381D23B04246  5489956,2,pbsenterprises10 rp b2brc,19:29.3,11-07-2026 14:08,17-07-2026,`7539,"Arya Motors, Arya Motors",Salem,Sitamarhi,oxygen energy enterprises ampere,,843302,1,17-07-2026,17-07-2026,Sitamarhi_Punaura_D (Bihar),18-07-2026 10:13,Delivered,Delivered,Delivered to Consignee,17-07-2026,17-07-2026 18:13,Pre-paid,5.43766E+13,Clean POD | As per POD audit,,,,37:59.4,49000,16.15,13:36.9,13:36.9,1,,D2,Forward Shipment,304495125,Bihar
310946546,B60381A22B18217 B60381A22B18217,2,pbsenterprises10 rp b2brc,03:58.9,06-07-2026 17:32,09-07-2026,`008/26-27,"HITEK SALES, HITEK SALES",Ahmedabad,Kadodara,jalaram lithium battery ampere b2b,,395004,1,09-07-2026,09-07-2026,Surat_Kadodara1_L (Gujarat),11-07-2026 10:18,Delivered,Delivered,Delivered to Consignee,09-07-2026,09-07-2026 19:07,Pre-paid,5.43766E+13,Clean POD | As per POD audit,,,,05:11.1,47200,13.28,07:48.4,07:48.4,1,,B,Forward Shipment,303158792,Gujarat
312850404,DCGN-9826/26-27,2,pbsenterprises10 rp b2brc,26:43.6,07-08-2026 19:28,12-08-2026,`DCGN-9826/26-27,"SHREE HARI TRADERS , .",Noida,Mirzapur,fujiyama power system (panel),,231001,2,10-08-2026,12-08-2026,Mirzapur_Natwa_D (Uttar Pradesh),12-08-2026 12:56,Dispatched,Undelivered,Out for Delivery,11-08-2026,,Pre-paid,5.43766E+13,,,,,18:29.6,34527,67,,,,,D1,Forward Shipment,311278018,Uttar Pradesh
311446357,B111001390270793-5557967,2,pbsenterprises10 rp b2brc,55:09.8,11-07-2026 21:19,17-07-2026,`290,"KABRA EXTRUSION TECHNIK LTDBATTRIXX , KABRA EXTRUSION TECHNIK LTDBATTRIXX",Baripada,Pune,maa ambika enterprises,,410501,1,18-07-2026,18-07-2026,Pune_Bhamboli_L (Maharashtra),18-07-2026 19:52,Delivered,Delivered,Delivered to Consignee,17-07-2026,18-07-2026 14:53,Pre-paid,5.43766E+13,Clean POD | As per POD audit,,,,48:08.4,49000,20.24,53:52.0,53:52.0,1,,D2,Forward Shipment,304309887,Maharashtra
311049099,B60382C22B02 5495005,2,pbsenterprises10 rp b2brc,27:04.1,04-07-2026 20:10,09-07-2026,`1055,"REALTY SHIELD SERVICES PVT LTD, REALTY SHIELD SERVICES PVT LTD",Salem,Hyderabad,oxygen energy enterprises ampere,,500072,1,09-07-2026,09-07-2026,Hyderabad_BalanagarPhase2_L (Telangana),09-07-2026 13:01,Delivered,Delivered,Delivered to Consignee,09-07-2026,09-07-2026 13:01,Pre-paid,5.43766E+13,Contactless Delivery -  Geofence verified,,,,07:43.0,49000,16.05,01:18.9,01:18.9,1,,D1,Forward Shipment,302758951,Telangana
311755550,A48281C24H09453-5559002,2,pbsenterprises10 rp b2brc,50:25.6,17-07-2026 17:17,22-07-2026,`781,"KAMAL LAXMI INDUSTRIES-AMPERE, KAMAL LAXMI INDUSTRIES-AMPERE",Durgapur,Raipur,p. s. jivraj distribution llp,,492015,1,22-07-2026,22-07-2026,Raipur_Devpuri_L (Chhattisgarh),29-07-2026 15:16,Delivered,Delivered,Delivered to Consignee,22-07-2026,22-07-2026 17:56,Pre-paid,5.43766E+13,Clean POD | As per POD audit,,,,19:00.4,49000,10.42,56:23.3,56:23.3,1,,D1,Forward Shipment,305768179,Chhattisgarh
311938660,B1_51105_B_128371,2,pbsenterprises10 rp b2brc,35:40.5,21-07-2026 11:06,27-07-2026,`DC/UEPL/BHGP/099,"KABRA EXTRUSION TECHNIK-GURUGRAM , KABRA EXTRUSION TECHNIK-GURUGRAM",Bhagalpur,Gurgaon,upgrid bhagalpur wh0085,,122004,2,28-07-2026,30-07-2026,Gurgaon_Sihi_L (Haryana),31-07-2026 12:49,Delivered,Delivered,Delivered to Consignee,27-07-2026,30-07-2026 17:36,Pre-paid,5.43766E+13,Clean POD | As per POD audit,,,,05:08.5,27081,51.16,36:39.1,36:39.1,1,,D1,Forward Shipment,306652882,Haryana
311892716,DCGN-7923/26-27,2,pbsenterprises10 rp b2brc,56:06.9,20-07-2026 18:51,27-07-2026,`DCGN-7923/26-27,"SUNBOLT ENERGY_Pro, .",Noida,Barki Saria,fujiyama power system (panel),,825322,1,27-07-2026,27-07-2026,BarkiSaria_Bagodar_D (Jharkhand),27-07-2026 16:47,Delivered,Delivered,Delivered to Consignee,25-07-2026,27-07-2026 16:47,Pre-paid,5.43766E+13,Contactless Delivery -  Geofence NA,,,,44:14.7,105282,111,47:52.6,47:52.6,1,,D1,Forward Shipment,306596899,Jharkhand
312606357,A48281F24H06279  5559051,2,pbsenterprises10 rp b2brc,21:34.8,01-08-2026 13:29,05-08-2026,`85499,", P. R.M.A MOTORS",Salem,Tuticorin,oxygen energy enterprises ampere,,628002,2,05-08-2026,06-08-2026,Tuticorin_Krishnarjpurm_D (Tamil Nadu),07-08-2026 13:00,Delivered,Delivered,Delivered to Consignee,04-08-2026,06-08-2026 16:53,Pre-paid,5.43766E+13,Clean POD | As per POD audit,,,,55:28.2,49000,10.45,59:47.5,53:15.5,2,,B,Forward Shipment,309484588,Tamil Nadu
312856740,A60391I124A29487 5558482,2,pbsenterprises10 rp b2brc,42:42.0,06-08-2026 20:31,12-08-2026,`721,"SADGURU AUTO, SADGURU AUTO",Salem,Karad,oxygen energy enterprises ampere,,415124,1,12-08-2026,12-08-2026,Karad_Malkapur1_D (Maharashtra),12-08-2026 10:46,Dispatched,Undelivered,Out for Delivery,12-08-2026,,Pre-paid,5.43766E+13,,,,,47:52.8,49000,18.58,,,,,D1,Forward Shipment,FMINC_a7619530-91a7-11f1-b710-37db00bbd465,Maharashtra
312926574,B112004450_124704,2,pbsenterprises10 rp b2brc,39:08.4,07-08-2026 14:42,11-08-2026,`UEPIND246,"KABRA EXTRUSION TECHNIK LTDBATTRIXX , KABRA EXTRUSION TECHNIK LTDBATTRIXX",Indore,Pune,upgrid wh0090 indore,,410501,0,,,Indore_Dakachya_GW (Madhya Pradesh),12-08-2026 05:09,In Transit,Undelivered,Consignment Dispatched from Origin City,11-08-2026,,Pre-paid,5.43766E+13,,,,,,20001,51,,,,,D1,Forward Shipment,311134599,Maharashtra
311813740,DCGN-7921/26-27,2,pbsenterprises10 rp b2brc,57:55.1,18-07-2026 21:26,25-07-2026,`DCGN-7921/26-27,"GALAXY ELECTRONICS, .",Noida,Vadnagar,fujiyama power system (panel),,384315,1,25-07-2026,25-07-2026,Vadnagar_BsstdDPP_D (Gujarat),25-07-2026 11:29,Delivered,Delivered,Delivered to Consignee,25-07-2026,25-07-2026 11:29,Pre-paid,5.43766E+13,Contactless Delivery -  Geofence not verified,,,,55:07.7,36967,50.54,29:49.8,29:49.8,1,,D1,Forward Shipment,FMINC_2fe7cf82-82c1-11f1-bbfc-291932d3a787,Gujarat
312292548,DCGN-8838/26-27,2,pbsenterprises10 rp b2brc,09:44.0,27-07-2026 19:31,31-07-2026,`DCGN-8838/26-27,"DIMPY ELECTRONICS SERVICE , .",Noida,Saharanpur,fujiyama power system (panel),,247001,1,03-08-2026,03-08-2026,Saharanpur_Madhonagar_P (Uttar Pradesh),04-08-2026 11:36,Delivered,Delivered,Delivered to Consignee,31-07-2026,03-08-2026 20:03,Pre-paid,5.43766E+13,Clean POD | As per POD audit,,,,13:41.8,22262,48.45,03:26.7,03:26.7,1,,B,Forward Shipment,308328531,Uttar Pradesh
311352932,DCGN-7219/26-27,2,pbsenterprises10 rp b2brc,34:30.5,09-07-2026 18:34,13-07-2026,`DCGN-7219/26-27,"Satish Kumar  5553F, .",Noida,Hisar,fujiyama power system (panel),,125001,1,15-07-2026,15-07-2026,Hisar_Pirawali_H (Haryana),16-07-2026 15:39,Delivered,Delivered,Delivered to Consignee,13-07-2026,15-07-2026 17:45,Pre-paid,5.43766E+13,Clean POD | As per POD audit,,,,25:36.1,120595,117,45:17.8,45:17.8,1,,B,Forward Shipment,303931375,Haryana
313012451,B111001390264898-5563440,2,pbsenterprises10 rp b2brc,33:39.8,,,`894,"KABRA EXTRUSION TECHNIK LTDBATTRIXX , KABRA EXTRUSION TECHNIK LTDBATTRIXX",Chandikhol,Pune,green wheels,,410501,0,,,Chandikhol_Gandhichhak_D (Orissa),08-08-2026 19:57,Manifested,Undelivered,Consignment Manifested,,,Pre-paid,5.43766E+13,,,,,,49000,20,,,,,D2,Forward Shipment,,Maharashtra
312146925,GN-6023/26-27,3,pbsenterprises10 rp b2brc,21:25.8,23-07-2026 20:18,01-08-2026,`GN-6023/26-27,"RINSON AV WO KERALA, .",Noida,Chalakudy,fujiyama power system (panel),,680684,1,01-08-2026,01-08-2026,Chalakudy_ForestChowk_D (Kerala),01-08-2026 14:25,Delivered,Delivered,Delivered to Consignee,31-07-2026,01-08-2026 14:25,Pre-paid,5.43766E+13,Contactless Delivery -  Geofence NA,,,,33:12.8,59229.98,27.54,26:01.6,26:01.6,1,,D2,Forward Shipment,307540424,Kerala
312789360,rachna ji,3,pbsenterprises10 rp b2brc,42:20.1,04-08-2026 13:47,08-08-2026,`D-010116/26-27,"FUJIYAMA POWER SYSTEMS LIMITED, FUJIYAMA POWER SYSTEMS LIMITED",Dumraon,Noida,rachna ji nitish kumar 1613,,201301,1,10-08-2026,10-08-2026,Noida_Surajpur_L (Uttar Pradesh),10-08-2026 17:01,Dispatched,Undelivered,Out for Delivery,08-08-2026,,Pre-paid,5.43766E+13,,,,,09:49.9,619335,66.7,,,,,D1,Forward Shipment,310459104,Uttar Pradesh
311731666,SAFELI,2,pbsenterprises10 rp b2brc,31:43.3,16-07-2026 18:15,23-07-2026,`AS-218,"KAKKAR SMART ENERGY VENTURES LLP, KAKKAR SMART ENERGY VENTURES LLP",Guwahati,Sonipat,safeli assam kakkar smart energy ventures llp,,131028,1,23-07-2026,23-07-2026,Sonipat_Sector42_P (Haryana),24-07-2026 20:26,Delivered,Delivered,Delivered to Consignee,23-07-2026,23-07-2026 16:35,Pre-paid,5.43766E+13,Clean POD | As per POD audit,,,,32:19.5,35000,28.86,36:06.5,36:06.5,1,,E,Forward Shipment,305703006,Haryana
311135598,DCGN-6819/26-27,2,pbsenterprises10 rp b2brc,41:05.7,04-07-2026 20:22,11-07-2026,`DCGN-6819/26-27,"SUHANEY & SONS  , SUHANEY & SONS",Noida,Shahdol,fujiyama power system (panel),,484001,1,11-07-2026,11-07-2026,Shahdol_Jamui_I (Madhya Pradesh),11-07-2026 19:19,Delivered,Delivered,Delivered to Consignee,11-07-2026,11-07-2026 19:19,Pre-paid,5.43766E+13,Contactless Delivery -  Geofence verified,,,,45:18.4,121766,116.5,19:10.8,19:10.8,1,,D1,Forward Shipment,302580087,Madhya Pradesh
312738712,DCGN-9667/26-27,2,pbsenterprises10 rp b2brc,10:16.6,03-08-2026 19:16,07-08-2026,`DCGN-9667/26-27,"GURU NANAK ELECTRONICS, .",Noida,Moga,fujiyama power system (panel),,142001,2,06-08-2026,07-08-2026,Moga_HardevNagar_I (Punjab),08-08-2026 22:28,Delivered,Delivered,Delivered to Consignee,07-08-2026,07-08-2026 18:00,Pre-paid,5.43766E+13,Clean POD | As per POD audit,,,,10:04.6,37578,51.5,53:21.6,00:29.5,2,,B,Forward Shipment,310160744,Punjab
312396520,DCGN-9025/26-27,2,pbsenterprises10 rp b2brc,19:46.5,28-07-2026 19:30,05-08-2026,`DCGN-9025/26-27,"ZEUS ENERGY CORP LLP, .",Noida,Cochin,fujiyama power system (panel),,683503,1,04-08-2026,04-08-2026,Cochin_Kalamassery_H (Kerala),05-08-2026 18:35,Delivered,Delivered,Delivered to Consignee,05-08-2026,04-08-2026 17:45,Pre-paid,5.43766E+13,Clean POD | As per POD audit,,,,14:45.5,27195,33.33,45:20.4,45:20.4,1,,D2,Forward Shipment,308620847,Kerala
312564639,SAFELI,2,pbsenterprises10 rp b2brc,17:09.1,31-07-2026 18:52,04-08-2026,`54,"KAKKAR SMART ENERGY VENTURES LLP, KAKKAR SMART ENERGY VENTURES LLP",Agra,Sonipat,safeli gupta bettery rickshaw,,131028,1,08-08-2026,08-08-2026,Sonipat_Sector42_P (Haryana),10-08-2026 15:05,Delivered,Delivered,Delivered to Consignee,04-08-2026,08-08-2026 18:06,Pre-paid,5.43766E+13,Clean POD | As per POD audit,,,,22:59.0,15000,56.75,07:04.9,07:04.9,1,,B,Forward Shipment,309267579,Haryana
312406979,B111001390208642-5560562,2,pbsenterprises10 rp b2brc,10:20.9,29-07-2026 18:04,05-08-2026,`911,"KABRA EXTRUSION TECHNIK LTDBATTRIXX , KABRA EXTRUSION TECHNIK LTDBATTRIXX",Gwalior,Pune,uppal electric mobility,,410501,1,07-08-2026,07-08-2026,Pune_Bhamboli_L (Maharashtra),08-08-2026 22:20,Delivered,Delivered,Delivered to Consignee,05-08-2026,07-08-2026 18:23,Pre-paid,5.43766E+13,Clean POD | As per POD audit,,,,39:33.5,49000,19.9,23:38.1,23:38.1,1,,D1,Forward Shipment,308672295,Maharashtra
311107805,Supreme,3,pbsenterprises10 rp b2brc,37:52.8,07-07-2026 19:51,15-07-2026,`SLE/26-27/00205,"POWER SINE TECHNOLOGIES, .",Noida,Kozhikode,supreme lithium energy noida 63,,673645,1,15-07-2026,15-07-2026,Kozhikode_Central_H (Kerala),16-07-2026 21:13,Delivered,Delivered,Delivered to Consignee,15-07-2026,15-07-2026 14:59,Pre-paid,5.43766E+13,Clean POD | As per POD audit,,,,34:57.1,44415,24.2,59:50.3,59:50.3,1,,D2,Forward Shipment,303404632,Kerala
312203165,B112004180_121801,2,pbsenterprises10 rp b2brc,45:34.0,24-07-2026 17:09,27-07-2026,`DC/UEPL/STP/459,"KABRA EXTRUSION TECHNIK-GURUGRAM , KABRA EXTRUSION TECHNIK-GURUGRAM",Sitapur,Gurgaon,upgrid sitapur wh0021,,122004,2,29-07-2026,01-08-2026,Gurgaon_Sihi_L (Haryana),01-08-2026 21:41,Delivered,Delivered,Delivered to Consignee,27-07-2026,01-08-2026 18:09,Pre-paid,5.43766E+13,Clean POD | As per POD audit,,,,21:59.1,20001,20.08,09:44.7,09:44.7,1,,B,Forward Shipment,307720591,Haryana
312322861,B1110013901742255559423,2,pbsenterprises10 rp b2brc,11:44.8,27-07-2026 14:00,29-07-2026,`6652,"SRI BIKES, SRI BIKES",Salem,Coimbatore,oxygen energy enterprises ampere,,641664,2,30-07-2026,30-07-2026,Coimbatore_Pudhupalayam_GW (Tamil Nadu),31-07-2026 18:06,Delivered,Delivered,Delivered to Consignee,29-07-2026,30-07-2026 18:59,Pre-paid,5.43766E+13,Clean POD | As per POD audit,,,,15:40.3,49000,16.74,59:20.7,59:20.7,1,,B,Forward Shipment,308355727,Tamil Nadu
311612701,B111001390272698-5559274,2,pbsenterprises10 rp b2brc,35:39.4,14-07-2026 18:41,20-07-2026,`886,"KABRA EXTRUSION TECHNIK LTDBATTRIXX , KABRA EXTRUSION TECHNIK LTDBATTRIXX",Namakkal,Pune,krs enterprises-namakkal,,410501,1,21-07-2026,21-07-2026,Pune_Bhamboli_L (Maharashtra),22-07-2026 18:18,Delivered,Delivered,Delivered to Consignee,20-07-2026,21-07-2026 17:43,Pre-paid,5.43766E+13,Clean POD | As per POD audit,,,,31:27.6,49000,20.59,43:52.8,43:52.8,1,,D1,Forward Shipment,305166340,Maharashtra
311787317,B60382H23K03076  5489594,2,pbsenterprises10 rp b2brc,40:23.2,17-07-2026 16:06,21-07-2026,`017/26-27,"ALF ELECTRIC VEHICLE PRIVATE LIMITED, ALF ELECTRIC VEHICLE PRIVATE LIMITED",Ahmedabad,Nagpur,jalaram lithium battery ampere b2b,,440013,1,21-07-2026,21-07-2026,Nagpur_Khapari_GW (Maharashtra),21-07-2026 15:02,Delivered,Delivered,Delivered to Consignee,21-07-2026,21-07-2026 15:02,Pre-paid,5.43766E+13,Contactless Delivery -  Geofence verified,,,,05:16.6,47200,15.64,02:23.8,02:23.8,1,,D1,Forward Shipment,305941517,Maharashtra
312980019,B111001390272576-5563049,2,pbsenterprises10 rp b2brc,11:47.4,08-08-2026 16:07,12-08-2026,`678,"KABRA EXTRUSION TECHNIK LTDBATTRIXX , KABRA EXTRUSION TECHNIK LTDBATTRIXX",Chhindwara,Pune,jalsa automobile,,410501,1,11-08-2026,11-08-2026,Pune_Bhamboli_L (Maharashtra),11-08-2026 16:20,Dispatched,Undelivered,Out for Delivery,12-08-2026,,Pre-paid,5.43766E+13,,,,,52:32.0,49000,19.84,,,,,D1,Forward Shipment,311403232,Maharashtra
312308723,DCGN-8736/26-27,2,pbsenterprises10 rp b2brc,23:06.1,27-07-2026 19:32,03-08-2026,`DCGN-8736/26-27,"M/S IT GROUP, .",Noida,Ranchi,fujiyama power system (panel),,834001,2,01-08-2026,08-08-2026,Ranchi_Rampur_H (Jharkhand),09-08-2026 15:31,Delivered,Delivered,Delivered to Consignee,03-08-2026,08-08-2026 17:24,Pre-paid,5.43766E+13,Clean POD | As per POD audit,,,,58:54.8,37757,51,10:46.5,24:57.7,2,,D1,Forward Shipment,308328531,Jharkhand
312155568,B111001390232108-5560842,2,pbsenterprises10 rp b2brc,34:02.9,24-07-2026 19:13,30-07-2026,`28,"KABRA EXTRUSION TECHNIK LTDBATTRIXX , KABRA EXTRUSION TECHNIK LTDBATTRIXX",Neemuch,Pune,airan green automobiles,,410501,1,31-07-2026,31-07-2026,Pune_Bhamboli_L (Maharashtra),01-08-2026 21:40,Delivered,Delivered,Delivered to Consignee,30-07-2026,31-07-2026 16:33,Pre-paid,5.43766E+13,Clean POD | As per POD audit,,,,27:55.8,18000,20.23,33:28.7,33:28.7,1,,D1,Forward Shipment,307507955,Maharashtra
312163514,Battery,2,pbsenterprises10 rp b2brc,59:52.7,23-07-2026 19:00,29-07-2026,`01,"kakkar smart energy , kakkar",Muzaffarpur,Sonipat,safeli maa bhawani agency,,131028,1,27-07-2026,27-07-2026,Sonipat_Sector42_P (Haryana),29-07-2026 10:41,Delivered,Delivered,Delivered to Consignee,29-07-2026,27-07-2026 14:31,Pre-paid,5.43766E+13,Clean POD | As per POD audit,,,,17:11.4,45000,59.26,31:50.0,31:50.0,1,,D1,Forward Shipment,307439235,Haryana
312213988,A48281F24G31144-5556273,2,pbsenterprises10 rp b2brc,40:36.4,25-07-2026 12:15,30-07-2026,`905,"KAMAL LAXMI INDUSTRIES-AMPERE, KAMAL LAXMI INDUSTRIES-AMPERE",Kolkata,Raipur,new db enterprise,,492015,1,28-07-2026,28-07-2026,Raipur_Devpuri_L (Chhattisgarh),29-07-2026 15:23,Delivered,Delivered,Delivered to Consignee,30-07-2026,28-07-2026 13:14,Pre-paid,5.43766E+13,Clean POD | As per POD audit,,,,49:32.2,49000,10.43,14:59.4,14:59.4,1,,D1,Forward Shipment,307758989,Chhattisgarh
312341492,B111001390225458-5560316,2,pbsenterprises10 rp b2brc,09:02.6,28-07-2026 16:02,04-08-2026,`1,"KABRA EXTRUSION TECHNIK LTDBATTRIXX , KABRA EXTRUSION TECHNIK LTDBATTRIXX",Lakhimpur,Pune,gravity enterprises,,410501,1,06-08-2026,06-08-2026,Pune_Bhamboli_L (Maharashtra),08-08-2026 21:34,Delivered,Delivered,Delivered to Consignee,04-08-2026,07-08-2026 19:39,Pre-paid,5.43766E+13,Clean POD | As per POD audit,,,,45:55.7,46645,20.53,39:47.2,39:47.2,1,,D2,Forward Shipment,308394661,Maharashtra
313017261,B111000139025674-5563035,2,pbsenterprises10 rp b2brc,34:13.0,10-08-2026 13:26,14-08-2026,`679,"KABRA EXTRUSION TECHNIK LTDBATTRIXX , KABRA EXTRUSION TECHNIK LTDBATTRIXX",Chhindwara,Pune,jalsa automobile,,410501,0,,,Nagpur_Khapari_GW (Maharashtra),12-08-2026 13:12,In Transit,Undelivered,Consignment Dispatched from Origin City,14-08-2026,,Pre-paid,5.43766E+13,,,,,,49000,19.68,,,,,D1,Forward Shipment,311628313,Maharashtra
312981163,DCGN-10073/26-27,2,pbsenterprises10 rp b2brc,26:52.7,,,`DCGN-10073/26-27,"NEERAJ SHUKLA, .",Noida,Bahraich,fujiyama power system (panel),,271801,0,,,Noida_Bairangpur_GW (Uttar Pradesh),07-08-2026 20:09,Manifested,Undelivered,Consignment Manifested,,,Pre-paid,5.43766E+13,,,,,,123156,20,,,,,D1,Forward Shipment,,Uttar Pradesh
312670863,B111001390206594-5561288,2,pbsenterprises10 rp b2brc,51:17.7,01-08-2026 14:36,04-08-2026,`926,"KABRA EXTRUSION TECHNIK LTDBATTRIXX , KABRA EXTRUSION TECHNIK LTDBATTRIXX",Ahmedabad,Pune,mihir e-bikes,,410501,1,07-08-2026,07-08-2026,Pune_Bhamboli_L (Maharashtra),08-08-2026 16:57,Delivered,Delivered,Delivered to Consignee,04-08-2026,07-08-2026 18:16,Pre-paid,5.43766E+13,Clean POD | As per POD audit,,,,01:28.7,49000,20.16,16:41.8,16:41.8,1,,C1,Forward Shipment,309771014,Maharashtra
311760569,DCGN-7853/26-27,2,pbsenterprises10 rp b2brc,38:22.4,18-07-2026 21:26,24-07-2026,`DCGN-7853/26-27,"MEGA POWER PRODUCT, .",Noida,Rajkot,fujiyama power system (panel),,360005,1,23-07-2026,23-07-2026,Rajkot_Amargadh_H (Gujarat),25-07-2026 14:27,Delivered,Delivered,Delivered to Consignee,24-07-2026,23-07-2026 15:26,Pre-paid,5.43766E+13,Clean POD | As per POD audit,,,,07:14.5,8206,57.46,26:39.5,26:39.5,1,,D1,Forward Shipment,FMINC_2fe7cf82-82c1-11f1-bbfc-291932d3a787,Gujarat
311953737,REDON,2,pbsenterprises10 rp b2brc,18:22.1,21-07-2026 22:40,27-07-2026,`MA/038,"REDON LITHIUM BATTERIES LLP, .",Dakshin Barasat,Noida,maa rimi auto,,201308,2,27-07-2026,29-07-2026,Noida_Surajpur_L (Uttar Pradesh),30-07-2026 15:53,Delivered,Delivered,Delivered to Consignee,27-07-2026,29-07-2026 17:41,Pre-paid,5.43766E+13,Clean POD | As per POD audit,,,,03:46.4,35000,15.22,41:08.6,41:08.6,1,,D2,Forward Shipment,306679168,Uttar Pradesh
310939247,B111001390205728- 5555708,6,pbsenterprises10 rp b2brc,08:50.0,01-07-2026 17:15,07-07-2026,`239,"KABRA EXTRUSION TECHNIK LTDBATTRIXX , KABRA EXTRUSION TECHNIK LTDBATTRIXX",Bhilwara,Pune,darsh e motors,,410501,1,09-07-2026,09-07-2026,Pune_Bhamboli_L (Maharashtra),10-07-2026 16:47,Delivered,Delivered,Delivered to Consignee,07-07-2026,09-07-2026 16:59,Pre-paid,5.43766E+13,Clean POD | As per POD audit,,,,35:46.3,49000,20,59:36.5,59:36.5,1,,D1,Forward Shipment,301977366,Maharashtra
310938814,A6039142B17188-5551144,2,pbsenterprises10 rp b2brc,02:44.7,06-07-2026 17:01,09-07-2026,`894,"OXYGEN ENERGY ENTERPRISES-AMPERE, OXYGEN ENERGY ENTERPRISES-AMPERE",Bangalore,Salem,om sai ampere,,636006,1,09-07-2026,09-07-2026,Salem_Ramalingapuram_H (Tamil Nadu),10-07-2026 15:19,Delivered,Delivered,Delivered to Consignee,09-07-2026,09-07-2026 17:24,Pre-paid,5.43766E+13,Clean POD | As per POD audit,,,,10:35.9,49000,18.36,24:56.5,24:56.5,1,,B,Forward Shipment,303135853,Tamil Nadu
310942761,Bounce,2,pbsenterprises10 rp b2brc,02:36.0,01-07-2026 16:07,07-07-2026,`DC035,"Exicom Energy Systems Private Limited, .",Behrampur,Gurgaon,bounce nishani motors,,122015,1,09-07-2026,09-07-2026,Gurgaon_Sector17_L (Haryana),10-07-2026 16:19,Delivered,Delivered,Delivered to Consignee,07-07-2026,09-07-2026 14:42,Pre-paid,5.43766E+13,Clean POD | As per POD audit,,,,45:12.2,45999,26.12,42:25.0,42:25.0,1,,D2,Forward Shipment,301989682,Haryana
311186952,B111001390279144-5557494,2,pbsenterprises10 rp b2brc,41:44.2,09-07-2026 15:06,14-07-2026,`788,"KABRA EXTRUSION TECHNIK LTDBATTRIXX , KABRA EXTRUSION TECHNIK LTDBATTRIXX",Jamshedpur,Pune,steel city automobiles,,410501,2,14-07-2026,15-07-2026,Pune_Bhamboli_L (Maharashtra),16-07-2026 19:38,Delivered,Delivered,Delivered to Consignee,14-07-2026,15-07-2026 13:42,Pre-paid,5.43766E+13,Clean POD | As per POD audit,,,,22:42.0,49000,19.26,42:31.9,42:31.9,1,,D2,Forward Shipment,303752783,Maharashtra
311733980,A60380523B28151  5492827,2,pbsenterprises10 rp b2brc,04:50.8,17-07-2026 20:59,24-07-2026,`6580,"NATIONAL MOTORS, NATIONAL MOTORS",Raipur,Sikar,kamal laxami ampere brc,,332001,1,24-07-2026,24-07-2026,Sikar_IndustrialArea_I (Rajasthan),24-07-2026 14:18,Delivered,Delivered,Delivered to Consignee,24-07-2026,24-07-2026 14:18,Pre-paid,5.43766E+13,Contactless Delivery -  Geofence verified,,,,01:05.1,49000,17.01,18:20.3,18:20.3,1,,D1,Forward Shipment,305941250,Rajasthan
312470176,B111001390256082-5561522,2,pbsenterprises10 rp b2brc,43:32.6,29-07-2026 17:03,03-08-2026,`897,"KABRA EXTRUSION TECHNIK LTDBATTRIXX , KABRA EXTRUSION TECHNIK LTDBATTRIXX",Gadag,Pune,om motors-gadag,,410501,1,08-08-2026,08-08-2026,Pune_Bhamboli_L (Maharashtra),11-08-2026 15:47,Delivered,Delivered,Delivered to Consignee,03-08-2026,10-08-2026 18:57,Pre-paid,5.43766E+13,Clean POD | As per POD audit,,,,25:35.8,49000,20.25,57:20.4,57:20.4,1,,D1,Forward Shipment,308942692,Maharashtra
308192409,4,2,pbsenterprises10 rp b2brc,48:48.6,21-07-2026 17:49,27-07-2026,`004,Kabra Extrusiontechnik LTD,Bangalore,Gurgaon,geo tech (kab),,122004,1,27-07-2026,27-07-2026,Gurgaon_Sihi_L (Haryana),28-07-2026 16:39,Delivered,Delivered,Delivered to Consignee,27-07-2026,27-07-2026 16:15,Pre-paid,5.43766E+13,Clean POD | As per POD audit,,,,54:44.9,11577,14.43,15:16.4,15:16.4,1,,C2,Forward Shipment,306689227,Haryana
311643823,RACHNA JI,2,pbsenterprises10 rp b2brc,09:07.4,18-07-2026 17:23,22-07-2026,`SM/NR/26/0483913,"RISHIKESH PAL, FUJIYAMA POWER SYSTEMS LIMITED-NOIDA 51,52",Surat,Noida,rachna ji anand shankar khushwaha 1680,,201308,1,22-07-2026,22-07-2026,Noida_Surajpur_L (Uttar Pradesh),24-07-2026 14:23,Delivered,Delivered,Delivered to Consignee,22-07-2026,23-07-2026 12:29,Pre-paid,5.43766E+13,Clean POD | As per POD audit,,,,51:53.0,13593,48.8,29:30.6,29:30.6,1,,D1,Forward Shipment,306196171,Uttar Pradesh
310995619,A60391H124A12372-5555178,2,pbsenterprises10 rp b2brc,18:00.8,03-07-2026 19:55,09-07-2026,`1042,"AIMS ITALIA, AIMS ITALIA",Salem,Mumbai,oxygen energy enterprises ampere,,400072,1,13-07-2026,13-07-2026,Mumbai_AndheriEast_L (Maharashtra),13-07-2026 14:22,Delivered,Delivered,Delivered to Consignee,09-07-2026,13-07-2026 14:22,Pre-paid,5.43766E+13,Contactless Delivery -  Geofence verified,,,,06:40.2,49000,18.16,22:54.1,22:54.1,1,,D1,Forward Shipment,FMINC_0f0a5b72-76eb-11f1-80e1-19a9f13314d9,Maharashtra
311968517,LN72611700566EEO,2,pbsenterprises10 rp b2brc,08:09.1,21-07-2026 19:41,27-07-2026,`11,"KABRA EXTRUSION TECHNIK-GURUGRAM , KABRA EXTRUSION TECHNIK-GURUGRAM",Begusarai,Gurgaon,m.s. mobile solution (kab),,122004,1,27-07-2026,27-07-2026,Gurgaon_Sihi_L (Haryana),29-07-2026 15:19,Delivered,Delivered,Delivered to Consignee,27-07-2026,27-07-2026 16:17,Pre-paid,5.43766E+13,Clean POD | As per POD audit,,,,43:07.5,49000,40.04,17:48.5,17:48.5,1,,D1,Forward Shipment,306725497,Haryana
311605072,B112004450_126996,17,pbsenterprises10 rp b2brc,17:32.9,14-07-2026 13:21,18-07-2026,`DC/UPE/BLR281,"KABRA EXTRUSION TECHNIK LTDBATTRIXX , KABRA EXTRUSION TECHNIK LTDBATTRIXX",Bangalore,Pune,battery smart bangalore-wh0025,,410501,1,21-07-2026,21-07-2026,Pune_Bhamboli_L (Maharashtra),22-07-2026 17:45,Delivered,Delivered,Delivered to Consignee,18-07-2026,21-07-2026 17:43,Pre-paid,5.43766E+13,Clean POD | As per POD audit,,,,00:40.9,320016,20.98,43:23.4,43:23.4,1,,C1,Forward Shipment,305146101,Maharashtra
311861928,SAFELI,2,pbsenterprises10 rp b2brc,12:14.7,18-07-2026 15:32,22-07-2026,`44,"KAKKAR SMART ENERGY VENTURES LLP, KAKKAR SMART ENERGY VENTURES LLP",Muzaffarnagar,Sonipat,safeli dev motors,,131028,1,23-07-2026,23-07-2026,Sonipat_Sector42_P (Haryana),24-07-2026 17:04,Delivered,Delivered,Delivered to Consignee,22-07-2026,23-07-2026 16:37,Pre-paid,5.43766E+13,Clean POD | As per POD audit,,,,32:22.5,15000,48.5,37:19.0,37:19.0,1,,B,Forward Shipment,306224837,Haryana
311184926,Bounce,2,pbsenterprises10 rp b2brc,14:12.3,06-07-2026 14:30,09-07-2026,`04,"Clean Electric Private Limited, .",Greater Thane,Pune,bounce forty two ev tech and services pvt ltd,,410501,1,09-07-2026,09-07-2026,Pune_Bhamboli_L (Maharashtra),11-07-2026 16:21,Delivered,Delivered,Delivered to Consignee,09-07-2026,10-07-2026 18:42,Pre-paid,5.43766E+13,Clean POD | As per POD audit,,,,33:27.4,44000,31.1,42:11.8,42:11.8,1,,B,Forward Shipment,303163444,Maharashtra
311862875,B111001390227515-5559442,2,pbsenterprises10 rp b2brc,22:33.1,21-07-2026 15:33,27-07-2026,`213,"KABRA EXTRUSION TECHNIK LTDBATTRIXX , KABRA EXTRUSION TECHNIK LTDBATTRIXX",Dhamtari,Pune,r.k.e automobiles,,410501,1,04-08-2026,04-08-2026,Pune_Bhamboli_L (Maharashtra),05-08-2026 16:46,Delivered,Delivered,Delivered to Consignee,27-07-2026,04-08-2026 16:07,Pre-paid,5.43766E+13,Clean POD | As per POD audit,,,,17:55.6,49000,19.04,07:57.9,07:57.9,1,,D1,Forward Shipment,306912619,Maharashtra
312565198,SAFELI,2,pbsenterprises10 rp b2brc,22:54.1,31-07-2026 19:10,05-08-2026,`61,"KAKKAR SMART ENERGY VENTURES LLP, KAKKAR SMART ENERGY VENTURES LLP",Gorakhpur,Sonipat,safeli mahi motors b2b,,131028,1,04-08-2026,04-08-2026,Sonipat_Sector42_P (Haryana),06-08-2026 11:09,Delivered,Delivered,Delivered to Consignee,05-08-2026,04-08-2026 10:54,Pre-paid,5.43766E+13,Clean POD | As per POD audit,,,,46:09.1,15000,57.4,55:01.0,55:01.0,1,,D1,Forward Shipment,309269799,Haryana
311060117,REDON,3,pbsenterprises10 rp b2brc,38:37.0,03-07-2026 17:13,09-07-2026,`328,"REDON LITHIUM BATTERIES LLP, .",Fatepur,Noida,sn enterprise,,201308,1,09-07-2026,09-07-2026,Noida_Surajpur_L (Uttar Pradesh),10-07-2026 13:18,Delivered,Delivered,Delivered to Consignee,09-07-2026,09-07-2026 18:45,Pre-paid,5.43766E+13,Clean POD | As per POD audit,,,,49:04.4,48000,11.76,46:05.4,46:05.4,1,,C2,Forward Shipment,302502464,Uttar Pradesh
312673061,Bounce,2,pbsenterprises10 rp b2brc,26:47.7,02-08-2026 16:03,10-08-2026,`525,", Clean Electric Private Limited",Delhi,Pune,bounce jangra automobiles,,410501,1,11-08-2026,11-08-2026,Pune_Bhamboli_L (Maharashtra),11-08-2026 15:50,Delivered,Delivered,Delivered to Consignee,10-08-2026,11-08-2026 15:50,Pre-paid,5.43766E+13,Contactless Delivery -  Geofence verified,,,,18:47.5,45000,14.63,50:15.3,50:15.3,1,,C2,Forward Shipment,309779109,Maharashtra
312212931,A48281E24H17033  5558758,2,pbsenterprises10 rp b2brc,30:10.4,24-07-2026 19:31,29-07-2026,`Kamal2095,"ION WHEELS , ION WHEELS",Abhanpur,Bhubaneshwar,kamal laxmi industrie ampere b2b,,751006,1,29-07-2026,29-07-2026,Bhubaneswar_Bampakhuda_GW (Orissa),30-07-2026 18:35,Delivered,Delivered,Delivered to Consignee,29-07-2026,29-07-2026 17:53,Pre-paid,5.43766E+13,Clean POD | As per POD audit,,,,07:22.6,49000,10.22,53:48.1,53:48.1,1,,D1,Forward Shipment,307684135,Orissa
311105566,SAFELI,2,pbsenterprises10 rp b2brc,09:59.0,04-07-2026 18:04,10-07-2026,`6,"KAKKAR SMART ENERGY VENTURES LLP, KAKKAR SMART ENERGY VENTURES LLP",Pichhore,Sonipat,safeli new haji motors,,131028,1,10-07-2026,10-07-2026,Sonipat_Sector42_P (Haryana),12-07-2026 08:54,Delivered,Delivered,Delivered to Consignee,10-07-2026,10-07-2026 19:35,Pre-paid,5.43766E+13,Clean POD | As per POD audit,,,,29:24.1,16999,46.08,35:24.9,35:24.9,1,,B,Forward Shipment,302733652,Haryana
312429906,B111001390192243-5423932,3,pbsenterprises10 rp b2brc,01:22.9,29-07-2026 12:57,03-08-2026,`920,"KAMAL LAXMI INDUSTRIES-AMPERE, KAMAL LAXMI INDUSTRIES-AMPERE",Bhubaneshwar,Raipur,surya autoelectrons,,492015,1,03-08-2026,03-08-2026,Raipur_Devpuri_L (Chhattisgarh),04-08-2026 11:36,Delivered,Delivered,Delivered to Consignee,03-08-2026,03-08-2026 15:15,Pre-paid,5.43766E+13,Clean POD | As per POD audit,,,,02:26.1,49000,16.92,15:09.5,15:09.5,1,,D1,Forward Shipment,308703657,Chhattisgarh
312746020,REDON,2,pbsenterprises10 rp b2brc,19:10.9,04-08-2026 15:18,10-08-2026,`464,"REDON LITHIUM BATTERIES LLP, .",Mumbai,Noida,"shaurya e automative floor-0, a-1, supershwa apartment, s l",,201308,1,08-08-2026,08-08-2026,Noida_Surajpur_L (Uttar Pradesh),10-08-2026 22:58,Delivered,Delivered,Delivered to Consignee,10-08-2026,08-08-2026 16:35,Pre-paid,5.43766E+13,Clean POD | As per POD audit,,,,16:26.3,25000,16.7,35:36.5,35:36.5,1,,C2,Forward Shipment,310238653,Uttar Pradesh
311877192,DCGN-8072/26-27,2,pbsenterprises10 rp b2brc,02:22.9,20-07-2026 18:50,24-07-2026,`DCGN-8072/26-27,"M/S VEDANTA ENTERPRISES , .",Noida,Budaun,fujiyama power system (panel),,243601,1,23-07-2026,23-07-2026,Budaun_KrishnaPuriRd_D (Uttar Pradesh),25-07-2026 12:48,Delivered,Delivered,Delivered to Consignee,24-07-2026,23-07-2026 12:28,Pre-paid,5.43766E+13,Clean POD | As per POD audit,,,,21:01.2,111105,117,28:13.7,28:13.7,1,,B,Forward Shipment,306596899,Uttar Pradesh
311672942,bounce,2,pbsenterprises10 rp b2brc,22:55.4,15-07-2026 22:50,20-07-2026,`00052,"Exicom Energy Systems Private Limited , .",Dehradun,Gurgaon,bounce basheera rider,,122015,1,18-07-2026,18-07-2026,Gurgaon_Sector17_L (Haryana),19-07-2026 16:34,Delivered,Delivered,Delivered to Consignee,20-07-2026,18-07-2026 14:58,Pre-paid,5.43766E+13,Clean POD | As per POD audit,,,,15:33.6,49000,12.88,58:59.6,58:59.6,1,,B,Forward Shipment,305433481,Haryana
312558361,B111001390276608-5562201,3,pbsenterprises10 rp b2brc,24:12.4,31-07-2026 11:11,07-08-2026,`245,"KABRA EXTRUSION TECHNIK LTDBATTRIXX , KABRA EXTRUSION TECHNIK LTDBATTRIXX",Bhilwara,Pune,darsh e motors,,410501,1,07-08-2026,07-08-2026,Pune_Bhamboli_L (Maharashtra),08-08-2026 22:23,Delivered,Delivered,Delivered to Consignee,07-08-2026,07-08-2026 18:07,Pre-paid,5.43766E+13,Clean POD | As per POD audit,,,,16:03.6,49000,20.34,07:19.1,07:19.1,1,,D1,Forward Shipment,309256981,Maharashtra
311726590,SAFELI,2,pbsenterprises10 rp b2brc,32:14.5,17-07-2026 12:45,20-07-2026,`434,"KAKKAR SMART ENERGY VENTURES LLP, KAKKAR SMART ENERGY VENTURES LLP",Kota,Sonipat,safeli plug pana,,131028,1,22-07-2026,22-07-2026,Sonipat_Sector42_P (Haryana),24-07-2026 10:23,Delivered,Delivered,Delivered to Consignee,20-07-2026,22-07-2026 15:04,Pre-paid,5.43766E+13,Clean POD | As per POD audit,,,,39:33.1,15000,47.44,04:54.2,04:54.2,1,,D1,Forward Shipment,305947649,Haryana
312080276,DCGN-8420/26-27,2,pbsenterprises10 rp b2brc,25:25.8,22-07-2026 20:07,27-07-2026,`DCGN-8420/26-27,"M/S SHRI G.S TRADERS, DHURI, .",Noida,Dhuri,fujiyama power system (panel),,148024,1,25-07-2026,25-07-2026,Dhuri_MaheshNagar_D (Punjab),27-07-2026 15:33,Delivered,Delivered,Delivered to Consignee,27-07-2026,25-07-2026 16:57,Pre-paid,5.43766E+13,Clean POD | As per POD audit,,,,51:00.7,16331,60.1,58:05.2,58:05.2,1,,B,Forward Shipment,307136441,Punjab
312061405,DCGN-8341/26-27,3,pbsenterprises10 rp b2brc,54:58.3,23-07-2026 20:17,29-07-2026,`DCGN-8341/26-27,"M/S POWERTRON, .",Noida,Ranchi,fujiyama power system (panel),,834001,1,30-07-2026,30-07-2026,Ranchi_Rampur_H (Jharkhand),31-07-2026 12:50,Delivered,Delivered,Delivered to Consignee,29-07-2026,30-07-2026 15:18,Pre-paid,5.43766E+13,Clean POD | As per POD audit,,,,24:08.8,16225,60.8,19:05.9,19:05.9,1,,D1,Forward Shipment,307540424,Jharkhand
312659988,B111001390228599-5561399,2,pbsenterprises10 rp b2brc,46:47.8,01-08-2026 17:15,07-08-2026,`963,"KABRA EXTRUSION TECHNIK LTDBATTRIXX , KABRA EXTRUSION TECHNIK LTDBATTRIXX",Deesa,Pune,om e motors,,410501,1,10-08-2026,10-08-2026,Pune_Bhamboli_L (Maharashtra),11-08-2026 15:47,Delivered,Delivered,Delivered to Consignee,07-08-2026,10-08-2026 18:59,Pre-paid,5.43766E+13,Clean POD | As per POD audit,,,,22:04.5,49000,10,59:38.6,59:38.6,1,,D1,Forward Shipment,309741401,Maharashtra
312193678,RACHNA JI,2,pbsenterprises10 rp b2brc,51:53.0,25-07-2026 13:25,31-07-2026,`SM/NR/26/0488381,"FUJIYAMA POWER SYSTEMS LIMITED, FUJIYAMA POWER SYSTEMS LIMITED",Srinagar,Noida,rachna ji sudhir munshi 1253,,201301,2,31-07-2026,01-08-2026,Noida_Surajpur_L (Uttar Pradesh),03-08-2026 12:39,Delivered,Delivered,Delivered to Consignee,31-07-2026,03-08-2026 10:08,Pre-paid,5.43766E+13,Clean POD | As per POD audit,,,,51:39.5,47436,53.94,08:54.4,08:54.4,1,,F,Forward Shipment,307966431,Uttar Pradesh
311553707,E2W4830A29250508-5558833,2,pbsenterprises10 rp b2brc,24:15.8,14-07-2026 20:44,17-07-2026,`861,"CYGNI ENERGY PRIVATE LIMITED, CYGNI ENERGY PRIVATE LIMITED",Hyderabad,Hyderabad,ankur motors,,501359,1,16-07-2026,16-07-2026,Hyderabad_Shamshbd_H (Telangana),25-07-2026 14:14,Delivered,Delivered,Delivered to Consignee,17-07-2026,16-07-2026 18:43,Pre-paid,5.43766E+13,Clean POD | As per POD audit,,,,11:43.2,49000,60,43:41.8,43:41.8,1,,B,Forward Shipment,304905125,Telangana
312757811,B111001390190563  5555904,2,pbsenterprises10 rp b2brc,37:40.3,04-08-2026 16:40,11-08-2026,`Kamal8340,"KRISHNA ENTERPRISES, KRISHNA ENTERPRISES",Abhanpur,Rewa,kamal laxmi industrie ampere b2b,,486001,1,11-08-2026,11-08-2026,Rewa_Godahar_D (Madhya Pradesh),11-08-2026 12:17,Delivered,Delivered,Delivered to Consignee,10-08-2026,11-08-2026 12:17,Pre-paid,5.43766E+13,Geofence not verified,,,,49:52.4,49000,15.88,17:06.6,17:06.6,1,,B,Forward Shipment,310450792,Madhya Pradesh
311476808,BP1K815020E05214   5552007,2,pbsenterprises10 rp b2brc,11:08.9,11-07-2026 14:07,15-07-2026,`7530,"KINGS GROUP, KINGS GROUP",Salem,Alappuzha,oxygen energy enterprises ampere,,688001,1,14-07-2026,14-07-2026,Alappuzha_Bernard_D (Kerala),15-07-2026 13:07,Delivered,Delivered,Delivered to Consignee,15-07-2026,14-07-2026 15:08,Pre-paid,5.43766E+13,Clean POD | As per POD audit,,,,49:30.3,49000,8.87,08:48.7,08:48.7,1,,B,Forward Shipment,304495125,Kerala
310991555,A48281B24I24429-5553729,2,pbsenterprises10 rp b2brc,29:39.4,03-07-2026 19:55,08-07-2026,`1043,"SRI PRASANNA MOTORS , SRI PRASANNA MOTORS",Salem,Visakhapatnam,oxygen energy enterprises ampere,,530026,1,09-07-2026,09-07-2026,Visakhapatnam_Duvvada_H (Andhra Pradesh),10-07-2026 18:49,Delivered,Delivered,Delivered to Consignee,08-07-2026,09-07-2026 13:22,Pre-paid,5.43766E+13,Clean POD | As per POD audit,,,,29:24.3,49000,10.43,22:57.1,22:57.1,1,,D1,Forward Shipment,FMINC_0f0a5b72-76eb-11f1-80e1-19a9f13314d9,Andhra Pradesh
312062374,SAFELI,2,pbsenterprises10 rp b2brc,05:25.1,22-07-2026 17:07,27-07-2026,`23,"KAKKAR SMART ENERGY VENTURES LLP, KAKKAR SMART ENERGY VENTURES LLP",Ayodhya,Sonipat,safeli baba auto sales b2b,,131028,1,27-07-2026,27-07-2026,Sonipat_Sector42_P (Haryana),29-07-2026 10:02,Delivered,Delivered,Delivered to Consignee,27-07-2026,27-07-2026 16:36,Pre-paid,5.43766E+13,Clean POD | As per POD audit,,,,12:59.5,15000,58.9,36:12.5,36:12.5,1,,D1,Forward Shipment,307171977,Haryana
311257296,SAFELI,2,pbsenterprises10 rp b2brc,26:52.5,07-07-2026 18:11,15-07-2026,`AS-191,"RUNU STORE & AUTOMOBILES, RUNU STORE & AUTOMOBILES",Guwahati,Dhubri,safeli assam kakkar smart energy ventures llp,,783331,1,17-07-2026,17-07-2026,Dhubri_Jhagrarpar_D (Assam),18-07-2026 10:12,Delivered,Delivered,Delivered to Consignee,11-07-2026,17-07-2026 15:16,Pre-paid,5.43766E+13,Clean POD | As per POD audit,,,,27:41.1,10000,3.44,16:41.6,16:41.6,1,,E,Forward Shipment,303436641,Assam
311868689,B111001390254914-5559588,2,pbsenterprises10 rp b2brc,29:20.7,21-07-2026 13:54,24-07-2026,`883,"KABRA EXTRUSION TECHNIK LTDBATTRIXX , KABRA EXTRUSION TECHNIK LTDBATTRIXX",Belgaum,Pune,yash auto,,410501,1,24-07-2026,24-07-2026,Pune_Bhamboli_L (Maharashtra),25-07-2026 12:42,Delivered,Delivered,Delivered to Consignee,24-07-2026,24-07-2026 18:57,Pre-paid,5.43766E+13,Clean POD | As per POD audit,,,,09:01.8,49000,20.36,57:46.1,57:46.1,1,,B,Forward Shipment,306912301,Maharashtra
311614208,EA5160W042300335-5556824,2,pbsenterprises10 rp b2brc,54:37.9,14-07-2026 16:57,17-07-2026,`821,"CYGNI ENERGY PRIVATE LIMITED, CYGNI ENERGY PRIVATE LIMITED",Rajahmundry,Hyderabad,sri kalyani agencies,,501359,1,17-07-2026,17-07-2026,Hyderabad_Shamshbd_H (Telangana),18-07-2026 10:14,Delivered,Delivered,Delivered to Consignee,17-07-2026,17-07-2026 14:34,Pre-paid,5.43766E+13,Clean POD | As per POD audit,,,,49:01.1,49000,40,34:41.6,34:41.6,1,,B,Forward Shipment,305171606,Telangana
312544096,redon,2,pbsenterprises10 rp b2brc,09:49.0,31-07-2026 14:34,04-08-2026,`236/2026-27,"REDON LITHIUM BATTERIES LLP, .",Bhopal,Noida,462010,,201308,1,04-08-2026,04-08-2026,Noida_Surajpur_L (Uttar Pradesh),07-08-2026 18:02,Delivered,Delivered,Delivered to Consignee,04-08-2026,05-08-2026 12:08,Pre-paid,5.43766E+13,Clean POD | As per POD audit,,,,57:54.3,4752,15.8,08:37.7,08:37.7,1,,D1,Forward Shipment,309224509,Uttar Pradesh
312575801,GEO150001EVE250700489,2,pbsenterprises10 rp b2brc,44:18.9,31-07-2026 20:02,05-08-2026,`14,"KABRA EXTRUSIONTECHNIK LTD, KABRA EXTRUSIONTECHNIK LTD",Amritsar,Gurgaon,yaksh enterprises (kab),,122004,1,04-08-2026,04-08-2026,Gurgaon_Sihi_L (Haryana),05-08-2026 18:02,Delivered,Delivered,Delivered to Consignee,05-08-2026,04-08-2026 16:13,Pre-paid,5.43766E+13,Clean POD | As per POD audit,,,,19:46.2,19000,14.38,13:47.5,13:47.5,1,,B,Forward Shipment,309304102,Haryana
311692001,DCGN-7730/26-27,2,pbsenterprises10 rp b2brc,57:54.0,17-07-2026 07:14,23-07-2026,`DCGN-7730/26-27,"CP VENTURE, .",Noida,Darbhanga,fujiyama power system (panel),,847211,1,25-07-2026,25-07-2026,Darbhanga_Madhpur_I (Bihar),26-07-2026 08:49,Delivered,Delivered,Delivered to Consignee,23-07-2026,25-07-2026 15:39,Pre-paid,5.43766E+13,Clean POD | As per POD audit,,,,18:41.5,44547,56.5,39:09.2,39:09.2,1,,D1,Forward Shipment,FMINC_ff81d1ee-8180-11f1-8622-930937f88e07,Bihar
312393011,REDON,2,pbsenterprises10 rp b2brc,48:35.3,28-07-2026 15:59,01-08-2026,`MA/050,"REDON LITHIUM BATTERIES LLP, .",Gangarampur,Noida,sugandha automobile,,201308,1,04-08-2026,04-08-2026,Noida_Surajpur_L (Uttar Pradesh),07-08-2026 17:34,Delivered,Delivered,Delivered to Consignee,01-08-2026,05-08-2026 11:58,Pre-paid,5.43766E+13,Clean POD | As per POD audit,,,,11:47.7,25000,15.21,58:31.7,58:31.7,1,,D2,Forward Shipment,308637451,Uttar Pradesh
311674609,SAFELI,2,pbsenterprises10 rp b2brc,47:28.8,17-07-2026 18:54,24-07-2026,`454,"KAKKAR SMART ENERGY VENTURES LLP, KAKKAR SMART ENERGY VENTURES LLP",Jehanabad,Sonipat,safeli nutan enterprises,,131028,1,22-07-2026,22-07-2026,Sonipat_Sector42_P (Haryana),23-07-2026 18:18,Delivered,Delivered,Delivered to Consignee,24-07-2026,22-07-2026 14:58,Pre-paid,5.43766E+13,Clean POD | As per POD audit,,,,33:10.2,15000,55.5,59:25.3,59:25.3,1,,D1,Forward Shipment,305947456,Haryana
312543859,SAFELI,2,pbsenterprises10 rp b2brc,07:40.5,05-08-2026 17:49,11-08-2026,`4,"KAKKAR SMART ENERGY VENTURES LLP, KAKKAR SMART ENERGY VENTURES LLP",Purnia,Sonipat,safeli shiv shakti enterprise,,131028,1,11-08-2026,11-08-2026,Sonipat_Sector42_P (Haryana),12-08-2026 01:13,Delivered,Delivered,Delivered to Consignee,11-08-2026,11-08-2026 15:31,Pre-paid,5.43766E+13,LM POD document uploaded,,,,01:16.4,15000,59.13,32:00.2,32:00.2,1,,D1,Forward Shipment,310780057,Haryana
310824301,B111001390227278-5554459,3,pbsenterprises10 rp b2brc,26:59.3,29-06-2026 19:23,06-07-2026,`639,"KABRA EXTRUSION TECHNIK LTDBATTRIXX , KABRA EXTRUSION TECHNIK LTDBATTRIXX",Rewa,Pune,krishna enterprises,,410501,1,06-07-2026,06-07-2026,Pune_Bhamboli_L (Maharashtra),07-07-2026 14:05,Delivered,Delivered,Delivered to Consignee,06-07-2026,06-07-2026 17:05,Pre-paid,5.43766E+13,Clean POD | As per POD audit,,,,08:30.0,49000,20.54,05:49.7,05:49.7,1,,D1,Forward Shipment,301489705,Maharashtra
311170317,B111002350121398-5556307,2,pbsenterprises10 rp b2brc,37:34.0,10-07-2026 20:45,13-07-2026,`878,"KABRA EXTRUSION TECHNIK LTDBATTRIXX , KABRA EXTRUSION TECHNIK LTDBATTRIXX",Pune,Pune,shree sai auto (new),,410501,1,13-07-2026,13-07-2026,Pune_Bhamboli_L (Maharashtra),14-07-2026 17:07,Delivered,Delivered,Delivered to Consignee,13-07-2026,13-07-2026 16:35,Pre-paid,5.43766E+13,Clean POD | As per POD audit,,,,08:09.2,49000,17.66,35:48.9,35:48.9,1,,A,Forward Shipment,304209449,Maharashtra
312969673,rachna ji,2,pbsenterprises10 rp b2brc,16:13.0,10-08-2026 19:40,17-08-2026,`D-010235/26-27,"FUJIYAMA POWER SYSTEMS LIMITED, FUJIYAMA POWER SYSTEMS LIMITED",Hoshiarpur,Noida,rachna ji kamlesh kumar 1004,,201301,0,,,Jalandhar_QajiMandi_P (Punjab),12-08-2026 03:40,In Transit,Undelivered,Consignment Dispatched from Origin City,17-08-2026,,Pre-paid,5.43766E+13,,,,,,103353,94.21,,,,,B,Forward Shipment,FMINC_4392074e-94c5-11f1-93fd-03f122bc7f00,Uttar Pradesh
312917766,11111111,2,pbsenterprises10 rp b2brc,55:04.0,06-08-2026 17:55,10-08-2026,`457,Redon Lithium Industries PVT LTD,Alephata,Bangalore,paras food & sales,,562111,0,,,Bangalore_Nelamangla_H (Karnataka),12-08-2026 11:36,Pending,Undelivered,Consignment Reached at Destination,10-08-2026,,Pre-paid,5.43766E+13,,,,,52:18.4,25000,15.4,,,,,D1,Forward Shipment,310859316,Karnataka
312961644,B121004760_120797,2,pbsenterprises10 rp b2brc,46:32.7,08-08-2026 16:58,13-08-2026,`11,"KABRA EXTRUSIONTECHNIK LTD, KABRA EXTRUSIONTECHNIK LTD",Katni,Gurgaon,bharat battery service (kab),,122004,0,,,Gurgaon_Tauru_GW (Haryana),12-08-2026 12:42,In Transit,Undelivered,Consignment Dispatched from Origin City,13-08-2026,,Pre-paid,5.43766E+13,,,,,,48000,50.1,,,,,D1,Forward Shipment,311350759,Haryana
312738475,DCGN-9665/26-27,2,pbsenterprises10 rp b2brc,07:42.1,03-08-2026 19:17,07-08-2026,`DCGN-9665/26-27,"Karanjit Singh (ser Eng. Tarn Taran)1539, .",Noida,Tarn Taran Sahib,fujiyama power system (panel),,143401,1,07-08-2026,07-08-2026,TarnTaranSahib_BasantAvenue_D (Punjab),10-08-2026 16:21,Delivered,Delivered,Delivered to Consignee,07-08-2026,07-08-2026 16:35,Pre-paid,5.43766E+13,Clean POD | As per POD audit,,,,49:47.0,113023,116,35:23.0,35:23.0,1,,B,Forward Shipment,310160744,Punjab
312016975,SAFELI,4,pbsenterprises10 rp b2brc,31:34.1,21-07-2026 18:16,27-07-2026,`KSEV/26-27/0517,"Rohni E-Rickshaw Kendra, Rohni E-Rickshaw Kendra",Sonipat,Forbesganj,safeli kakkar smart energy ventures llp,,854311,1,27-07-2026,27-07-2026,Forbesganj_Jummanchowk_D (Bihar),28-07-2026 13:33,Delivered,Delivered,Delivered to Consignee,27-07-2026,27-07-2026 15:44,Pre-paid,5.43766E+13,Clean POD | As per POD audit,,,,14:45.0,133478,3.16,44:19.4,44:19.4,1,,D1,Forward Shipment,306957710,Bihar
312432902,B111001390200853-5561354,2,pbsenterprises10 rp b2brc,31:38.4,29-07-2026 18:01,05-08-2026,`1,"KABRA EXTRUSION TECHNIK LTDBATTRIXX , KABRA EXTRUSION TECHNIK LTDBATTRIXX",Kolkata,Pune,future green automobile,,410501,1,05-08-2026,05-08-2026,Pune_Bhamboli_L (Maharashtra),06-08-2026 14:43,Delivered,Delivered,Delivered to Consignee,05-08-2026,05-08-2026 16:57,Pre-paid,5.43766E+13,Clean POD | As per POD audit,,,,05:21.8,25000,20.88,58:00.2,58:00.2,1,,C2,Forward Shipment,308740430,Maharashtra
312540726,B111001390222694-5562207,2,pbsenterprises10 rp b2brc,35:11.7,30-07-2026 18:23,04-08-2026,`800,"KABRA EXTRUSION TECHNIK LTDBATTRIXX , KABRA EXTRUSION TECHNIK LTDBATTRIXX",Bargarh,Pune,tibrewal electric vehicle,,410501,1,07-08-2026,07-08-2026,Pune_Bhamboli_L (Maharashtra),08-08-2026 20:32,Delivered,Delivered,Delivered to Consignee,04-08-2026,07-08-2026 18:18,Pre-paid,5.43766E+13,Clean POD | As per POD audit,,,,00:13.3,49000,20.38,18:14.0,18:14.0,1,,D1,Forward Shipment,309214459,Maharashtra
312429697,A60393E123K27256-5553091,2,pbsenterprises10 rp b2brc,59:21.6,29-07-2026 12:57,05-08-2026,`919,"OXYGEN ENERGY ENTERPRISES-AMPERE, OXYGEN ENERGY ENTERPRISES-AMPERE",Bhubaneshwar,Salem,surya autoelectrons,,636006,1,04-08-2026,04-08-2026,Salem_Ramalingapuram_H (Tamil Nadu),05-08-2026 17:25,Delivered,Delivered,Delivered to Consignee,05-08-2026,04-08-2026 17:48,Pre-paid,5.43766E+13,Clean POD | As per POD audit,,,,39:10.3,49000,18.12,48:29.6,48:29.6,1,,D2,Forward Shipment,308703657,Tamil Nadu
312323865,A60391H124A134975557408,2,pbsenterprises10 rp b2brc,23:44.8,27-07-2026 14:00,03-08-2026,`6888,"STANDARD ELECTRIC, STANDARD ELECTRIC",Salem,Gurdaspur,oxygen energy enterprises ampere,,143521,1,01-08-2026,01-08-2026,Gurdaspur_Civillines_D (Punjab),03-08-2026 10:05,Delivered,Delivered,Delivered to Consignee,03-08-2026,01-08-2026 15:40,Pre-paid,5.43766E+13,Clean POD | As per POD audit,,,,22:53.3,49000,18.34,40:48.0,40:48.0,1,,D2,Forward Shipment,308355727,Punjab
312682939,SAFELI,2,pbsenterprises10 rp b2brc,20:42.7,07-08-2026 16:14,11-08-2026,`83,", KAKKAR SMART ENERGY VENTURES LLP",Indore,Sonipat,safeli e-savari mobility,,131028,1,11-08-2026,11-08-2026,Sonipat_Sector42_P (Haryana),12-08-2026 01:13,Delivered,Delivered,Delivered to Consignee,11-08-2026,11-08-2026 15:04,Pre-paid,5.43766E+13,LM POD document uploaded,,,,16:17.4,20000,57.7,04:55.6,04:55.6,1,,D1,Forward Shipment,311335978,Haryana
312981785,DCGN-10043/26-27,2,pbsenterprises10 rp b2brc,36:25.8,,,`DCGN-10043/26-27,"SWAMI SOLAR SYSTEM , .",Noida,Sonipat,fujiyama power system (panel),,131001,0,,,Noida_Bairangpur_GW (Uttar Pradesh),07-08-2026 20:09,Manifested,Undelivered,Consignment Manifested,,,Pre-paid,5.43766E+13,,,,,,123156,20,,,,,A,Forward Shipment,,Haryana
312872483,EA5160W182304596-5551263,2,pbsenterprises10 rp b2brc,05:46.5,06-08-2026 14:07,10-08-2026,`881,"CYGNI ENERGY PRIVATE LIMITED, CYGNI ENERGY PRIVATE LIMITED",Bangalore,Hyderabad,active motor,,501359,1,08-08-2026,08-08-2026,Hyderabad_Shamshbd_H (Telangana),10-08-2026 12:13,Delivered,Delivered,Delivered to Consignee,10-08-2026,08-08-2026 16:01,Pre-paid,5.43766E+13,Clean POD | As per POD audit,,,,07:19.9,49000,38.92,01:06.6,01:06.6,1,,D1,Forward Shipment,310867664,Telangana
310850321,A48281A24509695-5557021,2,pbsenterprises10 rp b2brc,57:09.2,30-06-2026 20:17,06-07-2026,`754,"KAMAL LAXMI INDUSTRIES-AMPERE, KAMAL LAXMI INDUSTRIES-AMPERE",Gadarwara,Raipur,maa ambe automobile,,492015,1,06-07-2026,06-07-2026,Raipur_Devpuri_L (Chhattisgarh),10-07-2026 14:05,Delivered,Delivered,Delivered to Consignee,06-07-2026,06-07-2026 23:07,Pre-paid,5.43766E+13,Clean POD | As per POD audit,,,,46:53.1,49000,10.72,08:23.2,08:23.2,1,,B,Forward Shipment,301550840,Chhattisgarh
310943838,B112004450_126195,7,pbsenterprises10 rp b2brc,19:31.4,01-07-2026 19:25,09-07-2026,`DC/UEPL/LKO/1656,"KABRA EXTRUSION TECHNIK LTDBATTRIXX , KABRA EXTRUSION TECHNIK LTDBATTRIXX",Lucknow,Pune,upgrid wh0105 lucknow,,410501,1,09-07-2026,09-07-2026,Pune_Bhamboli_L (Maharashtra),10-07-2026 15:09,Delivered,Delivered,Delivered to Consignee,09-07-2026,09-07-2026 16:58,Pre-paid,5.43766E+13,Clean POD | As per POD audit,,,,26:16.0,120006,20.06,58:39.3,58:39.3,1,,D2,Forward Shipment,301993791,Maharashtra
312218609,SAFELI,2,pbsenterprises10 rp b2brc,24:51.6,24-07-2026 17:32,28-07-2026,`41,"KAKKAR SMART ENERGY VENTURES LLP, KAKKAR SMART ENERGY VENTURES LLP",Jaunpur,Sonipat,safeli konrak motors,,131028,1,31-07-2026,31-07-2026,Sonipat_Sector42_P (Haryana),01-08-2026 13:26,Delivered,Delivered,Delivered to Consignee,28-07-2026,31-07-2026 17:37,Pre-paid,5.43766E+13,Clean POD | As per POD audit,,,,26:41.2,15000,57.9,37:45.0,37:45.0,1,,D1,Forward Shipment,307719298,Haryana
310993512,SAFELI,2,pbsenterprises10 rp b2brc,51:28.1,02-07-2026 15:59,08-07-2026,`AS-183,"AT Motor, AT Motor",Guwahati,Udalguri,safeli assam kakkar smart energy ventures llp,,784509,1,07-07-2026,07-07-2026,Udalguri_Ramjanakichowk_D (Assam),07-07-2026 14:25,Delivered,Delivered,Delivered to Consignee,06-07-2026,07-07-2026 14:25,Pre-paid,5.43766E+13,Contactless Delivery -  Geofence NA - OUT-SLOT - Auto Check-In at 14:19,,,,39:49.9,45000,49.38,25:56.1,25:56.1,1,,E,Forward Shipment,302248025,Assam
312008862,"B111001390_195600	  5558702",2,pbsenterprises10 rp b2brc,02:35.9,22-07-2026 13:54,24-07-2026,`7811,"SMART BYKES, SMART BYKES",Salem,Coimbatore,oxygen energy enterprises ampere,,641015,1,24-07-2026,24-07-2026,Coimbatore_Pudhupalayam_GW (Tamil Nadu),25-07-2026 23:09,Delivered,Delivered,Delivered to Consignee,24-07-2026,24-07-2026 12:03,Pre-paid,5.43766E+13,Clean POD | As per POD audit,,,,16:57.4,49000,17.03,03:34.5,03:34.5,1,,B,Forward Shipment,306936840,Tamil Nadu
312363121,DCGN-8995/26-27,2,pbsenterprises10 rp b2brc,43:14.6,27-07-2026 19:30,03-08-2026,`DCGN-8995/26-27,"M/S NATIONAL BATTERY & INVERTOR, .",Noida,Balrampur,fujiyama power system (panel),,271201,2,04-08-2026,08-08-2026,Balrampur_SahabNager_D (Uttar Pradesh),08-08-2026 15:26,Delivered,Delivered,Delivered to Consignee,01-08-2026,08-08-2026 15:26,Pre-paid,5.43766E+13,Contactless Delivery -  Geofence not verified,,,,44:12.2,113023,112,08:22.1,26:14.1,2,,D1,Forward Shipment,308328531,Uttar Pradesh
312776183,B60382G22GL24088 5557068,2,pbsenterprises10 rp b2brc,14:43.5,04-08-2026 16:39,11-08-2026,`Kamal2218,"KRISHNA ENTERPRISE, KRISHNA ENTERPRISE",Abhanpur,Rewa,kamal laxmi industrie ampere b2b,,486001,1,11-08-2026,11-08-2026,Rewa_Godahar_D (Madhya Pradesh),11-08-2026 12:15,Delivered,Delivered,Delivered to Consignee,10-08-2026,11-08-2026 12:15,Pre-paid,5.43766E+13,Geofence not verified,,,,05:23.2,49000,16.02,15:50.5,15:50.5,1,,B,Forward Shipment,310450792,Madhya Pradesh
312292860,B111001390227095-5560801,2,pbsenterprises10 rp b2brc,15:43.8,27-07-2026 16:47,03-08-2026,`902,"KABRA EXTRUSION TECHNIK LTDBATTRIXX , KABRA EXTRUSION TECHNIK LTDBATTRIXX",Tirupati,Pune,crazy automobiles,,410501,1,01-08-2026,01-08-2026,Pune_Bhamboli_L (Maharashtra),01-08-2026 15:38,Delivered,Delivered,Delivered to Consignee,03-08-2026,01-08-2026 14:40,Pre-paid,5.43766E+13,Clean POD | As per POD audit,,,,51:35.5,49000,20.4,40:07.5,40:07.5,1,,D1,Forward Shipment,308371369,Maharashtra
312017335,DCGN-8254/26-27,2,pbsenterprises10 rp b2brc,35:09.0,21-07-2026 20:15,29-07-2026,`DCGN-8254/26-27,"ZEUS ENERGY CORP LLP, .",Noida,Cochin,fujiyama power system (panel),,683503,1,27-07-2026,27-07-2026,Cochin_Kalamassery_H (Kerala),29-07-2026 13:27,Delivered,Delivered,Delivered to Consignee,29-07-2026,27-07-2026 18:29,Pre-paid,5.43766E+13,Clean POD | As per POD audit,,,,38:57.7,10869,41.3,29:42.2,29:42.2,1,,D2,Forward Shipment,306858972,Kerala
312542789,A60380523A06080 5551562,3,pbsenterprises10 rp b2brc,55:18.3,31-07-2026 18:58,05-08-2026,`Kamal8885,"HASSONJEE AUTOMOTIVES , HASSONJEE AUTOMOTIVES",Abhanpur,Amravati,kamal laxmi industrie ampere b2b,,444602,1,04-08-2026,04-08-2026,Amravati_Nimbhora_H (Maharashtra),05-08-2026 16:57,Delivered,Delivered,Delivered to Consignee,05-08-2026,04-08-2026 14:34,Pre-paid,5.43766E+13,Clean POD | As per POD audit,,,,40:15.7,49000,16.36,34:52.0,34:52.0,1,,B,Forward Shipment,309455764,Maharashtra
312401529,B111001390203124-5561342,2,pbsenterprises10 rp b2brc,10:42.2,29-07-2026 17:14,03-08-2026,`1,"KABRA EXTRUSION TECHNIK LTDBATTRIXX , KABRA EXTRUSION TECHNIK LTDBATTRIXX",Pathanamthitta,Pune,emkay motors pvt ltd,,410501,1,06-08-2026,06-08-2026,Pune_Bhamboli_L (Maharashtra),08-08-2026 22:20,Delivered,Delivered,Delivered to Consignee,03-08-2026,07-08-2026 19:40,Pre-paid,5.43766E+13,Clean POD | As per POD audit,,,,36:21.6,49000,20.06,40:07.9,40:07.9,1,,D1,Forward Shipment,308933966,Maharashtra
312782527,REDON,2,pbsenterprises10 rp b2brc,25:11.5,04-08-2026 15:00,10-08-2026,`DC/0032/FY26,"REDON LITHIUM BATTERIES LLP, .",Midnapore,Noida,bera distributors pvt ltd,,201308,1,10-08-2026,10-08-2026,Noida_Surajpur_L (Uttar Pradesh),10-08-2026 17:01,Dispatched,Undelivered,Out for Delivery,10-08-2026,,Pre-paid,5.43766E+13,,,,,03:47.5,20000,15.45,,,,,D2,Forward Shipment,310478208,Uttar Pradesh
312419702,DCGN-9117/26-27,2,pbsenterprises10 rp b2brc,30:30.2,28-07-2026 19:38,01-08-2026,`DCGN-9117/26-27,"RAMGOPAL & SONS LLP, .",Noida,Bareilly,fujiyama power system (panel),,243001,1,31-07-2026,31-07-2026,Bareilly_Sathrapur_H (Uttar Pradesh),03-08-2026 10:05,Delivered,Delivered,Delivered to Consignee,01-08-2026,31-07-2026 16:19,Pre-paid,5.43766E+13,Clean POD | As per POD audit,,,,46:25.2,113023,116,19:18.3,19:18.3,1,,B,Forward Shipment,308620847,Uttar Pradesh
311861465,SAFELI,2,pbsenterprises10 rp b2brc,07:09.6,18-07-2026 14:23,21-07-2026,`AS-225,"M/J Ride, M/J Ride",Guwahati,Duliajan,safeli assam kakkar smart energy ventures llp,,786602,1,21-07-2026,21-07-2026,Duliajan_StatonRd_D (Assam),22-07-2026 18:16,Delivered,Delivered,Delivered to Consignee,21-07-2026,21-07-2026 19:33,Pre-paid,5.43766E+13,Clean POD | As per POD audit,,,,50:15.9,45000,2.7,33:43.8,33:43.8,1,,E,Forward Shipment,306230286,Assam
312566478,B111002350123947-5561693,2,pbsenterprises10 rp b2brc,35:25.3,31-07-2026 17:54,05-08-2026,`790,"KABRA EXTRUSION TECHNIK LTDBATTRIXX , KABRA EXTRUSION TECHNIK LTDBATTRIXX",Jamshedpur,Pune,steel city automobiles,,410501,1,06-08-2026,06-08-2026,Pune_Bhamboli_L (Maharashtra),08-08-2026 14:52,Delivered,Delivered,Delivered to Consignee,05-08-2026,07-08-2026 19:42,Pre-paid,5.43766E+13,Clean POD | As per POD audit,,,,36:10.1,49000,18,42:55.0,42:55.0,1,,D2,Forward Shipment,309276197,Maharashtra
311933784,REDON,3,pbsenterprises10 rp b2brc,38:32.8,24-07-2026 15:49,27-07-2026,`421,"REDON LITHIUM BATTERIES LLP, .",Nagpur,Noida,vishvakariya automotive,,201308,1,27-07-2026,27-07-2026,Noida_Surajpur_L (Uttar Pradesh),27-07-2026 17:55,Delivered,Delivered,Delivered to Consignee,27-07-2026,27-07-2026 17:55,Pre-paid,5.43766E+13,Geofence verified,,,,22:09.4,35000,14.35,55:57.8,55:57.8,1,,D1,Forward Shipment,307695017,Uttar Pradesh
311002941,REDON,3,pbsenterprises10 rp b2brc,50:07.6,03-07-2026 13:06,06-07-2026,`382,"REDON LITHIUM BATTERIES LLP, .",Bina,Noida,gauri traders,,201308,1,09-07-2026,09-07-2026,Noida_Surajpur_L (Uttar Pradesh),11-07-2026 14:40,Delivered,Delivered,Delivered to Consignee,06-07-2026,09-07-2026 18:40,Pre-paid,5.43766E+13,Clean POD | As per POD audit,,,,57:16.5,35000,13.02,40:16.7,40:16.7,1,,D1,Forward Shipment,302276466,Uttar Pradesh
312213928,B111001390171032  5556904,2,pbsenterprises10 rp b2brc,39:52.3,24-07-2026 19:30,31-07-2026,`Kamal2078,"AXIS STAR AUTOMOTIVE, AXIS STAR AUTOMOTIVE",Abhanpur,Kanpur,kamal laxmi industrie ampere b2b,,208012,1,31-07-2026,31-07-2026,Kanpur_Chakeri_L (Uttar Pradesh),01-08-2026 11:53,Delivered,Delivered,Delivered to Consignee,31-07-2026,31-07-2026 15:18,Pre-paid,5.43766E+13,Clean POD | As per POD audit,,,,03:51.6,49000,16.7,18:34.1,18:34.1,1,,D1,Forward Shipment,307684135,Uttar Pradesh
311376530,B60381C23A13106   EW,2,pbsenterprises10 rp b2brc,03:19.6,13-07-2026 23:47,18-07-2026,`4590,"YOGESH ENTERPRISES, YOGESH ENTERPRISES",Raipur,Gwalior,kamal laxami ampere brc,,474004,1,18-07-2026,18-07-2026,Gwalior_Nayagaon_P (Madhya Pradesh),18-07-2026 19:53,Delivered,Delivered,Delivered to Consignee,18-07-2026,18-07-2026 11:13,Pre-paid,5.43766E+13,Clean POD | As per POD audit,,,,05:01.9,49000,15.42,14:07.8,14:07.8,1,,D1,Forward Shipment,304897912,Madhya Pradesh
310940512,E2W4830A29250487-5557080,2,pbsenterprises10 rp b2brc,26:48.9,01-07-2026 16:31,06-07-2026,`832,"CYGNI ENERGY PRIVATE LIMITED, CYGNI ENERGY PRIVATE LIMITED",Hubli,Hyderabad,tara motors ampere (unit of tara agencies),,501359,1,04-07-2026,04-07-2026,Hyderabad_Shamshbd_H (Telangana),04-07-2026 12:16,Delivered,Delivered,Delivered to Consignee,06-07-2026,04-07-2026 12:16,Pre-paid,5.43766E+13,Contactless Delivery -  Geofence verified,,,,28:55.0,48999,12.62,16:20.3,16:20.3,1,,B,Forward Shipment,301980974,Telangana
311861776,SAFELI,2,pbsenterprises10 rp b2brc,10:34.4,18-07-2026 17:03,23-07-2026,`432,"KAKKAR SMART ENERGY VENTURES LLP, KAKKAR SMART ENERGY VENTURES LLP",Samastipur,Sonipat,safeli ranjan e rikshaw,,131028,1,25-07-2026,25-07-2026,Sonipat_Sector42_P (Haryana),27-07-2026 14:29,Delivered,Delivered,Delivered to Consignee,23-07-2026,25-07-2026 17:03,Pre-paid,5.43766E+13,Clean POD | As per POD audit,,,,02:06.4,15000,48.41,03:40.2,03:40.2,1,,D1,Forward Shipment,306224736,Haryana
312262064,SAFELI,2,pbsenterprises10 rp b2brc,24:27.3,25-07-2026 16:43,30-07-2026,`54,"KAKKAR SMART ENERGY VENTURES LLP, KAKKAR SMART ENERGY VENTURES LLP",Farrukhabad,Sonipat,safeli narayan motors,,131028,1,31-07-2026,31-07-2026,Sonipat_Sector42_P (Haryana),01-08-2026 12:30,Delivered,Delivered,Delivered to Consignee,30-07-2026,31-07-2026 17:43,Pre-paid,5.43766E+13,Clean POD | As per POD audit,,,,47:52.7,15000,50.51,43:42.6,43:42.6,1,,B,Forward Shipment,307975749,Haryana
311544471,E2W4830A29250452-5558484,2,pbsenterprises10 rp b2brc,37:02.5,13-07-2026 19:07,18-07-2026,`800,"CYGNI ENERGY PRIVATE LIMITED, CYGNI ENERGY PRIVATE LIMITED",Kollam,Hyderabad,padiyil motors,,501359,1,16-07-2026,16-07-2026,Hyderabad_Shamshbd_H (Telangana),17-07-2026 17:39,Delivered,Delivered,Delivered to Consignee,18-07-2026,16-07-2026 18:44,Pre-paid,5.43766E+13,Clean POD | As per POD audit,,,,38:47.6,49000,15.64,44:26.9,44:26.9,1,,D1,Forward Shipment,304878778,Telangana
311330151,SAFELI,2,pbsenterprises10 rp b2brc,26:15.1,10-07-2026 15:17,13-07-2026,`34,"KAKKAR SMART ENERGY VENTURES LLP, KAKKAR SMART ENERGY VENTURES LLP",Lucknow,Sonipat,safeli jyoti enterprises,,131028,1,15-07-2026,15-07-2026,Sonipat_Sector42_P (Haryana),17-07-2026 10:31,Delivered,Delivered,Delivered to Consignee,13-07-2026,15-07-2026 16:30,Pre-paid,5.43766E+13,Clean POD | As per POD audit,,,,56:28.8,15000,51.98,30:40.4,30:40.4,1,,D1,Forward Shipment,304238317,Haryana
311546131,REDON,2,pbsenterprises10 rp b2brc,52:41.7,14-07-2026 19:20,21-07-2026,`MA/037,"REDON LITHIUM BATTERIES LLP, .",Bongaon,Noida,saha enterprise,,201308,1,21-07-2026,21-07-2026,Noida_Surajpur_L (Uttar Pradesh),29-07-2026 15:16,Delivered,Delivered,Delivered to Consignee,21-07-2026,21-07-2026 14:51,Pre-paid,5.43766E+13,Clean POD | As per POD audit,,,,12:40.2,35000,15.86,52:00.3,52:00.3,1,,D2,Forward Shipment,304975225,Uttar Pradesh
311787595,A48281B24J05569  5559021,2,pbsenterprises10 rp b2brc,43:30.3,17-07-2026 16:06,20-07-2026,`018/26-27,"CHIRAG AUTOMOTIVE,  CHIRAG AUTOMOTIVE",Ahmedabad,Vadodara,jalaram lithium battery ampere b2b,,390008,1,21-07-2026,21-07-2026,Vadodara_Dashrath_H (Gujarat),22-07-2026 18:17,Delivered,Delivered,Delivered to Consignee,20-07-2026,21-07-2026 17:30,Pre-paid,5.43766E+13,Clean POD | As per POD audit,,,,31:39.6,47200,9.94,30:35.8,30:35.8,1,,B,Forward Shipment,305941517,Gujarat
312063071,SAFELI,2,pbsenterprises10 rp b2brc,14:15.4,23-07-2026 18:14,28-07-2026,`2,"KAKKAR SMART ENERGY VENTURES LLP, KAKKAR SMART ENERGY VENTURES LLP",Gangoh,Sonipat,safeli shree ji trading,,131028,1,27-07-2026,27-07-2026,Sonipat_Sector42_P (Haryana),29-07-2026 10:40,Delivered,Delivered,Delivered to Consignee,28-07-2026,27-07-2026 14:26,Pre-paid,5.43766E+13,Clean POD | As per POD audit,,,,07:01.3,15000,10.54,26:46.3,26:46.3,1,,B,Forward Shipment,307427684,Haryana
312323528,Bounce,3,pbsenterprises10 rp b2brc,19:46.0,27-07-2026 17:00,30-07-2026,`210425,"Exicom Energy Systems Private Limited, .",Hyderabad,Bangalore,bounce vecmocon hyderabad,,560065,1,30-07-2026,30-07-2026,Bangalore_Bettahalsoor_L (Karnataka),01-08-2026 08:04,Delivered,Delivered,Delivered to Consignee,30-07-2026,30-07-2026 11:59,Pre-paid,5.43766E+13,Clean POD | As per POD audit,,,,01:55.2,45000,25.06,59:17.3,59:17.3,1,,C1,Forward Shipment,308349742,Karnataka
312284152,DCGN-8780/26-27,2,pbsenterprises10 rp b2brc,58:24.6,25-07-2026 19:48,01-08-2026,`DCGN-8780/26-27,"HOME SOLAR, .",Noida,Chandauli,fujiyama power system (panel),,232104,1,01-08-2026,01-08-2026,Chandauli_Alinagar_D (Uttar Pradesh),01-08-2026 21:38,Delivered,Delivered,Delivered to Consignee,30-07-2026,01-08-2026 10:43,Pre-paid,5.43766E+13,1 boxes damaged | As per POD audit,,,,18:28.2,52475,97,44:06.7,44:06.7,1,,D1,Forward Shipment,307942843,Uttar Pradesh
311208300,B111002350123740-5557668,2,pbsenterprises10 rp b2brc,30:21.0,07-07-2026 18:56,16-07-2026,`819,"KABRA EXTRUSION TECHNIK LTDBATTRIXX , KABRA EXTRUSION TECHNIK LTDBATTRIXX",Akole,Pune,naikwadi auto sales,,410501,1,18-07-2026,18-07-2026,Pune_Bhamboli_L (Maharashtra),18-07-2026 19:52,Delivered,Delivered,Delivered to Consignee,13-07-2026,18-07-2026 14:55,Pre-paid,5.43766E+13,Clean POD | As per POD audit,,,,02:19.5,49000,1.21,55:53.2,55:53.2,1,,B,Forward Shipment,303234480,Maharashtra
312956367,SAFELI,2,pbsenterprises10 rp b2brc,30:43.9,08-08-2026 20:13,12-08-2026,`AS-256,"Dutta E Rickshaw, Dutta E Rickshaw",Guwahati,Dhemaji,safeli assam kakkar smart energy ventures llp,,787057,1,11-08-2026,11-08-2026,Dhemaji_Ward6_D (Assam),11-08-2026 12:33,Delivered,Delivered,Delivered to Consignee,12-08-2026,11-08-2026 12:33,Pre-paid,5.43766E+13,Geofence not verified,,,,52:26.6,45000,12.1,33:58.7,33:58.7,1,,E,Forward Shipment,311612440,Assam
312470862,B111001390234151-5561889,3,pbsenterprises10 rp b2brc,51:56.6,29-07-2026 18:39,04-08-2026,`888,"KABRA EXTRUSION TECHNIK LTDBATTRIXX , KABRA EXTRUSION TECHNIK LTDBATTRIXX",Makrana,Pune,nax automobility,,410501,1,05-08-2026,05-08-2026,Pune_Bhamboli_L (Maharashtra),06-08-2026 14:43,Delivered,Delivered,Delivered to Consignee,04-08-2026,05-08-2026 16:43,Pre-paid,5.43766E+13,Clean POD | As per POD audit,,,,51:44.1,49000,20.22,44:02.0,44:02.0,1,,D1,Forward Shipment,308946034,Maharashtra
311941829,B1_51105_B_122906,4,pbsenterprises10 rp b2brc,14:16.2,21-07-2026 18:53,27-07-2026,`DC/UEPL/SAMS/009,"KABRA EXTRUSION TECHNIK-GURUGRAM , KABRA EXTRUSION TECHNIK-GURUGRAM",Samastipur,Gurgaon,"battery smart 	wh0097",,122004,1,25-07-2026,25-07-2026,Gurgaon_Sihi_L (Haryana),26-07-2026 08:56,Delivered,Delivered,Delivered to Consignee,27-07-2026,25-07-2026 18:09,Pre-paid,5.43766E+13,Clean POD | As per POD audit,,,,42:00.7,81243,51.56,09:49.2,09:49.2,1,,D1,Forward Shipment,306661993,Haryana
312978580,E2W4828A02240177 5406177,2,pbsenterprises10 rp b2brc,53:18.1,,,`8431,"CHERUVIL MOTORS , CHERUVIL MOTORS",Hyderabad,Kanhangad,cygni energy private limited,,671531,0,,,Hyderabad_Shamshbd_H (Telangana),07-08-2026 17:53,Manifested,Undelivered,Consignment Manifested,,,Pre-paid,5.43766E+13,,,,,,49000,20,,,,,D1,Forward Shipment,,Kerala
311566580,B111001390272743-5558166,4,pbsenterprises10 rp b2brc,47:06.4,16-07-2026 17:17,23-07-2026,`241,"KABRA EXTRUSION TECHNIK LTDBATTRIXX , KABRA EXTRUSION TECHNIK LTDBATTRIXX",Bhilwara,Pune,darsh e motors,,410501,1,22-07-2026,22-07-2026,Pune_Bhamboli_L (Maharashtra),24-07-2026 17:02,Delivered,Delivered,Delivered to Consignee,23-07-2026,23-07-2026 18:59,Pre-paid,5.43766E+13,Clean POD | As per POD audit,,,,18:13.1,49000,20.22,59:21.5,59:21.5,1,,D1,Forward Shipment,305446660,Maharashtra
311114394,Bounce,3,pbsenterprises10 rp b2brc,55:39.4,04-07-2026 14:47,09-07-2026,`62,"Exicom Energy Systems Private Limited , .",Hyderabad,Gurgaon,bounce trinity motors,,122015,1,13-07-2026,13-07-2026,Gurgaon_Sector17_L (Haryana),14-07-2026 15:53,Delivered,Delivered,Delivered to Consignee,09-07-2026,13-07-2026 14:46,Pre-paid,5.43766E+13,Clean POD | As per POD audit,,,,36:16.3,45000,26.24,46:58.7,46:58.7,1,,C2,Forward Shipment,302760414,Haryana
312372964,RACHNA JI,3,pbsenterprises10 rp b2brc,43:08.9,28-07-2026 13:14,29-07-2026,`D-01089/26-27,"FUJIYAMA POWER SYSTEMS LIMITED, FUJIYAMA POWER SYSTEMS LIMITED",Noida,Noida,rachna ji mohit 5558d,,201301,1,30-07-2026,30-07-2026,Noida_Surajpur_L (Uttar Pradesh),31-07-2026 23:33,Delivered,Delivered,Delivered to Consignee,29-07-2026,31-07-2026 12:53,Pre-paid,5.43766E+13,Clean POD | As per POD audit,,,,55:29.1,114972,44.5,53:42.9,53:42.9,1,,A,Forward Shipment,308615378,Uttar Pradesh
311622886,B1_51105_B_120654,3,pbsenterprises10 rp b2brc,31:58.4,15-07-2026 16:47,20-07-2026,`DC/UEPL/MOZ/519,"KABRA EXTRUSIONTECHNIK LTD, KABRA EXTRUSIONTECHNIK LTD",Muzaffarnagar,Gurgaon,upgrid muzaffarnagar wh0019,,122004,1,21-07-2026,21-07-2026,Gurgaon_Sihi_L (Haryana),22-07-2026 18:19,Delivered,Delivered,Delivered to Consignee,20-07-2026,21-07-2026 20:30,Pre-paid,5.43766E+13,Clean POD | As per POD audit,,,,45:20.5,40002,49,30:47.8,30:47.8,1,,B,Forward Shipment,305193290,Haryana
311477086,B60383J23B28152   5554802,2,pbsenterprises10 rp b2brc,14:55.4,11-07-2026 14:08,16-07-2026,`7535,"SRI CHAKRA MOTORS, SRI CHAKRA MOTORS",Salem,Hospet,oxygen energy enterprises ampere,,583212,1,15-07-2026,15-07-2026,Hospet_PrakashNagar_D (Karnataka),16-07-2026 13:47,Delivered,Delivered,Delivered to Consignee,14-07-2026,15-07-2026 12:23,Pre-paid,5.43766E+13,Clean POD | As per POD audit,,,,08:52.2,49000,16.41,23:30.8,23:30.8,1,,B,Forward Shipment,304495125,Karnataka
312034034,Supreme,33,pbsenterprises10 rp b2brc,44:12.8,22-07-2026 15:10,28-07-2026,`SLE/26-27/00256,"SRI VIJAYALAKSHMI MOTORS, .",Noida,Perambalur,supreme noida new warehouse,,621212,1,28-07-2026,28-07-2026,Perambalur_Supernagar_D (Tamil Nadu),29-07-2026 15:19,Delivered,Delivered,Delivered to Consignee,28-07-2026,28-07-2026 20:48,Pre-paid,5.43766E+13,Clean POD | As per POD audit,,,,32:55.0,702553,15.56,48:28.2,48:28.2,1,,D2,Forward Shipment,307165294,Tamil Nadu
311934342,SAFELI,2,pbsenterprises10 rp b2brc,44:08.7,20-07-2026 15:44,23-07-2026,`23,"KAKKAR SMART ENERGY VENTURES LLP, KAKKAR SMART ENERGY VENTURES LLP",Kota,Sonipat,safeli plug pana,,131028,1,23-07-2026,23-07-2026,Sonipat_Sector42_P (Haryana),24-07-2026 16:16,Delivered,Delivered,Delivered to Consignee,23-07-2026,23-07-2026 16:17,Pre-paid,5.43766E+13,Clean POD | As per POD audit,,,,27:38.4,15000,46.38,17:09.0,17:09.0,1,,D1,Forward Shipment,306635152,Haryana
311072181,588,2,pbsenterprises10 rp b2brc,04:06.0,03-07-2026 17:04,06-07-2026,`06,"kakkar Smart energy , jitendra kumar",Firozabad,Sonipat,safeli m\s satya pal ji enterprise,,131001,1,06-07-2026,06-07-2026,Sonipat_Sector42_P (Haryana),07-07-2026 17:13,Delivered,Delivered,Delivered to Consignee,06-07-2026,06-07-2026 16:06,Pre-paid,5.43766E+13,Clean POD | As per POD audit,,,,00:32.4,10000,47.92,07:06.2,07:06.2,1,,B,Forward Shipment,302497176,Haryana
311013283,B111001390245929-5557072,2,pbsenterprises10 rp b2brc,35:54.5,03-07-2026 14:38,07-07-2026,`212,"KABRA EXTRUSION TECHNIK LTDBATTRIXX , KABRA EXTRUSION TECHNIK LTDBATTRIXX",Dhamtari,Pune,r.k.e automobiles,,410501,1,09-07-2026,09-07-2026,Pune_Bhamboli_L (Maharashtra),10-07-2026 16:47,Delivered,Delivered,Delivered to Consignee,07-07-2026,09-07-2026 16:59,Pre-paid,5.43766E+13,Clean POD | As per POD audit,,,,24:36.6,49000,20.26,59:14.1,59:14.1,1,,D1,Forward Shipment,302303921,Maharashtra
312065403,B112004180_120394,4,pbsenterprises10 rp b2brc,39:21.8,22-07-2026 14:56,25-07-2026,`DC/UEPL/STP/453,"KABRA EXTRUSIONTECHNIK LTD, KABRA EXTRUSIONTECHNIK LTD",Sitapur,Gurgaon,upgrid sitapur wh0021,,122004,1,25-07-2026,25-07-2026,Gurgaon_Sihi_L (Haryana),26-07-2026 08:55,Delivered,Delivered,Delivered to Consignee,25-07-2026,25-07-2026 18:16,Pre-paid,5.43766E+13,Clean POD | As per POD audit,,,,36:08.0,60003,20.34,16:18.9,16:18.9,1,,B,Forward Shipment,307184028,Haryana
311628732,B111001390248186-5559490,4,pbsenterprises10 rp b2brc,29:49.1,15-07-2026 17:07,20-07-2026,`908,"KABRA EXTRUSION TECHNIK LTDBATTRIXX , KABRA EXTRUSION TECHNIK LTDBATTRIXX",Chikkanayakanahalli,Pune,green wheels electric mobility,,410501,1,21-07-2026,21-07-2026,Pune_Bhamboli_L (Maharashtra),22-07-2026 18:16,Delivered,Delivered,Delivered to Consignee,20-07-2026,21-07-2026 17:54,Pre-paid,5.43766E+13,Clean POD | As per POD audit,,,,40:52.0,49000,3.94,54:19.3,54:19.3,1,,D1,Forward Shipment,305209981,Maharashtra
311951633,AX28082500079,2,pbsenterprises10 rp b2brc,00:50.2,20-07-2026 18:41,27-07-2026,`11,"KABRA EXTRUSION TECHNIK-GURUGRAM , KABRA EXTRUSION TECHNIK-GURUGRAM",Jabalpur,Gurgaon,amritdhara autodeal private limited (kab),,122004,1,27-07-2026,27-07-2026,Gurgaon_Hasanpur2_D (Haryana),28-07-2026 11:49,Delivered,Delivered,Delivered to Consignee,27-07-2026,27-07-2026 17:15,Pre-paid,5.43766E+13,Clean POD | As per POD audit,,,,14:16.9,8999,3.02,15:15.8,15:15.8,1,,D1,Forward Shipment,306587455,Haryana
312682929,B111001390172425-5562376,2,pbsenterprises10 rp b2brc,20:38.3,03-08-2026 18:53,10-08-2026,`167,"KABRA EXTRUSION TECHNIK LTDBATTRIXX , KABRA EXTRUSION TECHNIK LTDBATTRIXX",Agra,Pune,suman e-vehicles,,410501,1,07-08-2026,07-08-2026,Pune_Bhamboli_L (Maharashtra),08-08-2026 21:34,Delivered,Delivered,Delivered to Consignee,10-08-2026,07-08-2026 18:26,Pre-paid,5.43766E+13,Clean POD | As per POD audit,,,,39:28.2,49000,17.37,26:41.5,26:41.5,1,,D1,Forward Shipment,309805380,Maharashtra
312246022,DCGN-8700/26-27,2,pbsenterprises10 rp b2brc,17:28.9,25-07-2026 19:47,31-07-2026,`DCGN-8700/26-27,"KISHAN AGRICULTURE & REPAIRING CENTRE, .",Noida,Hajipur,fujiyama power system (panel),,844121,1,31-07-2026,31-07-2026,Hajipur_Hathsarganj1_D (Bihar),31-07-2026 13:21,Delivered,Delivered,Delivered to Consignee,31-07-2026,31-07-2026 13:21,Pre-paid,5.43766E+13,Contactless Delivery -  Geofence NA,,,,10:39.5,37561,50.5,22:04.7,22:04.7,1,,D1,Forward Shipment,307942843,Bihar
310882414,B111001390264301-5556753,2,pbsenterprises10 rp b2brc,32:35.9,30-06-2026 15:28,08-07-2026,`603,"KAMAL LAXMI INDUSTRIES-AMPERE, KAMAL LAXMI INDUSTRIES-AMPERE",Gurdaspur,Raipur,standard electric,,492015,1,10-07-2026,10-07-2026,Raipur_Devpuri_L (Chhattisgarh),11-07-2026 18:28,Delivered,Delivered,Delivered to Consignee,08-07-2026,10-07-2026 18:56,Pre-paid,5.43766E+13,Clean POD | As per POD audit,,,,01:42.4,48998,16.64,56:24.1,56:24.1,1,,D2,Forward Shipment,301729235,Chhattisgarh
312849358,SAFELI,3,pbsenterprises10 rp b2brc,12:27.9,05-08-2026 17:13,10-08-2026,`5,"KAKKAR SMART ENERGY VENTURES LLP, KAKKAR SMART ENERGY VENTURES LLP",Gorakhpur,Sonipat,safeli mahi motors,,131028,1,11-08-2026,11-08-2026,Sonipat_Sector42_P (Haryana),12-08-2026 01:14,Delivered,Delivered,Delivered to Consignee,10-08-2026,11-08-2026 15:52,Pre-paid,5.43766E+13,LM POD document uploaded,,,,24:33.0,15000,50,53:07.5,53:07.5,1,,D1,Forward Shipment,310781321,Haryana
311798589,SAFELI,2,pbsenterprises10 rp b2brc,23:01.5,20-07-2026 16:59,27-07-2026,`454,"KAKKAR SMART ENERGY VENTURES LLP, KAKKAR SMART ENERGY VENTURES LLP",Dhubri,Sonipat,safeli runu  store & automobiles,,131028,1,27-07-2026,27-07-2026,Sonipat_Sector42_P (Haryana),29-07-2026 10:39,Delivered,Delivered,Delivered to Consignee,27-07-2026,27-07-2026 16:34,Pre-paid,5.43766E+13,Clean POD | As per POD audit,,,,31:33.3,15000,6.75,34:30.4,34:30.4,1,,E,Forward Shipment,306634819,Haryana
312661576,A60391A123K27178-5562428,2,pbsenterprises10 rp b2brc,04:01.1,01-08-2026 19:22,06-08-2026,`910,", OXYGEN ENERGY ENTERPRISES",Chikkanayakanahalli,Salem,green wheels electric mobility,,636006,2,05-08-2026,06-08-2026,Salem_Ramalingapuram_H (Tamil Nadu),08-08-2026 11:30,Delivered,Delivered,Delivered to Consignee,06-08-2026,06-08-2026 16:48,Pre-paid,5.43766E+13,Clean POD | As per POD audit,,,,33:13.0,49000,17.44,09:38.3,48:10.3,2,,B,Forward Shipment,309742758,Tamil Nadu
312133317,B111001390213471-5558980,3,pbsenterprises10 rp b2brc,12:59.4,24-07-2026 13:49,29-07-2026,`962,"KABRA EXTRUSION TECHNIK LTDBATTRIXX , KABRA EXTRUSION TECHNIK LTDBATTRIXX",Erode,Pune,power wheels,,410501,1,01-08-2026,01-08-2026,Pune_Bhamboli_L (Maharashtra),01-08-2026 21:41,Delivered,Delivered,Delivered to Consignee,29-07-2026,01-08-2026 14:27,Pre-paid,5.43766E+13,Clean POD | As per POD audit,,,,08:21.7,49000,20.22,27:51.1,27:51.1,1,,D1,Forward Shipment,307457548,Maharashtra
312438587,B60381I23B16048,2,pbsenterprises10 rp b2brc,47:49.8,30-07-2026 12:27,03-08-2026,`84567,"OXYGEN ENERGY ENTERPRISES ampere, OXYGEN ENERGY ENTERPRISES ampere",Hyderabad,Salem,cygni energy private limited,,636006,1,04-08-2026,04-08-2026,Salem_Ramalingapuram_H (Tamil Nadu),05-08-2026 16:49,Delivered,Delivered,Delivered to Consignee,03-08-2026,04-08-2026 17:47,Pre-paid,5.43766E+13,Clean POD | As per POD audit,,,,22:44.5,49000,16.09,47:31.5,47:31.5,1,,D1,Forward Shipment,309170702,Tamil Nadu
312749175,DCGN-9621/26-27,2,pbsenterprises10 rp b2brc,52:56.7,03-08-2026 19:16,07-08-2026,`DCGN-9621/26-27,"MAA KANTI SOLAR POWER, .",Noida,Chitrakoot,fujiyama power system (panel),,210205,1,07-08-2026,07-08-2026,Chitrakoot_Puranibazar_D (Uttar Pradesh),10-08-2026 14:35,Delivered,Delivered,Delivered to Consignee,07-08-2026,07-08-2026 18:31,Pre-paid,5.43766E+13,Clean POD | As per POD audit,,,,01:59.7,37578,51.5,31:28.6,31:28.6,1,,D1,Forward Shipment,310160744,Uttar Pradesh
310830608,B112005070_120189,2,pbsenterprises10 rp b2brc,34:19.6,01-07-2026 19:34,07-07-2026,`22,"KABRA EXTRUSION TECHNIK LTDBATTRIXX , KABRA EXTRUSION TECHNIK LTDBATTRIXX",Nandura,Pune,elego lakshmi motors (kab),,410501,1,06-07-2026,06-07-2026,Pune_Bhamboli_L (Maharashtra),07-07-2026 14:05,Delivered,Delivered,Delivered to Consignee,07-07-2026,06-07-2026 17:05,Pre-paid,5.43766E+13,Clean POD | As per POD audit,,,,13:40.7,49000,17.24,05:03.9,05:03.9,1,,B,Forward Shipment,301969964,Maharashtra
312847424,B1_51105_B_127464,3,pbsenterprises10 rp b2brc,47:03.9,05-08-2026 14:25,08-08-2026,`DC/UPE/PUN/62,"KABRA EXTRUSION TECHNIK-GURUGRAM , KABRA EXTRUSION TECHNIK-GURUGRAM",Ludhiana,Gurgaon,upgrid wh0091,,122004,1,10-08-2026,10-08-2026,Gurgaon_Sihi_L (Haryana),11-08-2026 17:53,Delivered,Delivered,Delivered to Consignee,08-08-2026,10-08-2026 20:40,Pre-paid,5.43766E+13,LM POD document uploaded,,,,04:38.3,40002,52.5,40:12.0,40:12.0,1,,B,Forward Shipment,310786769,Haryana
311133683,DCGN-6792/26-27,3,pbsenterprises10 rp b2brc,18:21.3,04-07-2026 20:19,13-07-2026,`DCGN-6792/26-27,"KANNAAS & CO, KANNAAS & CO",Noida,Tiruchi,fujiyama power system (panel),,620001,2,11-07-2026,13-07-2026,Tiruchi_Navalur_H (Tamil Nadu),14-07-2026 17:25,Delivered,Delivered,Delivered to Consignee,13-07-2026,13-07-2026 15:13,Pre-paid,5.43766E+13,Clean POD | As per POD audit,,,,35:43.9,18147,60.5,13:47.7,13:47.7,1,,D2,Forward Shipment,302580087,Tamil Nadu
313010862,B111001390206156-5562490,3,pbsenterprises10 rp b2brc,12:02.1,10-08-2026 20:47,17-08-2026,`41,"KABRA EXTRUSION TECHNIK LTDBATTRIXX , KABRA EXTRUSION TECHNIK LTDBATTRIXX",Baloda Bazar,Pune,narayan energies,,410501,0,,,Nagpur_Khapari_GW (Maharashtra),12-08-2026 13:12,In Transit,Undelivered,Consignment Dispatched from Origin City,17-08-2026,,Pre-paid,5.43766E+13,,,,,,47000,20.28,,,,,D1,Forward Shipment,312018522,Maharashtra
310876118,Supreme,16,pbsenterprises10 rp b2brc,23:26.8,30-06-2026 16:25,06-07-2026,`SLE/26-27/00191,"Purnaindu EV Zone, Purnaindu EV Zone",Noida,Bardhaman,supreme lithium energy noida 63,,713104,1,04-07-2026,04-07-2026,Bardhaman_Ulhas_I (West Bengal),04-07-2026 13:09,Delivered,Delivered,Delivered to Consignee,06-07-2026,04-07-2026 13:09,Pre-paid,5.43766E+13,Contactless Delivery -  Geofence verified - OUT-SLOT - Auto Check-In at 13:07,,,,10:46.3,250160,12.14,09:33.5,09:33.5,1,,D1,Forward Shipment,301711967,West Bengal
310947230,A48280124C04140 5550260,2,pbsenterprises10 rp b2brc,16:44.4,06-07-2026 17:32,09-07-2026,`001/26-27,"K2G EV , K2G EV",Ahmedabad,Surat,jalaram lithium battery ampere b2b,,395017,1,09-07-2026,09-07-2026,Surat_GIDC1_P (Gujarat),12-07-2026 09:24,Delivered,Delivered,Delivered to Consignee,09-07-2026,09-07-2026 14:29,Pre-paid,5.43766E+13,Clean POD | As per POD audit,,,,18:50.6,47200,8.5,29:48.9,29:48.9,1,,B,Forward Shipment,303158792,Gujarat
312060913,B111001390262103-5560968,3,pbsenterprises10 rp b2brc,49:45.3,22-07-2026 18:13,29-07-2026,`681,"KABRA EXTRUSION TECHNIK LTDBATTRIXX , KABRA EXTRUSION TECHNIK LTDBATTRIXX",Kota,Pune,sr wheels-kota,,410501,1,28-07-2026,28-07-2026,Pune_Bhamboli_L (Maharashtra),31-07-2026 12:50,Delivered,Delivered,Delivered to Consignee,29-07-2026,29-07-2026 16:41,Pre-paid,5.43766E+13,Clean POD | As per POD audit,,,,55:32.3,49000,20.18,43:08.9,43:08.9,1,,D1,Forward Shipment,307163647,Maharashtra
312806917,SAFELI,2,pbsenterprises10 rp b2brc,56:14.2,08-08-2026 18:33,13-08-2026,`45,"KAKKAR SMART ENERGY VENTURES LLP, ASSAM KAKKAR SMART ENERGY VENTURES LLP",Dhubri,Guwahati,"safeli rocky automobile,",,781035,0,,,Siliguri_Jugibhita_GW (West Bengal),12-08-2026 11:58,In Transit,Undelivered,Consignment Dispatched from Origin City,13-08-2026,,Pre-paid,5.43766E+13,,,,,,15000,48.06,,,,,E,Forward Shipment,311620566,Assam
312362862,DCGN-8996/26-27,2,pbsenterprises10 rp b2brc,40:11.7,28-07-2026 19:32,04-08-2026,`DCGN-8996/26-27,"SANA TOTO PARTS, .",Noida,Morgram,fujiyama power system (panel),,742226,1,03-08-2026,03-08-2026,Morgram_Kantagoriya_D (West Bengal),04-08-2026 11:36,Delivered,Delivered,Delivered to Consignee,04-08-2026,03-08-2026 17:28,Pre-paid,5.43766E+13,Clean POD | As per POD audit,,,,43:19.7,37561,49.46,28:55.7,28:55.7,1,,D1,Forward Shipment,308620847,West Bengal
311109186,REDON,3,pbsenterprises10 rp b2brc,51:01.5,07-07-2026 20:01,13-07-2026,`388,"REDON LITHIUM BATTERIES LLP, .",Robertsganj,Noida,digital bharat,,201308,1,13-07-2026,13-07-2026,Noida_Surajpur_L (Uttar Pradesh),14-07-2026 16:30,Delivered,Delivered,Delivered to Consignee,13-07-2026,13-07-2026 19:18,Pre-paid,5.43766E+13,Clean POD | As per POD audit,,,,30:31.5,35000,10.42,18:25.5,18:25.5,1,,D1,Forward Shipment,303499227,Uttar Pradesh
312297472,B111001390176742-5561032,2,pbsenterprises10 rp b2brc,50:29.3,27-07-2026 14:48,29-07-2026,`878,"OXYGEN ENERGY ENTERPRISES-AMPERE, OXYGEN ENERGY ENTERPRISES-AMPERE",Palakkad,Salem,dynamic enterprises,,636006,1,30-07-2026,30-07-2026,Salem_Ramalingapuram_H (Tamil Nadu),31-07-2026 12:50,Delivered,Delivered,Delivered to Consignee,29-07-2026,30-07-2026 17:48,Pre-paid,5.43766E+13,Clean POD | As per POD audit,,,,31:06.2,49000,17.29,48:38.8,48:38.8,1,,B,Forward Shipment,308086275,Tamil Nadu
311831151,B111001390272537-5559647,2,pbsenterprises10 rp b2brc,15:21.5,18-07-2026 18:49,23-07-2026,`909,"KABRA EXTRUSION TECHNIK LTDBATTRIXX , KABRA EXTRUSION TECHNIK LTDBATTRIXX",Chikkanayakanahalli,Pune,green wheels electric mobility,,410501,1,27-07-2026,27-07-2026,Pune_Bhamboli_L (Maharashtra),28-07-2026 16:36,Delivered,Delivered,Delivered to Consignee,23-07-2026,27-07-2026 17:33,Pre-paid,5.43766E+13,Clean POD | As per POD audit,,,,10:36.5,49000,20.38,33:24.2,33:24.2,1,,D1,Forward Shipment,306057094,Maharashtra
311614713,B1_51105_B_127465,3,pbsenterprises10 rp b2brc,00:36.1,14-07-2026 14:37,17-07-2026,`DC/UPE/PUN/55,"KABRA EXTRUSIONTECHNIK LTD, KABRA EXTRUSIONTECHNIK LTD",Ludhiana,Gurgaon,upgrid wh0091,,122004,1,17-07-2026,17-07-2026,Gurgaon_Sihi_L (Haryana),18-07-2026 10:14,Delivered,Delivered,Delivered to Consignee,17-07-2026,17-07-2026 14:46,Pre-paid,5.43766E+13,Clean POD | As per POD audit,,,,59:11.3,40000,51,46:11.1,46:11.1,1,,B,Forward Shipment,305172887,Haryana
312420355,DCGN-9114/26-27,2,pbsenterprises10 rp b2brc,36:57.6,28-07-2026 19:29,04-08-2026,`DCGN-9114/26-27,"HEMANTA BATTERY ENTERPRISES, .",Noida,Kolkata,fujiyama power system (panel),,700006,1,01-08-2026,01-08-2026,Kolkata_Bagmari_L (West Bengal),03-08-2026 10:04,Delivered,Delivered,Delivered to Consignee,04-08-2026,01-08-2026 12:44,Pre-paid,5.43766E+13,Clean POD | As per POD audit,,,,59:08.0,36414,46,44:14.6,44:14.6,1,,C2,Forward Shipment,308620847,West Bengal
312895615,DCGN-9871/26-27,2,pbsenterprises10 rp b2brc,30:47.4,,,`22,"HASIM ENTERPRISE, .",Noida,Raghunathganj,fujiyama power system (panel),,731219,0,,,Noida_Bairangpur_GW (Uttar Pradesh),07-08-2026 19:32,Manifested,Undelivered,Consignment Manifested,,,Pre-paid,5.43766E+13,,,,,,22,20,,,,,D1,Forward Shipment,,West Bengal
312806995,123456,2,pbsenterprises10 rp b2brc,53:14.0,04-08-2026 17:53,07-08-2026,`001,"kakkar smart energy , kakkar",Beawar,Sonipat,safeli bl motors,,131028,1,08-08-2026,08-08-2026,Sonipat_Sector42_P (Haryana),10-08-2026 15:10,Delivered,Delivered,Delivered to Consignee,07-08-2026,08-08-2026 18:05,Pre-paid,5.43766E+13,Clean POD | As per POD audit,,,,41:19.1,48000,56.18,05:22.0,05:22.0,1,,B,Forward Shipment,310495691,Haryana
312902980,B111001390120133 5429533,2,pbsenterprises10 rp b2brc,52:25.2,07-08-2026 16:02,12-08-2026,`Kamal8149,"SAMBHAV AUTOMOBILES , SAMBHAV AUTOMOBILES",Abhanpur,Lucknow,kamal laxmi industrie ampere b2b,,226022,0,,,Lucknow_Bhokapur_GW (Uttar Pradesh),12-08-2026 02:38,In Transit,Undelivered,Consignment Dispatched from Origin City,12-08-2026,,Pre-paid,5.43766E+13,,,,,,49000,16.4,,,,,D1,Forward Shipment,FMINC_45cd3a47-924b-11f1-b753-37db00bbd465,Uttar Pradesh
310993099,SAFELI,2,pbsenterprises10 rp b2brc,46:12.4,02-07-2026 15:47,06-07-2026,`AS-184,"Mayuri motor, Mayuri motor",Guwahati,Mangaldoi,safeli assam kakkar smart energy ventures llp,,784521,2,04-07-2026,06-07-2026,Udalguri_Milonpur_D (Assam),08-07-2026 10:25,Delivered,Delivered,Delivered to Consignee,04-07-2026,06-07-2026 12:08,Pre-paid,5.43766E+13,Clean POD | As per POD audit,,,,54:55.0,45000,49.36,06:49.1,08:41.2,2,,E,Forward Shipment,302248025,Assam
312415742,B111001390207906-5561780,3,pbsenterprises10 rp b2brc,50:13.3,28-07-2026 17:15,03-08-2026,`5,"KABRA EXTRUSION TECHNIK LTDBATTRIXX , KABRA EXTRUSION TECHNIK LTDBATTRIXX",Thrissur,Pune,pallai ampere,,410501,1,06-08-2026,06-08-2026,Pune_Bhamboli_L (Maharashtra),08-08-2026 22:20,Delivered,Delivered,Delivered to Consignee,03-08-2026,07-08-2026 19:39,Pre-paid,5.43766E+13,Clean POD | As per POD audit,,,,23:10.8,40000,20.13,39:16.8,39:16.8,1,,D1,Forward Shipment,308652758,Maharashtra
311186550,B111001390269327-5557744,3,pbsenterprises10 rp b2brc,36:58.4,07-07-2026 13:17,11-07-2026,`863,"KABRA EXTRUSION TECHNIK LTDBATTRIXX , KABRA EXTRUSION TECHNIK LTDBATTRIXX",Sangola,Pune,s m motors,,410501,1,13-07-2026,13-07-2026,Pune_Bhamboli_L (Maharashtra),14-07-2026 17:25,Delivered,Delivered,Delivered to Consignee,11-07-2026,13-07-2026 16:34,Pre-paid,5.43766E+13,Clean POD | As per POD audit,,,,08:11.1,49000,20.13,34:55.8,34:55.8,1,,B,Forward Shipment,303173280,Maharashtra
311118343,FUJIYAMA-6782,2,pbsenterprises10 rp b2brc,40:40.7,04-07-2026 20:19,15-07-2026,`DCGN-6782/26-27,"AKEA MARKETING LLP, .",Noida,Valanchery,fujiyama power system (panel),,676552,1,18-07-2026,18-07-2026,Valanchery_Thiruvegpura_D (Kerala),18-07-2026 19:48,Delivered,Delivered,Delivered to Consignee,13-07-2026,18-07-2026 10:47,Pre-paid,5.43766E+13,Clean POD | As per POD audit,,,,12:18.8,27196,32.97,47:33.2,47:33.2,1,,D2,Forward Shipment,302580087,Kerala
312638441,DCGN-9425/26-27,2,pbsenterprises10 rp b2brc,07:08.9,01-08-2026 18:06,07-08-2026,`DCGN-9425/26-27,", AJEET KUMAR",Noida,Samastipur,fujiyama power system (panel),,848101,1,07-08-2026,07-08-2026,Samastipur_RhmprRdli_D (Bihar),07-08-2026 12:29,Delivered,Delivered,Delivered to Consignee,07-08-2026,07-08-2026 12:29,Pre-paid,5.43766E+13,Contactless Delivery -  Geofence NA,,,,01:04.3,36414,45.79,29:57.0,29:57.0,1,,D1,Forward Shipment,309711732,Bihar
311104776,SAFELI,2,pbsenterprises10 rp b2brc,01:36.6,04-07-2026 16:39,07-07-2026,`23,"KAKKAR SMART ENERGY VENTURES LLP, KAKKAR SMART ENERGY VENTURES LLP",Meerut,Sonipat,safeli green enterprises b2b,,131028,1,06-07-2026,06-07-2026,Sonipat_Sector42_P (Haryana),06-07-2026 18:12,Delivered,Delivered,Delivered to Consignee,07-07-2026,06-07-2026 16:08,Pre-paid,5.43766E+13,Clean POD | As per POD audit,,,,02:07.2,15000,47.96,08:53.0,08:53.0,1,,B,Forward Shipment,302731447,Haryana
311211880,B111002350120706-5554229,2,pbsenterprises10 rp b2brc,23:55.1,07-07-2026 13:12,14-07-2026,`1,"KABRA EXTRUSION TECHNIK LTDBATTRIXX , KABRA EXTRUSION TECHNIK LTDBATTRIXX",Gorakhpur,Pune,rishab motors,,410501,1,13-07-2026,13-07-2026,Pune_Bhamboli_L (Maharashtra),14-07-2026 16:10,Delivered,Delivered,Delivered to Consignee,14-07-2026,13-07-2026 16:36,Pre-paid,5.43766E+13,Clean POD | As per POD audit,,,,38:15.8,43778,17.74,36:09.2,36:09.2,1,,D2,Forward Shipment,303169639,Maharashtra
311258982,B111001390203473-5558263,2,pbsenterprises10 rp b2brc,45:49.6,08-07-2026 12:05,13-07-2026,`870,"KABRA EXTRUSION TECHNIK LTDBATTRIXX , KABRA EXTRUSION TECHNIK LTDBATTRIXX",Dhule,Pune,ismail auto,,410501,1,11-07-2026,11-07-2026,Pune_Bhamboli_L (Maharashtra),13-07-2026 12:38,Delivered,Delivered,Delivered to Consignee,13-07-2026,11-07-2026 17:59,Pre-paid,5.43766E+13,Clean POD | As per POD audit,,,,53:09.6,49000,21.16,59:47.0,59:47.0,1,,B,Forward Shipment,303473452,Maharashtra
312031529,E2W4830A44250298-5561016,4,pbsenterprises10 rp b2brc,11:54.9,23-07-2026 15:55,27-07-2026,`900,"CYGNI ENERGY PRIVATE LIMITED, CYGNI ENERGY PRIVATE LIMITED",Malappuram,Hyderabad,cmh motors,,501359,1,28-07-2026,28-07-2026,Hyderabad_Shamshbd_H (Telangana),29-07-2026 15:19,Delivered,Delivered,Delivered to Consignee,27-07-2026,28-07-2026 18:08,Pre-paid,5.43766E+13,Clean POD | As per POD audit,,,,13:56.4,49000,13.52,08:51.6,08:51.6,1,,D1,Forward Shipment,307233556,Telangana
311068760,B111001390209366-5557175,2,pbsenterprises10 rp b2brc,18:57.5,04-07-2026 18:45,10-07-2026,`3,"KABRA EXTRUSION TECHNIK LTDBATTRIXX , KABRA EXTRUSION TECHNIK LTDBATTRIXX",Thrissur,Pune,pallai ampere,,410501,1,11-07-2026,11-07-2026,Pune_Bhamboli_L (Maharashtra),13-07-2026 11:45,Delivered,Delivered,Delivered to Consignee,10-07-2026,11-07-2026 18:00,Pre-paid,5.43766E+13,Clean POD | As per POD audit,,,,21:31.4,30000,20.12,00:31.7,00:31.7,1,,D1,Forward Shipment,302536858,Maharashtra
311564557,B111002350123227-5494568,2,pbsenterprises10 rp b2brc,24:53.7,14-07-2026 16:46,17-07-2026,`872,"KABRA EXTRUSION TECHNIK-GURUGRAM , KABRA EXTRUSION TECHNIK-GURUGRAM",Saharanpur,Gurgaon,bagla ampere electric,,122004,1,17-07-2026,17-07-2026,Gurgaon_Sihi_L (Haryana),18-07-2026 10:14,Delivered,Delivered,Delivered to Consignee,17-07-2026,17-07-2026 18:38,Pre-paid,5.43766E+13,Clean POD | As per POD audit,,,,22:12.6,49000,18.46,38:57.9,38:57.9,1,,B,Forward Shipment,304933858,Haryana
311734272,MK5AJQINBA00781  5553096,2,pbsenterprises10 rp b2brc,09:14.7,17-07-2026 20:59,21-07-2026,`6588,"OM MOTOR, OM MOTOR",Raipur,Balasore,kamal laxami ampere brc,,756003,1,21-07-2026,21-07-2026,Balasore_Ganeswarpur_I (Orissa),22-07-2026 14:39,Delivered,Delivered,Delivered to Consignee,21-07-2026,21-07-2026 12:18,Pre-paid,5.43766E+13,Clean POD | As per POD audit,,,,07:18.7,49000,29.62,18:37.5,18:37.5,1,,D1,Forward Shipment,305941250,Orissa
310849534,B111001390206377-5553170,2,pbsenterprises10 rp b2brc,47:05.7,30-06-2026 20:17,06-07-2026,`753,"KABRA EXTRUSION TECHNIK LTDBATTRIXX , KABRA EXTRUSION TECHNIK LTDBATTRIXX",Gadarwara,Pune,maa ambe automobile,,410501,1,06-07-2026,06-07-2026,Pune_Bhamboli_L (Maharashtra),07-07-2026 12:08,Delivered,Delivered,Delivered to Consignee,06-07-2026,06-07-2026 17:05,Pre-paid,5.43766E+13,Clean POD | As per POD audit,,,,58:14.3,49000,20.24,05:45.5,05:45.5,1,,D1,Forward Shipment,301550840,Maharashtra
311130040,DCGN-6820/26-27,2,pbsenterprises10 rp b2brc,41:33.2,04-07-2026 20:20,13-07-2026,`DCGN-6820/26-27,"SANA TOTO PARTS, SANA TOTO PARTS",Noida,Morgram,fujiyama power system (panel),,742226,1,13-07-2026,13-07-2026,Morgram_Kantagoriya_D (West Bengal),13-07-2026 12:37,Delivered,Delivered,Delivered to Consignee,11-07-2026,13-07-2026 12:37,Pre-paid,5.43766E+13,Contactless Delivery -  Geofence not verified,,,,48:00.2,39291,49.2,37:33.6,37:33.6,1,,D1,Forward Shipment,302580087,West Bengal
312395352,EA6039D242204271,2,pbsenterprises10 rp b2brc,12:20.7,28-07-2026 15:42,31-07-2026,`7760,"Pragati moto Ampere Showroom,  Pragati moto Ampere Showroom",Salem,Hyderabad,oxygen energy enterprises ampere,,500039,3,04-08-2026,07-08-2026,Hyderabad_Ravindranagar_L (Telangana),07-08-2026 15:14,Delivered,Delivered,Delivered to Consignee,31-07-2026,07-08-2026 15:14,Pre-paid,5.43766E+13,Contactless Delivery -  Geofence NA,,,,41:01.8,49000,14.38,10:15.7,14:24.9,3,,D1,Forward Shipment,308389222,Telangana
311641521,B111001390222375-5558306,2,pbsenterprises10 rp b2brc,37:31.4,15-07-2026 15:10,21-07-2026,`917,"KABRA EXTRUSION TECHNIK LTDBATTRIXX , KABRA EXTRUSION TECHNIK LTDBATTRIXX",Haridwar,Pune,arjun automobiles,,410501,1,21-07-2026,21-07-2026,Pune_Bhamboli_L (Maharashtra),22-07-2026 17:07,Delivered,Delivered,Delivered to Consignee,21-07-2026,21-07-2026 17:54,Pre-paid,5.43766E+13,Clean POD | As per POD audit,,,,11:42.6,49000,20.32,54:35.2,54:35.2,1,,D2,Forward Shipment,305244480,Maharashtra
313011591,SAFELI,2,pbsenterprises10 rp b2brc,21:49.9,08-08-2026 20:13,17-08-2026,`AS-258,"KAKKAR SMART ENERGY VENTURES LLP, KAKKAR SMART ENERGY VENTURES LLP",Guwahati,Sonipat,safeli assam kakkar smart energy ventures llp,,131028,0,,,Guwahati_KaliPahar_GW (Assam),10-08-2026 20:39,In Transit,Undelivered,Consignment Dispatched from Origin City,17-08-2026,,Pre-paid,5.43766E+13,,,,,,30000,30.98,,,,,E,Forward Shipment,311612440,Haryana
312610909,DCGN-9424/26-27,2,pbsenterprises10 rp b2brc,17:25.6,31-07-2026 19:43,05-08-2026,`DCGN-9424/26-27,", SANTOSH KUMAR SINGH (SERVICE ENG.)",Noida,Muzaffarpur,fujiyama power system (panel),,842001,1,04-08-2026,04-08-2026,Muzaffarpur_Gobarsahi_H (Bihar),05-08-2026 17:03,Delivered,Delivered,Delivered to Consignee,05-08-2026,04-08-2026 16:30,Pre-paid,5.43766E+13,Clean POD | As per POD audit,,,,35:29.2,37561,49.24,30:22.3,30:22.3,1,,D1,Forward Shipment,309440961,Bihar
312558436,DCGN-9298/26-27,2,pbsenterprises10 rp b2brc,24:43.6,30-07-2026 19:21,05-08-2026,`DCGN-9298/26-27,"SAURAV ELECTRONICS, .",Noida,Begusarai,fujiyama power system (panel),,851129,1,04-08-2026,04-08-2026,Begusarai_Shahpur_H (Bihar),05-08-2026 11:49,Delivered,Delivered,Delivered to Consignee,05-08-2026,04-08-2026 11:25,Pre-paid,5.43766E+13,Clean POD | As per POD audit,,,,28:43.6,37561,49.3,25:10.4,25:10.4,1,,D1,Forward Shipment,309173980,Bihar
311862405,SAFELI,2,pbsenterprises10 rp b2brc,17:28.9,18-07-2026 18:51,22-07-2026,`56,"KAKKAR SMART ENERGY VENTURES LLP, KAKKAR SMART ENERGY VENTURES LLP",Kashipur,Sonipat,safeli pm motors,,131028,1,22-07-2026,22-07-2026,Sonipat_Sector42_P (Haryana),23-07-2026 17:58,Delivered,Delivered,Delivered to Consignee,22-07-2026,22-07-2026 15:02,Pre-paid,5.43766E+13,Clean POD | As per POD audit,,,,32:45.3,15000,51.43,02:14.8,02:14.8,1,,B,Forward Shipment,306225454,Haryana
312957948,B111001390216503-5563105,2,pbsenterprises10 rp b2brc,54:19.7,07-08-2026 19:10,14-08-2026,`911,"KABRA EXTRUSION TECHNIK LTDBATTRIXX , KABRA EXTRUSION TECHNIK LTDBATTRIXX",Chikkanayakanahalli,Pune,green wheels electric mobility,,410501,1,11-08-2026,11-08-2026,Pune_Bhamboli_L (Maharashtra),11-08-2026 14:07,Dispatched,Undelivered,Out for Delivery,14-08-2026,,Pre-paid,5.43766E+13,,,,,43:24.4,48997,19.99,,,,,D1,Forward Shipment,311337932,Maharashtra
312026020,DCGN-8286/26-27,2,pbsenterprises10 rp b2brc,00:55.8,22-07-2026 20:09,27-07-2026,`DCGN-8286/26-27,"M/S SUN SHINE TRADERS, .",Noida,Panipat,fujiyama power system (panel),,132103,1,25-07-2026,25-07-2026,Panipat_Diwana_P (Haryana),26-07-2026 08:54,Delivered,Delivered,Delivered to Consignee,27-07-2026,25-07-2026 11:46,Pre-paid,5.43766E+13,Clean POD | As per POD audit,,,,35:14.3,111302,113,46:58.8,46:58.8,1,,B,Forward Shipment,307136441,Haryana
312681892,rachna ji,3,pbsenterprises10 rp b2brc,08:40.8,04-08-2026 17:35,10-08-2026,`SM/NR/26/0485056,", Surendra Singh",Purnia,Bilaspur-HR,rachna ji shankar das 1062f,,123401,1,12-08-2026,12-08-2026,Gurgaon_Pathradi_L (Haryana),12-08-2026 10:19,Dispatched,Undelivered,Out for Delivery,10-08-2026,,Pre-paid,5.43766E+13,,,,,50:20.8,33023.48,64.62,,,,,D1,Forward Shipment,310474555,Haryana
312815465,LN42605000400EE0,3,pbsenterprises10 rp b2brc,35:17.7,05-08-2026 15:59,08-08-2026,`DC/July/001,"KABRA EXTRUSION TECHNIK LTDBATTRIXX , KABRA EXTRUSION TECHNIK LTDBATTRIXX",Greater Thane,Pune,eon enterprises (kab)),,410501,1,10-08-2026,10-08-2026,Pune_Bhamboli_L (Maharashtra),11-08-2026 17:07,Delivered,Delivered,Delivered to Consignee,08-08-2026,10-08-2026 18:56,Pre-paid,5.43766E+13,Clean POD | As per POD audit,,,,53:50.7,4000,22.74,56:10.2,56:10.2,1,,B,Forward Shipment,310580101,Maharashtra
311736570,RACHNAJI,2,pbsenterprises10 rp b2brc,38:07.3,20-07-2026 16:48,23-07-2026,`D-993/26-27,"RISHIKESH PAL, FUJIYAMA POWER SYSTEMS LIMITED-NOIDA 51,52",Kota,Noida,rachna ji parveen 1121,,201308,1,23-07-2026,23-07-2026,Noida_Surajpur_L (Uttar Pradesh),24-07-2026 16:18,Delivered,Delivered,Delivered to Consignee,23-07-2026,23-07-2026 21:18,Pre-paid,5.43766E+13,Wrong / Incorrect POD uploaded,,,,56:38.3,51908,49.72,18:38.5,18:38.5,1,,D1,Forward Shipment,306598785,Uttar Pradesh
312409477,DCGN-9063/26-27,2,pbsenterprises10 rp b2brc,42:04.2,28-07-2026 19:38,31-07-2026,`DCGN-9063/26-27,"MAHABIR SINGH , .",Noida,Gurgaon,fujiyama power system (panel),,122001,1,31-07-2026,31-07-2026,Gurgaon_Sector17_L (Haryana),11-08-2026 12:14,Delivered,Delivered,Delivered to Consignee,31-07-2026,06-08-2026 13:56,Pre-paid,5.43766E+13,Clean POD | As per POD audit,,,,40:33.6,113023,117.5,46:04.9,56:18.3,2,46:32.5,A,Forward Shipment,308620847,Haryana
310946867,B111001390192847  5493961,2,pbsenterprises10 rp b2brc,09:49.4,06-07-2026 17:31,08-07-2026,`004/26-27,"CHIRANIYA AMPERE (ARKE OMINITRADE), CHIRANIYA AMPERE (ARKE OMINITRADE)",Ahmedabad,Ahmedabad,jalaram lithium battery ampere b2b,,380007,1,08-07-2026,08-07-2026,Ahmedabad_Sanathal_L (Gujarat),10-07-2026 12:04,Delivered,Delivered,Delivered to Consignee,08-07-2026,08-07-2026 18:04,Pre-paid,5.43766E+13,Clean POD | As per POD audit,,,,36:00.5,47200,14.22,04:48.1,04:48.1,1,,A,Forward Shipment,303158792,Gujarat
311578766,B111001390258539-5558906,2,pbsenterprises10 rp b2brc,50:50.1,15-07-2026 17:51,21-07-2026,`914,"KABRA EXTRUSION TECHNIK LTDBATTRIXX , KABRA EXTRUSION TECHNIK LTDBATTRIXX",Haldwani,Pune,shiv shakti motors,,410501,1,22-07-2026,22-07-2026,Pune_Bhamboli_L (Maharashtra),24-07-2026 16:51,Delivered,Delivered,Delivered to Consignee,21-07-2026,23-07-2026 18:58,Pre-paid,5.43766E+13,Clean POD | As per POD audit,,,,39:54.4,49000,20.9,59:04.4,59:04.4,1,,D2,Forward Shipment,305244511,Maharashtra
312405121,B111001390226784-5560995,2,pbsenterprises10 rp b2brc,48:14.7,28-07-2026 17:43,03-08-2026,`658,"KABRA EXTRUSION TECHNIK LTDBATTRIXX , KABRA EXTRUSION TECHNIK LTDBATTRIXX",Korba,Pune,khushi wheels,,410501,1,05-08-2026,05-08-2026,Pune_Bhamboli_L (Maharashtra),06-08-2026 14:43,Delivered,Delivered,Delivered to Consignee,03-08-2026,05-08-2026 16:59,Pre-paid,5.43766E+13,Clean POD | As per POD audit,,,,23:21.8,49000,20.6,59:48.8,59:48.8,1,,D1,Forward Shipment,308666192,Maharashtra
311870584,B111002350123741-5558797,2,pbsenterprises10 rp b2brc,48:55.3,21-07-2026 15:27,27-07-2026,`650,"KABRA EXTRUSION TECHNIK LTDBATTRIXX , KABRA EXTRUSION TECHNIK LTDBATTRIXX",Shivpuri,Pune,cr ampere,,410501,1,31-07-2026,31-07-2026,Pune_Bhamboli_L (Maharashtra),01-08-2026 21:39,Delivered,Delivered,Delivered to Consignee,27-07-2026,31-07-2026 16:32,Pre-paid,5.43766E+13,Clean POD | As per POD audit,,,,18:06.1,49000,20.72,32:16.9,32:16.9,1,,D1,Forward Shipment,306912566,Maharashtra
311135961,DCGN-6800/26-27,2,pbsenterprises10 rp b2brc,45:15.0,04-07-2026 20:21,13-07-2026,`DCGN-6800/26-27,"Karanjit Singh (ser Eng. Tarn Taran)1539, Karanjit Singh (ser Eng. Tarn Taran)1539",Noida,Tarn Taran Sahib,fujiyama power system (panel),,143401,1,09-07-2026,09-07-2026,TarnTaranSahib_BasantAvenue_D (Punjab),09-07-2026 09:49,Delivered,Delivered,Delivered to Consignee,08-07-2026,09-07-2026 09:49,Pre-paid,5.43766E+13,Contactless Delivery -  Geofence NA,,,,32:39.1,121766,114,50:04.3,50:04.3,1,,B,Forward Shipment,302580087,Punjab
312485694,B111001390280591-5557551,2,pbsenterprises10 rp b2brc,07:26.6,30-07-2026 19:19,05-08-2026,`889,"KABRA EXTRUSION TECHNIK LTDBATTRIXX , KABRA EXTRUSION TECHNIK LTDBATTRIXX",Kathua,Pune,newage electric,,410501,1,06-08-2026,06-08-2026,Pune_Bhamboli_L (Maharashtra),08-08-2026 14:52,Delivered,Delivered,Delivered to Consignee,05-08-2026,07-08-2026 19:43,Pre-paid,5.43766E+13,Clean POD | As per POD audit,,,,42:57.5,49000,20.24,43:37.9,43:37.9,1,,E,Forward Shipment,308968825,Maharashtra
310818389,Bounce,2,pbsenterprises10 rp b2brc,31:45.7,29-06-2026 16:05,04-07-2026,`176,"Clean Electric Private Limited, Clean Electric Private Limited",Delhi,Pune,bounce suny kumar,,410501,1,04-07-2026,04-07-2026,Pune_Bhamboli_L (Maharashtra),04-07-2026 17:15,Delivered,Delivered,Delivered to Consignee,04-07-2026,04-07-2026 14:14,Pre-paid,5.43766E+13,Clean POD | As per POD audit,,,,57:49.3,40000,15.3,14:11.4,14:11.4,1,,C2,Forward Shipment,301474796,Maharashtra
312033597,B111001390271160-5560468,2,pbsenterprises10 rp b2brc,37:12.8,22-07-2026 16:10,27-07-2026,`871,"KABRA EXTRUSION TECHNIK LTDBATTRIXX , KABRA EXTRUSION TECHNIK LTDBATTRIXX",Dhule,Pune,ismail auto,,410501,1,27-07-2026,27-07-2026,Pune_Bhamboli_L (Maharashtra),28-07-2026 17:32,Delivered,Delivered,Delivered to Consignee,27-07-2026,27-07-2026 17:32,Pre-paid,5.43766E+13,Clean POD | As per POD audit,,,,35:50.3,49000,20.32,33:02.1,33:02.1,1,,B,Forward Shipment,307005538,Maharashtra
312537268,B111001390197171  5554314,4,pbsenterprises10 rp b2brc,57:02.6,31-07-2026 18:58,06-08-2026,`Kamal859,"KPT AUTO, KPT AUTO",Abhanpur,Gaya,kamal laxmi industrie ampere b2b,,823001,1,07-08-2026,07-08-2026,Gaya_Matihani_H (Bihar),08-08-2026 18:09,Delivered,Delivered,Delivered to Consignee,06-08-2026,07-08-2026 19:31,Pre-paid,5.43766E+13,Clean POD | As per POD audit,,,,29:10.4,49000,17.28,31:55.7,31:55.7,1,,D1,Forward Shipment,309455764,Bihar
311004681,redon,2,pbsenterprises10 rp b2brc,11:20.5,04-07-2026 14:20,08-07-2026,`385,"REDON LITHIUM BATTERIES LLP, .",Jagdishpur-UP,Noida,jai sachidanand automobile,,201308,1,09-07-2026,09-07-2026,Noida_Surajpur_L (Uttar Pradesh),10-07-2026 14:45,Delivered,Delivered,Delivered to Consignee,08-07-2026,09-07-2026 18:56,Pre-paid,5.43766E+13,Clean POD | As per POD audit,,,,38:13.3,25001,15.9,57:00.0,57:00.0,1,,D1,Forward Shipment,302734552,Uttar Pradesh
311351692,DCGN-7221/26-27,2,pbsenterprises10 rp b2brc,21:46.1,09-07-2026 18:37,13-07-2026,`DCGN-7221/26-27,"R.S. TRADERSS, .",Noida,Firozabad,fujiyama power system (panel),,283203,1,13-07-2026,13-07-2026,Firozabad_Kakrau_D (Uttar Pradesh),15-07-2026 14:50,Delivered,Delivered,Delivered to Consignee,13-07-2026,13-07-2026 17:30,Pre-paid,5.43766E+13,Clean POD | As per POD audit,,,,54:22.8,21016,47.42,30:15.0,30:15.0,1,,B,Forward Shipment,303931375,Uttar Pradesh
312436135,B111001390239977-5561760,2,pbsenterprises10 rp b2brc,15:01.0,29-07-2026 15:58,03-08-2026,`587,"KABRA EXTRUSION TECHNIK LTDBATTRIXX , KABRA EXTRUSION TECHNIK LTDBATTRIXX",Mandsaur,Pune,labdhi ampere,,410501,1,04-08-2026,04-08-2026,Pune_Bhamboli_L (Maharashtra),05-08-2026 19:03,Delivered,Delivered,Delivered to Consignee,03-08-2026,04-08-2026 16:09,Pre-paid,5.43766E+13,Clean POD | As per POD audit,,,,18:22.7,48998,20.18,09:08.4,09:08.4,1,,D1,Forward Shipment,308750547,Maharashtra
311349275,DCGN-7162/26-27,3,pbsenterprises10 rp b2brc,52:52.1,13-07-2026 17:56,20-07-2026,`DCGN-7162/26-27,"SHREE GEETA BATTERY SERVICE, .",Noida,Junagadh,fujiyama power system (panel),,362001,1,30-07-2026,30-07-2026,Junagadh_Dolatpara_I (Gujarat),31-07-2026 12:50,Delivered,Delivered,Delivered to Consignee,20-07-2026,30-07-2026 17:58,Pre-paid,5.43766E+13,Clean POD | As per POD audit,,,,49:57.8,22789,65.2,58:19.9,58:19.9,1,,D1,Forward Shipment,304847002,Gujarat
275796693,310780584,2,pbsenterprises10 rp b2brc,23:16.0,05-08-2026 17:23,08-08-2026,`5555,"kakkar smart energy , kakkar",Satna,Sonipat,safeli bunty e-rickshaw,,131028,0,,,Gurgaon_Tauru_GW (Haryana),12-08-2026 04:44,In Transit,Undelivered,Consignment Dispatched from Origin City,08-08-2026,,Pre-paid,5.43766E+13,,,,,,45000,49.8,,,,,D1,Forward Shipment,310780584,Haryana
312839657,Supreme,6,pbsenterprises10 rp b2brc,15:21.6,05-08-2026 19:42,10-08-2026,`SLE/26-27/0284,"M D Hasim, M D Hasim",Noida,Ghatakpukur,supreme lithium energy noida 63,,743502,1,10-08-2026,10-08-2026,Ghatakpukur_Nalmuri_DPP (West Bengal),10-08-2026 22:14,Delivered,Delivered,Delivered to Consignee,10-08-2026,10-08-2026 22:14,Pre-paid,5.43766E+13,Contactless Delivery -  Geofence NA,,,,46:27.5,90836,13.02,14:30.7,14:30.7,1,,D2,Forward Shipment,310763730,West Bengal
311417162,SAFELI,3,pbsenterprises10 rp b2brc,45:09.3,10-07-2026 15:37,16-07-2026,`AS-177,"KAKKAR SMART ENERGY VENTURES LLP, KAKKAR SMART ENERGY VENTURES LLP",Guwahati,Sonipat,safeli assam kakkar smart energy ventures llp,,131028,1,17-07-2026,17-07-2026,Sonipat_Sector42_P (Haryana),18-07-2026 19:47,Delivered,Delivered,Delivered to Consignee,16-07-2026,17-07-2026 17:46,Pre-paid,5.43766E+13,Clean POD | As per POD audit,,,,49:35.5,32000,34.8,46:24.9,46:24.9,1,,E,Forward Shipment,304237946,Haryana
312420564,B60381H24A02002-5560420,2,pbsenterprises10 rp b2brc,39:10.5,29-07-2026 17:59,01-08-2026,`887,"OXYGEN ENERGY ENTERPRISES-AMPERE, OXYGEN ENERGY ENTERPRISES-AMPERE",Sathyamangalam,Salem,future motors,,636006,1,01-08-2026,01-08-2026,Salem_Ramalingapuram_H (Tamil Nadu),02-08-2026 16:02,Delivered,Delivered,Delivered to Consignee,01-08-2026,01-08-2026 17:36,Pre-paid,5.43766E+13,Clean POD | As per POD audit,,,,51:05.9,49000,16.6,36:53.0,36:53.0,1,,B,Forward Shipment,308708327,Tamil Nadu
311609454,SAFELI,2,pbsenterprises10 rp b2brc,58:08.5,14-07-2026 22:40,21-07-2026,`3435,"KAKKAR SMART ENERGY VENTURES LLP, KAKKAR SMART ENERGY VENTURES LLP",Khagaria,Sonipat,safeli vaishnavi traders b2b,,131028,1,21-07-2026,21-07-2026,Sonipat_Sector42_P (Haryana),23-07-2026 20:43,Delivered,Delivered,Delivered to Consignee,21-07-2026,21-07-2026 12:49,Pre-paid,5.43766E+13,Clean POD | As per POD audit,,,,35:35.9,15000,52,49:15.2,49:15.2,1,,D1,Forward Shipment,305155537,Haryana
311477499,B1_51105_B_129073,6,pbsenterprises10 rp b2brc,20:23.5,11-07-2026 15:47,14-07-2026,`DC/UEPL/LKO/1688,"KABRA EXTRUSIONTECHNIK LTD, KABRA EXTRUSIONTECHNIK LTD",Lucknow,Gurgaon,upgrid wh0105 lucknow,,122004,1,15-07-2026,15-07-2026,Gurgaon_Sihi_L (Haryana),17-07-2026 15:43,Delivered,Delivered,Delivered to Consignee,14-07-2026,15-07-2026 15:10,Pre-paid,5.43766E+13,Clean POD | As per POD audit,,,,46:17.9,114165,51.68,10:54.2,10:54.2,1,,D1,Forward Shipment,304251852,Haryana
311617086,B112004450_126923,2,pbsenterprises10 rp b2brc,29:55.2,15-07-2026 14:35,20-07-2026,`DC/UEPL/GRK/372,"KABRA EXTRUSION TECHNIK-GURUGRAM , KABRA EXTRUSION TECHNIK-GURUGRAM",Gorakhpur,Gurgaon,upgrid wh0049 gorakhpur,,122004,2,23-07-2026,28-07-2026,Gurgaon_Sihi_L (Haryana),30-07-2026 14:45,Delivered,Delivered,Delivered to Consignee,20-07-2026,28-07-2026 19:15,Pre-paid,5.43766E+13,Clean POD | As per POD audit,,,,00:26.5,20001,21.06,15:34.7,15:34.7,1,,D1,Forward Shipment,305179989,Haryana
313014718,B111002350121413-5563128,3,pbsenterprises10 rp b2brc,04:36.5,08-08-2026 15:56,12-08-2026,`908,"KABRA EXTRUSION TECHNIK LTDBATTRIXX , KABRA EXTRUSION TECHNIK LTDBATTRIXX",Malegaon,Pune,baba motors,,410501,0,,,Pune_Bhamboli_L (Maharashtra),12-08-2026 07:52,Pending,Undelivered,Consignment Reached at Destination,12-08-2026,,Pre-paid,5.43766E+13,,,,,52:06.3,49000,12.44,,,,,B,Forward Shipment,311615891,Maharashtra
312026954,A48281G123L28213-5560229,2,pbsenterprises10 rp b2brc,11:32.7,22-07-2026 15:33,27-07-2026,`201,"KAMAL LAXMI INDUSTRIES-AMPERE, KAMAL LAXMI INDUSTRIES-AMPERE",Varanasi,Raipur,anant automobile,,492015,1,27-07-2026,27-07-2026,Raipur_Devpuri_L (Chhattisgarh),28-07-2026 14:39,Delivered,Delivered,Delivered to Consignee,27-07-2026,27-07-2026 12:14,Pre-paid,5.43766E+13,Clean POD | As per POD audit,,,,43:40.3,49000,10,15:06.3,15:06.3,1,,D1,Forward Shipment,306986257,Chhattisgarh
312428944,RACHNA JI,2,pbsenterprises10 rp b2brc,52:49.7,30-07-2026 17:54,04-08-2026,`D-010158/26-27,"FUJIYAMA POWER SYSTEMS LIMITED, FUJIYAMA POWER SYSTEMS LIMITED",Ballia,Noida,rachna ji  wasim firoz 5509e,,201301,1,04-08-2026,04-08-2026,Noida_Surajpur_L (Uttar Pradesh),07-08-2026 14:14,Delivered,Delivered,Delivered to Consignee,04-08-2026,06-08-2026 08:41,Pre-paid,5.43766E+13,Clean POD | As per POD audit,,,,25:37.9,63888,50,41:23.6,41:23.6,1,,D1,Forward Shipment,309023285,Uttar Pradesh
311317643,RACHNA JI,5,pbsenterprises10 rp b2brc,05:24.3,09-07-2026 17:38,10-07-2026,`D-871/26-27,"RISHIKESH PAL, FUJIYAMA POWER SYSTEMS LIMITED-NOIDA 51,52",Gurgaon,Noida,rachna ji mahabir 5526c,,201308,2,13-07-2026,15-07-2026,Noida_Surajpur_L (Uttar Pradesh),16-07-2026 15:52,Delivered,Delivered,Delivered to Consignee,10-07-2026,15-07-2026 20:00,Pre-paid,5.43766E+13,Clean POD | As per POD audit,,,,53:23.6,509760,64.4,00:48.8,00:48.8,1,,A,Forward Shipment,303950712,Uttar Pradesh
312263894,B112004420_124962,3,pbsenterprises10 rp b2brc,46:40.1,25-07-2026 17:49,28-07-2026,`DC/UEPL/LKO/1721,"KABRA EXTRUSIONTECHNIK LTD, KABRA EXTRUSIONTECHNIK LTD",Lucknow,Gurgaon,upgrid wh0105 lucknow,,122004,1,30-07-2026,30-07-2026,Gurgaon_Sihi_L (Haryana),31-07-2026 12:49,Delivered,Delivered,Delivered to Consignee,28-07-2026,30-07-2026 18:17,Pre-paid,5.43766E+13,Clean POD | As per POD audit,,,,48:56.3,1,20.28,17:22.9,17:22.9,1,,D1,Forward Shipment,307732242,Haryana
311937231,B112004180_129756,3,pbsenterprises10 rp b2brc,20:26.5,21-07-2026 15:55,25-07-2026,`DC/UEPL/MOZ/524,"KABRA EXTRUSION TECHNIK-GURUGRAM , KABRA EXTRUSION TECHNIK-GURUGRAM",Muzaffarnagar,Gurgaon,upgrid muzaffarnagar wh0019,,122004,2,24-07-2026,28-07-2026,Gurgaon_Sihi_L (Haryana),30-07-2026 16:16,Delivered,Delivered,Delivered to Consignee,25-07-2026,28-07-2026 19:17,Pre-paid,5.43766E+13,Clean POD | As per POD audit,,,,46:41.0,40002,49.5,17:48.3,17:48.3,1,,B,Forward Shipment,306649361,Haryana
312063397,B1_51105_B_125459,4,pbsenterprises10 rp b2brc,17:35.3,22-07-2026 15:19,25-07-2026,`DC/UEPL/LKO/796,"KABRA EXTRUSIONTECHNIK LTD, KABRA EXTRUSIONTECHNIK LTD",Lucknow,Gurgaon,upgrid wh0087 lucknow,,122004,2,28-07-2026,30-07-2026,Gurgaon_Sihi_L (Haryana),31-07-2026 12:44,Delivered,Delivered,Delivered to Consignee,25-07-2026,30-07-2026 17:34,Pre-paid,5.43766E+13,Clean POD | As per POD audit,,,,52:04.2,60003,20.18,34:16.6,34:16.6,1,,D1,Forward Shipment,307178938,Haryana
312264923,B111001390210032-5561192,5,pbsenterprises10 rp b2brc,56:15.8,27-07-2026 16:47,01-08-2026,`1005,"KABRA EXTRUSION TECHNIK LTDBATTRIXX , KABRA EXTRUSION TECHNIK LTDBATTRIXX",Delhi,Pune,benz india pvt ltd,,410501,1,04-08-2026,04-08-2026,Pune_Bhamboli_L (Maharashtra),05-08-2026 16:09,Delivered,Delivered,Delivered to Consignee,01-08-2026,04-08-2026 16:07,Pre-paid,5.43766E+13,Clean POD | As per POD audit,,,,25:25.3,49000,19.56,07:20.3,07:20.3,1,,C2,Forward Shipment,308370364,Maharashtra
312951807,A48281E24F13199 5559427,2,pbsenterprises10 rp b2brc,32:53.2,07-08-2026 14:11,11-08-2026,`8733,"ANJAN E BIKES, ANJAN E BIKES",Salem,Tiruppattur,oxygen energy enterprises ampere,,635601,1,11-08-2026,11-08-2026,Tiruppattur_KrishagiriRd_D (Tamil Nadu),11-08-2026 11:59,Delivered,Delivered,Delivered to Consignee,10-08-2026,11-08-2026 11:59,Pre-paid,5.43766E+13,Contactless Delivery -  Geofence not verified,,,,44:25.3,49000,7.98,00:01.0,00:01.0,1,,B,Forward Shipment,311321512,Tamil Nadu
311610978,SAFELI,2,pbsenterprises10 rp b2brc,14:22.7,14-07-2026 16:42,18-07-2026,`34,"KAKKAR SMART ENERGY VENTURES LLP, ASSAM KAKKAR SMART ENERGY VENTURES LLP",Lakhipur,Guwahati,safeli salma-e-motors,,781035,1,17-07-2026,17-07-2026,Guwahati_Kaikchi1_L (Assam),18-07-2026 19:47,Delivered,Delivered,Delivered to Consignee,18-07-2026,17-07-2026 17:25,Pre-paid,5.43766E+13,Clean POD | As per POD audit,,,,30:45.3,15000,52.47,25:51.0,25:51.0,1,,E,Forward Shipment,305156224,Assam
310941800,Bounce,2,pbsenterprises10 rp b2brc,47:53.5,01-07-2026 13:35,06-07-2026,`EV-6452,"Bounce Corporate office, Bounce Corporate office",Gurgaon,Bangalore,bounce exicom ggn,,560078,1,09-07-2026,09-07-2026,Bangalore_Kothnur_L (Karnataka),09-07-2026 14:06,Delivered,Delivered,Delivered to Consignee,06-07-2026,09-07-2026 14:06,Pre-paid,5.43766E+13,Contactless Delivery -  Geofence verified,,,,28:25.3,30000,14.2,07:06.8,07:06.8,1,,C2,Forward Shipment,301985953,Karnataka
312403848,B112004450_121736,2,pbsenterprises10 rp b2brc,34:57.6,28-07-2026 19:54,01-08-2026,`DC/UEPL/STP/462,"KABRA EXTRUSIONTECHNIK LTD, KABRA EXTRUSIONTECHNIK LTD",Sitapur,Gurgaon,upgrid sitapur wh0021,,122004,1,01-08-2026,01-08-2026,Gurgaon_Sihi_L (Haryana),01-08-2026 15:47,Delivered,Delivered,Delivered to Consignee,01-08-2026,01-08-2026 15:45,Pre-paid,5.43766E+13,Clean POD | As per POD audit,,,,23:21.2,20001,20.24,45:40.3,45:40.3,1,,B,Forward Shipment,308662668,Haryana
311965163,DCGN-8207/26-27,2,pbsenterprises10 rp b2brc,24:46.8,21-07-2026 20:15,28-07-2026,`DCGN-8207/26-27,"VEE POWER TECHNOLOGIES, ,",Noida,Viluppuram,fujiyama power system (panel),,605602,1,28-07-2026,28-07-2026,Viluppuram_Cholaganur_H (Tamil Nadu),29-07-2026 14:41,Delivered,Delivered,Delivered to Consignee,28-07-2026,28-07-2026 12:17,Pre-paid,5.43766E+13,Clean POD | As per POD audit,,,,24:30.8,36967,51,17:15.5,17:15.5,1,,D2,Forward Shipment,306858972,Tamil Nadu
313022679,B111001390214750-5563590,2,pbsenterprises10 rp b2brc,41:15.3,,,`837,"KABRA EXTRUSION TECHNIK LTDBATTRIXX , KABRA EXTRUSION TECHNIK LTDBATTRIXX",Jagtial,Pune,om durga motors-jagityal,,410501,0,,,Jagtial_VaniNagar_D (Telangana),09-08-2026 16:08,Manifested,Undelivered,Consignment Manifested,,,Pre-paid,5.43766E+13,OTP Verified |,,,,,49000,20,,,,,D1,Forward Shipment,,Maharashtra
312432660,AX28082500009,2,pbsenterprises10 rp b2brc,29:08.3,29-07-2026 17:45,04-08-2026,`11,"KABRA EXTRUSION TECHNIK-GURUGRAM , KABRA EXTRUSION TECHNIK-GURUGRAM",Tanda,Gurgaon,rajesh battery service (kab),,122004,1,10-08-2026,10-08-2026,Gurgaon_Sihi_L (Haryana),11-08-2026 17:53,Delivered,Delivered,Delivered to Consignee,03-08-2026,10-08-2026 20:38,Pre-paid,5.43766E+13,LM POD document uploaded,,,,38:06.3,9000,3.3,38:43.9,38:43.9,1,,D1,Forward Shipment,308739116,Haryana
312757518,KPT AUTO A60380623C26494  5556244,2,pbsenterprises10 rp b2brc,33:42.0,04-08-2026 16:40,10-08-2026,`Kamal8335,"KPT AUTO, KPT AUTO",Abhanpur,Gaya,kamal laxmi industrie ampere b2b,,823001,1,10-08-2026,10-08-2026,Gaya_Matihani_H (Bihar),11-08-2026 23:32,Delivered,Delivered,Delivered to Consignee,10-08-2026,10-08-2026 18:45,Pre-paid,5.43766E+13,Clean POD | As per POD audit,,,,19:58.9,49000,15.78,45:54.6,45:54.6,1,,D1,Forward Shipment,310450792,Bihar
312309726,DCGN-8870/26-27,2,pbsenterprises10 rp b2brc,28:05.5,27-07-2026 19:28,03-08-2026,`DCGN-8870/26-27,"KISHAN AGRICULTURE & REPAIRING CENTRE, .",Noida,Hajipur,fujiyama power system (panel),,844121,1,01-08-2026,01-08-2026,Hajipur_Hathsarganj1_D (Bihar),01-08-2026 21:40,Delivered,Delivered,Delivered to Consignee,03-08-2026,01-08-2026 13:19,Pre-paid,5.43766E+13,Clean POD | As per POD audit,,,,30:55.6,37561,49.5,19:25.6,19:25.6,1,,D1,Forward Shipment,308328531,Bihar
312848854,DCGN-9862/26-27,2,pbsenterprises10 rp b2brc,06:28.5,05-08-2026 19:54,10-08-2026,`DCGN-9862/26-27,"KUMOUN BATTERIES, .",Noida,Rudrapur,fujiyama power system (panel),,263153,1,12-08-2026,12-08-2026,Rudrapur_Amarpur_H (Uttarakhand),12-08-2026 11:25,Delivered,Delivered,Delivered to Consignee,10-08-2026,12-08-2026 11:25,Pre-paid,5.43766E+13,Geofence not verified,,,,28:46.4,328055,117,25:44.1,25:44.1,1,,B,Forward Shipment,310744846,Uttarakhand
311259524,B111001390240260-5557884,2,pbsenterprises10 rp b2brc,51:26.9,08-07-2026 21:17,13-07-2026,`835,"KABRA EXTRUSION TECHNIK LTDBATTRIXX , KABRA EXTRUSION TECHNIK LTDBATTRIXX",Nanded,Pune,apurva electric motors,,410501,1,15-07-2026,15-07-2026,Pune_Bhamboli_L (Maharashtra),16-07-2026 19:37,Delivered,Delivered,Delivered to Consignee,13-07-2026,15-07-2026 13:42,Pre-paid,5.43766E+13,Clean POD | As per POD audit,,,,23:31.2,49000,20.04,42:40.6,42:40.6,1,,B,Forward Shipment,303474963,Maharashtra
312308763,DCGN-8868/26-27,2,pbsenterprises10 rp b2brc,26:42.9,27-07-2026 19:29,01-08-2026,`DCGN-8868/26-27,"M/S FUTUREINNOVATIVE TECHNOLOGY PVT LTD, .",Noida,Bahraich,fujiyama power system (panel),,271801,1,01-08-2026,01-08-2026,Bahraich_Susrauli_H (Uttar Pradesh),01-08-2026 21:39,Delivered,Delivered,Delivered to Consignee,01-08-2026,01-08-2026 18:51,Pre-paid,5.43766E+13,Clean POD | As per POD audit,,,,58:43.4,22262,49.5,51:46.2,51:46.2,1,,D1,Forward Shipment,308328531,Uttar Pradesh
312696474,GEO150001HIP250901779,2,pbsenterprises10 rp b2brc,14:29.7,03-08-2026 18:08,08-08-2026,`478,"KABRA EXTRUSIONTECHNIK LTD, KABRA EXTRUSIONTECHNIK LTD",Bhopal,Gurgaon,unitech electronic system (kab),,122004,1,10-08-2026,10-08-2026,Gurgaon_Sihi_L (Haryana),11-08-2026 17:53,Delivered,Delivered,Delivered to Consignee,08-08-2026,10-08-2026 20:49,Pre-paid,5.43766E+13,LM POD document uploaded,,,,21:12.4,9000,14.33,49:24.2,49:24.2,1,,D1,Forward Shipment,309845823,Haryana
311625184,A60391H124C05024-5558799,2,pbsenterprises10 rp b2brc,54:09.6,15-07-2026 12:10,21-07-2026,`174,"OXYGEN ENERGY ENTERPRISES-AMPERE, OXYGEN ENERGY ENTERPRISES-AMPERE",Sasaram,Salem,pawansut enterprises,,636006,1,27-07-2026,27-07-2026,Salem_Ramalingapuram_H (Tamil Nadu),28-07-2026 17:17,Delivered,Delivered,Delivered to Consignee,21-07-2026,27-07-2026 16:31,Pre-paid,5.43766E+13,Clean POD | As per POD audit,,,,36:49.0,49000,18.28,31:39.0,31:39.0,1,,D2,Forward Shipment,305199481,Tamil Nadu
312142318,B1_51105_B_125274,2,pbsenterprises10 rp b2brc,44:11.7,24-07-2026 19:49,31-07-2026,`DC/UEPL/BHGP/101,"KABRA EXTRUSIONTECHNIK LTD, KABRA EXTRUSIONTECHNIK LTD",Bhagalpur,Gurgaon,upgrid bhagalpur wh0085,,122004,2,30-07-2026,01-08-2026,Gurgaon_Hasanpur2_D (Haryana),01-08-2026 21:41,Delivered,Delivered,Delivered to Consignee,30-07-2026,01-08-2026 20:46,Pre-paid,5.43766E+13,Clean POD | As per POD audit,,,,10:58.7,27081,9.08,22:03.7,46:20.6,2,,D1,Forward Shipment,307704477,Haryana
311679210,safeli,2,pbsenterprises10 rp b2brc,43:39.8,15-07-2026 15:04,20-07-2026,`45,"KAKKAR SMART ENERGY VENTURES LLP, KAKKAR SMART ENERGY VENTURES LLP",Mau,Sonipat,safeli everest auto sales b2b,,131028,1,21-07-2026,21-07-2026,Sonipat_Sector42_P (Haryana),23-07-2026 22:59,Delivered,Delivered,Delivered to Consignee,20-07-2026,21-07-2026 13:04,Pre-paid,5.43766E+13,Clean POD | As per POD audit,,,,14:11.8,15000,56.12,05:02.5,05:02.5,1,,D1,Forward Shipment,305427245,Haryana
312002325,DCGN-8212/26-27,2,pbsenterprises10 rp b2brc,44:24.6,21-07-2026 20:14,25-07-2026,`DCGN-8212/26-27,"GULSHAN., .",Noida,Aligarh,fujiyama power system (panel),,202001,1,25-07-2026,25-07-2026,Aligarh_Dhanipur_H (Uttar Pradesh),26-07-2026 08:49,Delivered,Delivered,Delivered to Consignee,25-07-2026,25-07-2026 11:19,Pre-paid,5.43766E+13,Clean POD | As per POD audit,,,,59:29.8,37779,49,19:16.7,19:16.7,1,,B,Forward Shipment,306858972,Uttar Pradesh
312671448,B111001390201304-5561179,2,pbsenterprises10 rp b2brc,00:38.5,01-08-2026 16:57,03-08-2026,`893,", KABRA EXTRUSION TECHNIK LTD BATTRIXX",Pune,Pune,ace ev,,410501,1,05-08-2026,05-08-2026,Pune_Bhamboli_L (Maharashtra),06-08-2026 14:43,Delivered,Delivered,Delivered to Consignee,03-08-2026,05-08-2026 16:56,Pre-paid,5.43766E+13,Clean POD | As per POD audit,,,,05:13.2,49000,20.4,56:31.0,56:31.0,1,,A,Forward Shipment,309773103,Maharashtra
312851215,SAFELI,2,pbsenterprises10 rp b2brc,39:08.2,06-08-2026 18:35,10-08-2026,`56,"KAKKAR SMART ENERGY VENTURES LLP, KAKKAR SMART ENERGY VENTURES LLP",Chandigarh,Sonipat,safeli doaba auto zone,,131028,1,12-08-2026,12-08-2026,Sonipat_Sector42_P (Haryana),12-08-2026 10:34,Delivered,Delivered,Delivered to Consignee,10-08-2026,12-08-2026 10:34,Pre-paid,5.43766E+13,Geofence verified,,,,40:45.6,45000,48.83,34:32.1,34:32.1,1,,B,Forward Shipment,311055636,Haryana
312341825,E2W4830A22250221-5561458,2,pbsenterprises10 rp b2brc,13:21.7,27-07-2026 18:12,01-08-2026,`866,"CYGNI ENERGY PRIVATE LIMITED, CYGNI ENERGY PRIVATE LIMITED",Sangola,Hyderabad,s m motors,,501359,1,01-08-2026,01-08-2026,Hyderabad_Shamshbd_H (Telangana),01-08-2026 12:57,Delivered,Delivered,Delivered to Consignee,01-08-2026,01-08-2026 12:57,Pre-paid,5.43766E+13,Contactless Delivery -  Geofence verified,,,,14:41.0,49000,12.8,57:26.3,57:26.3,1,,B,Forward Shipment,308388922,Telangana
312866150,Drive volts,2,pbsenterprises10 rp b2brc,38:11.4,05-08-2026 18:05,12-08-2026,`115,"0, Drive Volts Private Limited",Udaipura,Dehradun,kiaan e vehicle,,248011,1,12-08-2026,12-08-2026,Dehradun_Temp_L (Uttarakhand),12-08-2026 11:17,Dispatched,Undelivered,Out for Delivery,12-08-2026,,Pre-paid,5.43766E+13,,,,,49:11.8,49500,16.04,,,,,D1,Forward Shipment,310787128,Uttarakhand
312735678,A60380523C10126-5562432,2,pbsenterprises10 rp b2brc,36:50.6,04-08-2026 18:39,07-08-2026,`795,"KAMAL LAXMI INDUSTRIES-AMPERE, KAMAL LAXMI INDUSTRIES-AMPERE",Bargarh,Raipur,tibrewal electric vehicle,,492015,1,10-08-2026,10-08-2026,Raipur_Devpuri_L (Chhattisgarh),11-08-2026 09:00,Delivered,Delivered,Delivered to Consignee,07-08-2026,10-08-2026 20:33,Pre-paid,5.43766E+13,LM POD document uploaded,,,,47:35.6,49000,16.22,33:08.8,33:08.8,1,,B,Forward Shipment,310210347,Chhattisgarh
310965014,GEO550002SHT260500614,2,pbsenterprises10 rp b2brc,25:33.8,02-07-2026 16:06,07-07-2026,`11,"KABRA EXTRUSION TECHNIK LTDBATTRIXX , KABRA EXTRUSION TECHNIK LTDBATTRIXX",Kota,Pune,arhastya techno solutions private limited(pixel)  (kab),,410501,1,07-07-2026,07-07-2026,Pune_Bhamboli_L (Maharashtra),09-07-2026 20:05,Delivered,Delivered,Delivered to Consignee,07-07-2026,08-07-2026 16:52,Pre-paid,5.43766E+13,Clean POD | As per POD audit,,,,20:40.7,49000,44.2,52:58.9,52:58.9,1,,D1,Forward Shipment,302064162,Maharashtra
311674013,SAFELI,2,pbsenterprises10 rp b2brc,39:41.1,16-07-2026 16:57,22-07-2026,`41,"KAKKAR SMART ENERGY VENTURES LLP, KAKKAR SMART ENERGY VENTURES LLP",Nawabganj,Sonipat,safeli baba auto sales,,131028,1,01-08-2026,01-08-2026,Sonipat_Sector62_D (Haryana),01-08-2026 21:40,Delivered,Delivered,Delivered to Consignee,20-07-2026,01-08-2026 15:38,Pre-paid,5.43766E+13,Clean POD | As per POD audit,,,,14:06.2,15000,2.96,38:37.8,38:37.8,1,,D1,Forward Shipment,305697536,Haryana
311343627,SAFELI,2,pbsenterprises10 rp b2brc,43:29.4,09-07-2026 17:09,13-07-2026,`45,"KAKKAR SMART ENERGY VENTURES LLP, ASSAM KAKKAR SMART ENERGY VENTURES LLP",Duliajan,Guwahati,"safeli m/j ride,",,781035,1,15-07-2026,15-07-2026,Guwahati_Kaikchi1_L (Assam),16-07-2026 21:43,Delivered,Delivered,Delivered to Consignee,13-07-2026,15-07-2026 17:04,Pre-paid,5.43766E+13,Clean POD | As per POD audit,,,,27:27.8,15000,49.7,05:05.4,05:05.4,1,,E,Forward Shipment,303969232,Assam
312786194,A48281C24H09479 5557428,3,pbsenterprises10 rp b2brc,08:39.5,07-08-2026 16:02,17-08-2026,`Kamal2221,"P.S. JIVRAJ DISTRIBUTION , P.S. JIVRAJ DISTRIBUTION",Abhanpur,Durgapur,kamal laxmi industrie ampere b2b,,713213,0,,,Nagpur_Khapari_GW (Maharashtra),12-08-2026 11:40,In Transit,Undelivered,Consignment Dispatched from Origin City,17-08-2026,,Pre-paid,5.43766E+13,,,,,,49000,10.06,,,,,D1,Forward Shipment,FMINC_45cd3a47-924b-11f1-b753-37db00bbd465,West Bengal
311420358,B112004420_132047,13,pbsenterprises10 rp b2brc,25:47.6,11-07-2026 15:54,14-07-2026,`DC/UEPL/MH/354,"KABRA EXTRUSION TECHNIK LTDBATTRIXX , KABRA EXTRUSION TECHNIK LTDBATTRIXX",Mumbai,Pune,upgrid wh0076,,410501,2,14-07-2026,15-07-2026,Pune_Bhamboli_L (Maharashtra),16-07-2026 19:41,Delivered,Delivered,Delivered to Consignee,14-07-2026,15-07-2026 13:42,Pre-paid,5.43766E+13,Clean POD | As per POD audit,,,,00:11.3,240012,20.84,42:07.8,42:07.8,1,,B,Forward Shipment,304246105,Maharashtra
311185599,B111001390254403-5555425,2,pbsenterprises10 rp b2brc,24:27.6,07-07-2026 13:12,14-07-2026,`1,"KABRA EXTRUSION TECHNIK LTDBATTRIXX , KABRA EXTRUSION TECHNIK LTDBATTRIXX",Gorakhpur,Pune,rishab motors,,410501,1,13-07-2026,13-07-2026,Pune_Bhamboli_L (Maharashtra),14-07-2026 17:07,Delivered,Delivered,Delivered to Consignee,14-07-2026,13-07-2026 16:37,Pre-paid,5.43766E+13,Clean POD | As per POD audit,,,,38:54.3,43778,20.56,37:31.6,37:31.6,1,,D2,Forward Shipment,303169639,Maharashtra
312774485,B111001390-172677  5554925,3,pbsenterprises10 rp b2brc,55:31.3,04-08-2026 16:40,10-08-2026,`Kamal2213,"SHRI SHYAM AUTO ELECTRIC, SHRI SHYAM AUTO ELECTRIC",Abhanpur,Jhabua,kamal laxmi industrie ampere b2b,,457661,1,10-08-2026,10-08-2026,Jhabua_Mojipada_D (Madhya Pradesh),10-08-2026 14:04,Delivered,Delivered,Delivered to Consignee,10-08-2026,10-08-2026 14:04,Pre-paid,5.43766E+13,Contactless Delivery -  Geofence verified,,,,31:35.0,49000,16.14,04:50.1,04:50.1,1,,D1,Forward Shipment,310450792,Madhya Pradesh
312849529,DCGN-9843/26-27,2,pbsenterprises10 rp b2brc,15:04.7,05-08-2026 19:54,12-08-2026,`DCGN-9843/26-27,"AGRI DOSTH, .",Noida,Virudhachalam,fujiyama power system (panel),,606001,0,,,Chennai_Sriperumbudur_GW (Tamil Nadu),12-08-2026 13:02,In Transit,Undelivered,Consignment Dispatched from Origin City,12-08-2026,,Pre-paid,5.43766E+13,,,,,,7975,58.5,,,,,D2,Forward Shipment,310744846,Tamil Nadu
312791960,B111001390268193-5562050,3,pbsenterprises10 rp b2brc,08:25.6,05-08-2026 18:45,13-08-2026,`893,"KABRA EXTRUSION TECHNIK LTDBATTRIXX , KABRA EXTRUSION TECHNIK LTDBATTRIXX",Jaipur,Pune,auto city motors,,410501,1,10-08-2026,10-08-2026,Pune_Bhamboli_L (Maharashtra),11-08-2026 19:00,Delivered,Delivered,Delivered to Consignee,13-08-2026,10-08-2026 18:58,Pre-paid,5.43766E+13,Clean POD | As per POD audit,,,,28:57.2,49000,20.63,59:00.3,59:00.3,1,,D1,Forward Shipment,310504112,Maharashtra
312295419,A60391H124A12376-5560203,2,pbsenterprises10 rp b2brc,22:05.0,27-07-2026 15:52,28-07-2026,`962,"OXYGEN ENERGY ENTERPRISES-AMPERE, OXYGEN ENERGY ENTERPRISES-AMPERE",Erode,Salem,power wheels,,636006,1,28-07-2026,28-07-2026,Salem_Ramalingapuram_H (Tamil Nadu),29-07-2026 15:19,Delivered,Delivered,Delivered to Consignee,28-07-2026,28-07-2026 13:30,Pre-paid,5.43766E+13,Clean POD | As per POD audit,,,,29:07.7,49000,18.09,30:06.3,30:06.3,1,,B,Forward Shipment,308079125,Tamil Nadu
310940935,ITP,3,pbsenterprises10 rp b2brc,33:28.3,01-07-2026 17:01,06-07-2026,`INV-000107,"PUNJAB MOTORS & TRACTOR HOUSE, PUNJAB MOTORS & TRACTOR HOUSE",Gurgaon,Gwalior,itp true power energy,,474009,1,06-07-2026,06-07-2026,Gwalior_Nayagaon_P (Madhya Pradesh),07-07-2026 14:16,Delivered,Delivered,Delivered to Consignee,06-07-2026,06-07-2026 21:21,Pre-paid,5.43766E+13,Clean POD | As per POD audit,,,,19:54.5,43955,25.21,21:32.2,21:32.2,1,,B,Forward Shipment,FMINC_697c05da-7540-11f1-a9fa-d7b187483bf9,Madhya Pradesh
313010838,Bounce,2,pbsenterprises10 rp b2brc,11:36.9,,,`D/26-27/162,"Vecmocon Technologies Pvt Ltd, .",Bangalore,Hyderabad,bounce exicom energy systems private limited bangalore,,500090,0,,,Bangalore_Bettahalsoor_L (Karnataka),11-08-2026 20:40,Manifested,Undelivered,Consignment Manifested,,,Pre-paid,5.43766E+13,"L:22.7, B:16.9, H:27.2, W:12780.0, V:10434.7, Rv:10434.7",,,,,45000,12.78,,,,,C1,Forward Shipment,,Telangana
310943482,SAFELI,2,pbsenterprises10 rp b2brc,15:18.2,01-07-2026 17:47,06-07-2026,`45,"KAKKAR SMART ENERGY VENTURES LLP, KAKKAR SMART ENERGY VENTURES LLP",Kushinagar,Sonipat,safeli rao automobile,,131028,1,06-07-2026,06-07-2026,Sonipat_Sector42_P (Haryana),07-07-2026 20:27,Delivered,Delivered,Delivered to Consignee,06-07-2026,06-07-2026 18:13,Pre-paid,5.43766E+13,Clean POD | As per POD audit,,,,41:53.3,15000,51.02,14:00.7,14:00.7,1,,D1,Forward Shipment,301987384,Haryana
311330460,LN72606800359EEO,3,pbsenterprises10 rp b2brc,32:54.5,09-07-2026 15:38,15-07-2026,`BAT/008,"KABRA EXTRUSIONTECHNIK LTD, KABRA EXTRUSIONTECHNIK LTD",Guwahati,Gurgaon,auto sales india ltd,,122004,1,18-07-2026,18-07-2026,Gurgaon_Sihi_L (Haryana),21-07-2026 17:43,Delivered,Delivered,Delivered to Consignee,15-07-2026,18-07-2026 12:48,Pre-paid,5.43766E+13,Clean POD | As per POD audit,,,,59:26.3,40000,40.92,48:46.4,48:46.4,1,,E,Forward Shipment,303780691,Haryana
312438259,B111001390271615-5560907,2,pbsenterprises10 rp b2brc,42:26.3,29-07-2026 15:44,03-08-2026,`821,"KABRA EXTRUSION TECHNIK LTDBATTRIXX , KABRA EXTRUSION TECHNIK LTDBATTRIXX",Akole,Pune,naikwadi auto sales,,410501,1,05-08-2026,05-08-2026,Pune_Bhamboli_L (Maharashtra),06-08-2026 14:43,Delivered,Delivered,Delivered to Consignee,03-08-2026,05-08-2026 16:54,Pre-paid,5.43766E+13,Clean POD | As per POD audit,,,,27:01.8,49000,20.29,54:56.0,54:56.0,1,,B,Forward Shipment,308756327,Maharashtra
310947030,A48281C24F27120   5495620,2,pbsenterprises10 rp b2brc,12:54.4,06-07-2026 17:32,09-07-2026,`003/26-27,"OM E MOTORS, OM E MOTORS",Ahmedabad,Deesa,jalaram lithium battery ampere b2b,,385535,1,09-07-2026,09-07-2026,Deesa_NeminathNagar_D (Gujarat),09-07-2026 13:32,Delivered,Delivered,Delivered to Consignee,09-07-2026,09-07-2026 13:32,Pre-paid,5.43766E+13,Contactless Delivery -  Geofence NA,,,,45:41.5,47200,8.46,32:25.7,32:25.7,1,,B,Forward Shipment,303158792,Gujarat
310857862,B111001390208404-5556768,2,pbsenterprises10 rp b2brc,32:52.7,30-06-2026 19:28,06-07-2026,`861,"KABRA EXTRUSION TECHNIK LTDBATTRIXX , KABRA EXTRUSION TECHNIK LTDBATTRIXX",Sankaramangalam,Pune,cm motors-pattambi,,410501,1,07-07-2026,07-07-2026,Pune_Bhamboli_L (Maharashtra),09-07-2026 20:27,Delivered,Delivered,Delivered to Consignee,06-07-2026,08-07-2026 16:50,Pre-paid,5.43766E+13,Clean POD | As per POD audit,,,,10:02.4,49000,20.36,50:56.0,50:56.0,1,,D1,Forward Shipment,301574175,Maharashtra
311544716,REDON,2,pbsenterprises10 rp b2brc,38:41.8,14-07-2026 19:13,21-07-2026,`MA/036,"REDON LITHIUM BATTERIES LLP, .",Morgram,Noida,goeen dada bhai e-vehicles,,201308,1,21-07-2026,21-07-2026,Noida_Surajpur_L (Uttar Pradesh),22-07-2026 15:15,Delivered,Delivered,Delivered to Consignee,21-07-2026,21-07-2026 14:50,Pre-paid,5.43766E+13,Clean POD | As per POD audit,,,,16:08.7,25000,11.73,50:13.1,50:13.1,1,,D1,Forward Shipment,304974792,Uttar Pradesh
312747447,B1_51105_B_129314,3,pbsenterprises10 rp b2brc,33:12.1,03-08-2026 17:05,07-08-2026,`DC/UEPL/MOZ/538,"KABRA EXTRUSION TECHNIK-GURUGRAM , KABRA EXTRUSION TECHNIK-GURUGRAM",Muzaffarnagar,Gurgaon,upgrid muzaffarnagar wh0019,,122004,0,,,Muzaffarnagar_Transportnagar_D (Uttar Pradesh),04-08-2026 16:17,In Transit,Undelivered,Consignment Dispatched from Origin City,07-08-2026,,Pre-paid,5.43766E+13,,,,,,40001,18,,,,,B,Forward Shipment,310184471,Haryana
311863887,B111001390205542-5558147,2,pbsenterprises10 rp b2brc,33:40.3,21-07-2026 17:17,24-07-2026,`697,"KABRA EXTRUSION TECHNIK LTDBATTRIXX , KABRA EXTRUSION TECHNIK LTDBATTRIXX",Surat,Pune,k2g electric mobility india pvt ltd,,410501,1,28-07-2026,28-07-2026,Pune_Bhamboli_L (Maharashtra),30-07-2026 15:37,Delivered,Delivered,Delivered to Consignee,24-07-2026,29-07-2026 16:34,Pre-paid,5.43766E+13,Clean POD | As per POD audit,,,,56:30.9,49000,20.37,34:21.9,34:21.9,1,,B,Forward Shipment,306692280,Maharashtra
312952304,B111001390271616-5562891,2,pbsenterprises10 rp b2brc,38:28.6,,,`246,"KABRA EXTRUSION TECHNIK LTDBATTRIXX , KABRA EXTRUSION TECHNIK LTDBATTRIXX",Bhilwara,Pune,darsh e motors,,410501,0,,,Bhilwara_RIICOIndArea_I (Rajasthan),07-08-2026 14:39,Manifested,Undelivered,Consignment Manifested,,,Pre-paid,5.43766E+13,OTP Verified |,,,,,49000,20,,,,,D1,Forward Shipment,,Maharashtra
311674327,SAFELI,2,pbsenterprises10 rp b2brc,43:53.3,17-07-2026 16:11,20-07-2026,`56,"KAKKAR SMART ENERGY VENTURES LLP, KAKKAR SMART ENERGY VENTURES LLP",Jaipur,Sonipat,safeli lawat motors,,131028,1,22-07-2026,22-07-2026,Sonipat_Sector42_P (Haryana),23-07-2026 17:58,Delivered,Delivered,Delivered to Consignee,20-07-2026,22-07-2026 14:50,Pre-paid,5.43766E+13,Clean POD | As per POD audit,,,,03:24.0,48000,53.6,50:55.5,50:55.5,1,,B,Forward Shipment,305947356,Haryana
312868608,B60382F23K08128-5562907,3,pbsenterprises10 rp b2brc,08:27.2,06-08-2026 13:47,14-08-2026,`611,"KAMAL LAXMI INDUSTRIES-AMPERE, KAMAL LAXMI INDUSTRIES-AMPERE",Gurdaspur,Raipur,standard electric,,492015,1,12-08-2026,12-08-2026,Raipur_Devpuri_L (Chhattisgarh),12-08-2026 11:00,Delivered,Delivered,Delivered to Consignee,14-08-2026,12-08-2026 11:00,Pre-paid,5.43766E+13,Geofence NA,,,,10:00.6,49000,16.66,01:07.8,01:07.8,1,,D2,Forward Shipment,310854985,Chhattisgarh
311195763,E2W4830A29250397-5556146,2,pbsenterprises10 rp b2brc,18:06.1,07-07-2026 19:27,13-07-2026,`811,"CYGNI ENERGY PRIVATE LIMITED, CYGNI ENERGY PRIVATE LIMITED",Kanhangad,Hyderabad,cheruvil motors-kanhangad,,501359,1,13-07-2026,13-07-2026,Hyderabad_Shamshbd_H (Telangana),13-07-2026 12:57,Delivered,Delivered,Delivered to Consignee,13-07-2026,13-07-2026 12:57,Pre-paid,5.43766E+13,Contactless Delivery -  Geofence verified,,,,30:07.3,49000,12.8,57:27.5,57:27.5,1,,D1,Forward Shipment,303168385,Telangana
313008353,DCGN-10109/26-27,3,pbsenterprises10 rp b2brc,41:17.9,,,`DCGN-10109/26-27,"FBI MULTI VENTURE, .",Noida,Srinagar,fujiyama power system (panel),,191113,0,,,Noida_Bairangpur_GW (Uttar Pradesh),08-08-2026 20:12,Manifested,Undelivered,Delay due to Disturbance/Strike,,,Pre-paid,5.43766E+13,,,,,,226048,10,,,,,F,Forward Shipment,,Jammu & Kashmir
311131206,B111001390196183  5492631,2,pbsenterprises10 rp b2brc,53:31.6,04-07-2026 20:40,10-07-2026,`1079,"NATIONAL MOTORS, NATIONAL MOTORS",Raipur,Sikar,kamal laxami ampere brc,,332001,1,13-07-2026,13-07-2026,Sikar_IndustrialArea_I (Rajasthan),16-07-2026 16:11,Delivered,Delivered,Delivered to Consignee,10-07-2026,13-07-2026 17:05,Pre-paid,5.43766E+13,Clean POD | As per POD audit,,,,32:20.5,49000,16.88,05:17.6,05:17.6,1,,D1,Forward Shipment,302753308,Rajasthan
311497540,RACHNA JI,2,pbsenterprises10 rp b2brc,09:18.3,13-07-2026 17:35,20-07-2026,`SM/NR/26/0484405,"RISHIKESH PAL, FUJIYAMA POWER SYSTEMS LIMITED-NOIDA 51,52",Kottayam,Noida,rachna ji avanish kumar 5525a,,201308,2,21-07-2026,24-07-2026,Noida_Surajpur_L (Uttar Pradesh),25-07-2026 14:50,Delivered,Delivered,Delivered to Consignee,20-07-2026,24-07-2026 21:18,Pre-paid,5.43766E+13,Clean POD | As per POD audit,,,,16:24.5,35836,28.54,07:33.6,18:39.5,2,,D2,Forward Shipment,FMINC_2dfd14f0-7eb3-11f1-9978-89b2e0f810fa,Uttar Pradesh
311011418,B111001390226837-5554894,2,pbsenterprises10 rp b2brc,17:24.8,03-07-2026 17:10,07-07-2026,`899,"KABRA EXTRUSION TECHNIK LTDBATTRIXX , KABRA EXTRUSION TECHNIK LTDBATTRIXX",Tirupati,Pune,crazy automobiles,,410501,1,07-07-2026,07-07-2026,Pune_Bhamboli_L (Maharashtra),09-07-2026 12:44,Delivered,Delivered,Delivered to Consignee,07-07-2026,08-07-2026 16:51,Pre-paid,5.43766E+13,Clean POD | As per POD audit,,,,09:58.7,49000,20.2,51:48.9,51:48.9,1,,D1,Forward Shipment,302302036,Maharashtra
286222701,454,4,pbsenterprises10 rp b2brc,30:25.5,31-07-2026 22:30,07-08-2026,`454,"Redon lithium industries ltd, Redon lithium industries ltd",Goa,Noida,plus marketing,,201301,1,06-08-2026,06-08-2026,Noida_Surajpur_L (Uttar Pradesh),07-08-2026 15:20,Delivered,Delivered,Delivered to Consignee,07-08-2026,06-08-2026 15:28,Pre-paid,5.43766E+13,Clean POD | As per POD audit,,,,21:00.1,45000,11.64,28:18.1,28:18.1,1,,D2,Forward Shipment,309466812,Uttar Pradesh
311697649,DCGN-7749/26-27,2,pbsenterprises10 rp b2brc,56:23.9,17-07-2026 07:14,23-07-2026,`DCGN-7749/26-27,"HEMANTA BATTERY ENTERPRISES, .",Noida,Kolkata,fujiyama power system (panel),,700006,1,21-07-2026,21-07-2026,Kolkata_Bagmari_L (West Bengal),23-07-2026 10:37,Delivered,Delivered,Delivered to Consignee,23-07-2026,21-07-2026 12:04,Pre-paid,5.43766E+13,Clean POD | As per POD audit,,,,08:20.3,36303,49,04:46.2,04:46.2,1,,C2,Forward Shipment,FMINC_ff81d1ee-8180-11f1-8622-930937f88e07,West Bengal
312574278,B121004930_120367,2,pbsenterprises10 rp b2brc,14:22.6,05-08-2026 19:28,11-08-2026,`11,"KABRA EXTRUSION TECHNIK-GURUGRAM , KABRA EXTRUSION TECHNIK-GURUGRAM",Dharamkot,Gurgaon,maha laxmi electric e-rickshaw (kab),,122004,0,,,Gurgaon_Pathradi_H (Haryana),08-08-2026 22:48,In Transit,Undelivered,Consignment Dispatched from Origin City,11-08-2026,,Pre-paid,5.43766E+13,,,,,,48000,49.52,,,,,B,Forward Shipment,310769170,Haryana
312359401,DCGN-8968/26-27,2,pbsenterprises10 rp b2brc,03:53.0,27-07-2026 19:31,01-08-2026,`DCGN-8968/26-27,"ISHAN TRADERS, .",Noida,Hiranagar,fujiyama power system (panel),,184144,2,04-08-2026,05-08-2026,Hiranagar_NH44_D (Jammu & Kashmir),05-08-2026 18:57,Delivered,Delivered,Delivered to Consignee,31-07-2026,05-08-2026 18:57,Pre-paid,5.43766E+13,Contactless Delivery -  Geofence verified,,,,37:15.0,328055,121,57:10.8,57:10.8,1,,E,Forward Shipment,308328531,Jammu & Kashmir
311136133,B111001390178923-5557570,2,pbsenterprises10 rp b2brc,46:52.5,06-07-2026 17:20,08-07-2026,`824,"OXYGEN ENERGY ENTERPRISES-AMPERE, OXYGEN ENERGY ENTERPRISES-AMPERE",Cuddapah,Salem,siri motors-kadapa,,636006,1,09-07-2026,09-07-2026,Salem_Ramalingapuram_H (Tamil Nadu),10-07-2026 17:00,Delivered,Delivered,Delivered to Consignee,08-07-2026,09-07-2026 17:24,Pre-paid,5.43766E+13,Clean POD | As per POD audit,,,,00:26.6,49000,16.8,24:17.2,24:17.2,1,,B,Forward Shipment,302816444,Tamil Nadu
311867502,B1_51105_B_128180,7,pbsenterprises10 rp b2brc,16:31.0,18-07-2026 17:05,21-07-2026,`DC/UEPL/NGP/116,"KABRA EXTRUSION TECHNIK LTDBATTRIXX , KABRA EXTRUSION TECHNIK LTDBATTRIXX",Nagpur,Pune,upgrid nagpur-wh0088,,410501,1,21-07-2026,21-07-2026,Pune_Bhamboli_L (Maharashtra),22-07-2026 16:00,Delivered,Delivered,Delivered to Consignee,21-07-2026,21-07-2026 17:55,Pre-paid,5.43766E+13,Clean POD | As per POD audit,,,,39:26.7,120006,51.24,55:39.6,55:39.6,1,,D1,Forward Shipment,306240994,Maharashtra
312208995,B111002350121725-5561246,2,pbsenterprises10 rp b2brc,47:38.6,25-07-2026 15:47,29-07-2026,`781,"KABRA EXTRUSION TECHNIK LTDBATTRIXX , KABRA EXTRUSION TECHNIK LTDBATTRIXX",Pithampur,Pune,sudha electric vehicle,,410501,1,31-07-2026,31-07-2026,Pune_Bhamboli_L (Maharashtra),01-08-2026 21:40,Delivered,Delivered,Delivered to Consignee,29-07-2026,31-07-2026 16:35,Pre-paid,5.43766E+13,Clean POD | As per POD audit,,,,01:12.2,49000,17.69,35:15.4,35:15.4,1,,D1,Forward Shipment,307747587,Maharashtra
311107314,SAFELI,2,pbsenterprises10 rp b2brc,31:56.2,04-07-2026 16:19,08-07-2026,`35,"KAKKAR SMART ENERGY VENTURES LLP, KAKKAR SMART ENERGY VENTURES LLP",Gorakhpur,Sonipat,safeli ankit [ service engg. ],,131028,1,08-07-2026,08-07-2026,Sonipat_Sector42_P (Haryana),10-07-2026 10:43,Delivered,Delivered,Delivered to Consignee,08-07-2026,08-07-2026 18:06,Pre-paid,5.43766E+13,Clean POD | As per POD audit,,,,05:14.4,28200,4.94,06:12.3,06:12.3,1,,D1,Forward Shipment,302734478,Haryana
311609986,SAFELI,2,pbsenterprises10 rp b2brc,03:59.1,14-07-2026 18:45,18-07-2026,`53,"KAKKAR SMART ENERGY VENTURES LLP, ASSAM KAKKAR SMART ENERGY VENTURES LLP",Gogamukh,Guwahati,safeli maa e rikshaw,,781035,1,21-07-2026,21-07-2026,Guwahati_Kaikchi1_L (Assam),23-07-2026 12:15,Delivered,Delivered,Delivered to Consignee,18-07-2026,21-07-2026 16:24,Pre-paid,5.43766E+13,Clean POD | As per POD audit,,,,12:58.8,15000,53.21,24:31.2,24:31.2,1,,E,Forward Shipment,305157854,Assam
311689405,DCGN-7721/26-27,3,pbsenterprises10 rp b2brc,30:34.2,17-07-2026 07:14,24-07-2026,`DCGN-7721/26-27,"HASIM ENTERPRISE, .",Noida,Murarai,fujiyama power system (panel),,731219,1,25-07-2026,25-07-2026,Murarai_Birbhumi_D (West Bengal),29-07-2026 15:15,Delivered,Delivered,Delivered to Consignee,23-07-2026,25-07-2026 20:31,Pre-paid,5.43766E+13,Clean POD | As per POD audit,,,,21:14.8,78370,49.2,31:10.2,31:10.2,1,,D1,Forward Shipment,FMINC_ff81d1ee-8180-11f1-8622-930937f88e07,West Bengal
311935191,REDON,3,pbsenterprises10 rp b2brc,54:50.3,24-07-2026 15:01,28-07-2026,`356,"REDON LITHIUM BATTERIES LLP, .",Surat,Noida,dr.ev + electric scooter sales & service,,201308,1,27-07-2026,27-07-2026,Noida_Surajpur_L (Uttar Pradesh),27-07-2026 17:53,Delivered,Delivered,Delivered to Consignee,28-07-2026,27-07-2026 17:53,Pre-paid,5.43766E+13,Geofence verified,,,,09:32.8,30000,18.91,53:20.6,53:20.6,1,,D1,Forward Shipment,307703847,Uttar Pradesh
312136084,DCGN-8513/26-27,2,pbsenterprises10 rp b2brc,48:08.5,23-07-2026 20:18,27-07-2026,`DCGN-8513/26-27,"RHP SOLAR SYSTEMS, .",Noida,Ludhiana,fujiyama power system (panel),,141001,1,27-07-2026,27-07-2026,Ludhiana_Barmalipur_H (Punjab),28-07-2026 16:56,Delivered,Delivered,Delivered to Consignee,27-07-2026,27-07-2026 14:46,Pre-paid,5.43766E+13,Clean POD | As per POD audit,,,,13:10.0,13434,66.6,46:46.4,46:46.4,1,,B,Forward Shipment,307540424,Punjab
311869801,B1_51105_B_126034,7,pbsenterprises10 rp b2brc,40:34.4,18-07-2026 15:54,22-07-2026,`DC/UEPL/GRK/381,"KABRA EXTRUSION TECHNIK-GURUGRAM , KABRA EXTRUSION TECHNIK-GURUGRAM",Gorakhpur,Gurgaon,upgrid wh0049 gorakhpur,,122004,2,23-07-2026,28-07-2026,Gurgaon_Sihi_L (Haryana),30-07-2026 15:44,Delivered,Delivered,Delivered to Consignee,22-07-2026,28-07-2026 19:11,Pre-paid,5.43766E+13,Clean POD | As per POD audit,,,,39:48.4,120006,51.2,11:25.9,11:25.9,1,,D1,Forward Shipment,306240046,Haryana
312249617,B111001390847964-5561131,2,pbsenterprises10 rp b2brc,04:05.4,27-07-2026 19:57,03-08-2026,`861,"KABRA EXTRUSION TECHNIK LTDBATTRIXX , KABRA EXTRUSION TECHNIK LTDBATTRIXX",Vallioor,Pune,jeyas electric bikes,,410501,1,01-08-2026,01-08-2026,Pune_Bhamboli_L (Maharashtra),01-08-2026 16:01,Delivered,Delivered,Delivered to Consignee,03-08-2026,01-08-2026 14:44,Pre-paid,5.43766E+13,Clean POD | As per POD audit,,,,51:39.3,49000,20.54,45:01.0,45:01.0,1,,D2,Forward Shipment,308370301,Maharashtra
312399105,A48281A24J04427 5557908,2,pbsenterprises10 rp b2brc,45:08.1,29-07-2026 17:54,05-08-2026,`5001,"MAA AMBE AUTOMOBILE, MAA AMBE AUTOMOBILE",Abhanpur,Gadarwara,kamal laxmi industrie ampere b2b,,487551,1,04-08-2026,04-08-2026,Gadarwara_MPward_D (Madhya Pradesh),05-08-2026 15:47,Delivered,Delivered,Delivered to Consignee,03-08-2026,04-08-2026 18:15,Pre-paid,5.43766E+13,Clean POD | As per POD audit,,,,05:24.5,49000,10.18,40:40.3,40:40.3,1,,B,Forward Shipment,FMINC_6d26b2b6-8b48-11f1-bf84-f3f938f5dd8a,Madhya Pradesh
312415561,B1_51105_B_127374,3,pbsenterprises10 rp b2brc,47:42.2,28-07-2026 15:51,01-08-2026,`DC/UEPL/AY/237,"KABRA EXTRUSION TECHNIK-GURUGRAM , KABRA EXTRUSION TECHNIK-GURUGRAM",Ayodhya,Gurgaon,"upgrid ajodhya	wh0048",,122004,1,01-08-2026,01-08-2026,Gurgaon_Sihi_L (Haryana),01-08-2026 21:41,Delivered,Delivered,Delivered to Consignee,01-08-2026,01-08-2026 18:08,Pre-paid,5.43766E+13,Clean POD | As per POD audit,,,,43:21.2,40002,20.05,08:43.8,08:43.8,1,,D1,Forward Shipment,308664276,Haryana
311950491,HE5130KE231201785,2,pbsenterprises10 rp b2brc,57:11.0,20-07-2026 16:23,25-07-2026,`11,"KABRA EXTRUSION TECHNIK LTDBATTRIXX , KABRA EXTRUSION TECHNIK LTDBATTRIXX",Balaghat,Pune,ap motors (kab),,410501,1,25-07-2026,25-07-2026,Pune_Bhamboli_L (Maharashtra),26-07-2026 08:53,Delivered,Delivered,Delivered to Consignee,25-07-2026,25-07-2026 21:01,Pre-paid,5.43766E+13,Clean POD | As per POD audit,,,,55:52.6,49000,14.01,02:01.5,02:01.5,1,,D1,Forward Shipment,306633635,Maharashtra
311133492,E2W4830A22250006-5557824,2,pbsenterprises10 rp b2brc,16:02.9,05-07-2026 16:24,09-07-2026,`872,"CYGNI ENERGY PRIVATE LIMITED, CYGNI ENERGY PRIVATE LIMITED",Kannur,Hyderabad,green ride motors,,501359,1,09-07-2026,09-07-2026,Hyderabad_Shamshbd_H (Telangana),10-07-2026 20:08,Delivered,Delivered,Delivered to Consignee,09-07-2026,09-07-2026 18:05,Pre-paid,5.43766E+13,Clean POD | As per POD audit,,,,39:55.3,49000,15.34,06:00.3,06:00.3,1,,D1,Forward Shipment,302803281,Telangana
312841542,Bounce,2,pbsenterprises10 rp b2brc,36:40.6,05-08-2026 18:51,10-08-2026,`DC142,"Exicom Tele-Systems Limited, Exicom Tele-Systems Limited",Nanded,Bangalore,bounce mahesh enterprises,,560065,1,11-08-2026,11-08-2026,Bangalore_Bettahalsoor_L (Karnataka),12-08-2026 01:02,Delivered,Delivered,Delivered to Consignee,10-08-2026,11-08-2026 12:35,Pre-paid,5.43766E+13,LM POD document uploaded,,,,56:29.8,20000,13.62,35:42.5,35:42.5,1,,D1,Forward Shipment,310768852,Karnataka
312165618,B111001390269010-5559578,3,pbsenterprises10 rp b2brc,19:30.2,24-07-2026 18:04,30-07-2026,`889,"KABRA EXTRUSION TECHNIK LTDBATTRIXX , KABRA EXTRUSION TECHNIK LTDBATTRIXX",Karur,Pune,sanjiv motors,,410501,1,31-07-2026,31-07-2026,Pune_Bhamboli_L (Maharashtra),01-08-2026 21:40,Delivered,Delivered,Delivered to Consignee,30-07-2026,31-07-2026 16:34,Pre-paid,5.43766E+13,Clean POD | As per POD audit,,,,30:22.9,49000,20.47,34:56.2,34:56.2,1,,D1,Forward Shipment,307537107,Maharashtra
311374996,122004,2,pbsenterprises10 rp b2brc,00:30.6,09-07-2026 17:01,14-07-2026,"`122004,6",KABRA EXTRUSIONTECHNIK LTD,Bangalore,Gurgaon,ganapathi enterprises (kab),,122004,2,15-07-2026,17-07-2026,Gurgaon_Sihi_L (Haryana),18-07-2026 10:14,Delivered,Delivered,Delivered to Consignee,14-07-2026,17-07-2026 18:47,Pre-paid,5.43766E+13,Clean POD | As per POD audit,,,,58:08.0,23600,22.87,48:30.3,47:35.1,2,,C2,Forward Shipment,303766939,Haryana
311196136,RACHNA JI,3,pbsenterprises10 rp b2brc,21:53.6,07-07-2026 15:45,10-07-2026,`D-910/26-27,"RISHIKESH PAL, FUJIYAMA POWER SYSTEMS LIMITED-NOIDA 51,52",Ludhiana,Noida,rachna ji amit kumar 1095a,,201308,2,14-07-2026,15-07-2026,Noida_Surajpur_L (Uttar Pradesh),18-07-2026 10:12,Delivered,Delivered,Delivered to Consignee,10-07-2026,15-07-2026 19:40,Pre-paid,5.43766E+13,Clean POD | As per POD audit,,,,50:38.9,176410,55,40:16.3,40:16.3,1,,B,Forward Shipment,303436356,Uttar Pradesh
311265391,DCGN-7039/26-27,2,pbsenterprises10 rp b2brc,55:02.1,08-07-2026 20:43,13-07-2026,`DCGN-7039/26-27,"SPACE LIGHT ENERGY, .",Noida,Aunrihar,fujiyama power system (panel),,221101,1,13-07-2026,13-07-2026,Aunrihar_Saidpur_D (Uttar Pradesh),14-07-2026 10:33,Delivered,Delivered,Delivered to Consignee,13-07-2026,13-07-2026 13:33,Pre-paid,5.43766E+13,Clean POD | As per POD audit,,,,42:30.8,40258,47.34,33:46.3,33:46.3,1,,D1,Forward Shipment,303676804,Uttar Pradesh
312565033,A60394G123L14075-5562474,2,pbsenterprises10 rp b2brc,21:18.0,31-07-2026 14:49,05-08-2026,`676,"OXYGEN ENERGY ENTERPRISES-AMPERE, OXYGEN ENERGY ENTERPRISES-AMPERE",Chhindwara,Salem,jalsa automobile,,636006,2,05-08-2026,06-08-2026,Salem_Ramalingapuram_H (Tamil Nadu),08-08-2026 11:30,Delivered,Delivered,Delivered to Consignee,05-08-2026,06-08-2026 16:51,Pre-paid,5.43766E+13,Clean POD | As per POD audit,,,,19:09.1,49000,18.24,10:05.6,51:22.0,2,,D2,Forward Shipment,309272616,Tamil Nadu
311694367,B111001390252085-5558662,2,pbsenterprises10 rp b2brc,21:00.6,16-07-2026 22:03,21-07-2026,`833,"KABRA EXTRUSION TECHNIK LTDBATTRIXX , KABRA EXTRUSION TECHNIK LTDBATTRIXX",Thanjavur,Pune,chola e bike,,410501,1,21-07-2026,21-07-2026,Pune_Bhamboli_L (Maharashtra),22-07-2026 16:00,Delivered,Delivered,Delivered to Consignee,21-07-2026,21-07-2026 17:55,Pre-paid,5.43766E+13,Clean POD | As per POD audit,,,,53:43.9,49000,20.46,55:52.6,55:52.6,1,,D1,Forward Shipment,305495147,Maharashtra
298029360,298029361,2,pbsenterprises10 rp b2brc,52:21.2,16-07-2026 16:52,20-07-2026,`0045,Kakkar smart energy ventures LLP,Jaipur,Sonipat,safeli mona green automobiles,,131028,1,21-07-2026,21-07-2026,Sonipat_Sector42_P (Haryana),23-07-2026 15:48,Delivered,Delivered,Delivered to Consignee,20-07-2026,21-07-2026 12:31,Pre-paid,5.43766E+13,Clean POD | As per POD audit,,,,46:09.7,45000,48.92,31:33.7,31:33.7,1,,B,Forward Shipment,305697884,Haryana
312478501,SAFELI,2,pbsenterprises10 rp b2brc,06:52.1,29-07-2026 17:42,03-08-2026,`3408,"KAKKAR SMART ENERGY VENTURES LLP, KAKKAR SMART ENERGY VENTURES LLP",Bareilly,Sonipat,safeli vikash service eng,,131028,1,11-08-2026,11-08-2026,Sonipat_Sector62_D (Haryana),11-08-2026 17:13,Delivered,Delivered,Delivered to Consignee,31-07-2026,11-08-2026 16:23,Pre-paid,5.43766E+13,LM POD document uploaded,,,,32:09.2,7000,3.52,23:29.7,23:29.7,1,,B,Forward Shipment,308947969,Haryana
312736326,SAFELI,2,pbsenterprises10 rp b2brc,42:43.9,03-08-2026 18:53,08-08-2026,`71,"KAKKAR SMART ENERGY VENTURES LLP, KAKKAR SMART ENERGY VENTURES LLP",Daudnagar,Sonipat,safeli gulshan automobiles,,131028,1,08-08-2026,08-08-2026,Sonipat_Sector42_P (Haryana),10-08-2026 14:49,Delivered,Delivered,Delivered to Consignee,08-08-2026,08-08-2026 16:04,Pre-paid,5.43766E+13,Clean POD | As per POD audit,,,,50:56.8,15000,48.9,04:13.9,04:13.9,1,,D1,Forward Shipment,310199953,Haryana
312567641,B111001390259757-5562236,3,pbsenterprises10 rp b2brc,45:51.5,31-07-2026 19:36,05-08-2026,`863,"KABRA EXTRUSION TECHNIK LTDBATTRIXX , KABRA EXTRUSION TECHNIK LTDBATTRIXX",Hyderabad,Pune,ankur motors,,410501,1,06-08-2026,06-08-2026,Pune_Bhamboli_L (Maharashtra),08-08-2026 16:57,Delivered,Delivered,Delivered to Consignee,05-08-2026,07-08-2026 19:43,Pre-paid,5.43766E+13,Clean POD | As per POD audit,,,,42:48.1,49000,20,43:25.5,43:25.5,1,,C1,Forward Shipment,309279019,Maharashtra
311644497,1,2,pbsenterprises10 rp b2brc,27:29.7,14-07-2026 19:27,20-07-2026,`00135,"kakkar smart energy , kakkar",Azamgarh,Sonipat,safeli pratistha auto sales,,131028,1,20-07-2026,20-07-2026,Sonipat_Sector42_P (Haryana),21-07-2026 14:51,Delivered,Delivered,Delivered to Consignee,20-07-2026,20-07-2026 16:23,Pre-paid,5.43766E+13,Clean POD | As per POD audit,,,,55:54.4,24000,60.6,,,,,D1,Forward Shipment,305155836,Haryana
311447367,B111001390244404-5558265,2,pbsenterprises10 rp b2brc,10:03.8,11-07-2026 16:41,15-07-2026,`597,"KABRA EXTRUSION TECHNIK LTDBATTRIXX , KABRA EXTRUSION TECHNIK LTDBATTRIXX",Visakhapatnam,Pune,sri prasanna motors,,410501,1,15-07-2026,15-07-2026,Pune_Bhamboli_L (Maharashtra),16-07-2026 19:41,Delivered,Delivered,Delivered to Consignee,15-07-2026,15-07-2026 13:43,Pre-paid,5.43766E+13,Clean POD | As per POD audit,,,,09:17.9,49000,20.34,43:11.7,43:11.7,1,,D1,Forward Shipment,304312143,Maharashtra
311954686,B121005230120186,2,pbsenterprises10 rp b2brc,29:10.1,22-07-2026 18:04,27-07-2026,`11,"KABRA EXTRUSIONTECHNIK LTD, KABRA EXTRUSIONTECHNIK LTD",Firozabad,Gurgaon,sayban trader (kab),,122004,1,27-07-2026,27-07-2026,Gurgaon_Sihi_L (Haryana),28-07-2026 15:02,Delivered,Delivered,Delivered to Consignee,27-07-2026,27-07-2026 16:13,Pre-paid,5.43766E+13,Clean POD | As per POD audit,,,,01:38.5,49000,54.16,13:48.7,13:48.7,1,,B,Forward Shipment,307186312,Haryana
311619280,DCGN-7540/26-27,2,pbsenterprises10 rp b2brc,53:29.2,17-07-2026 07:14,21-07-2026,`DCGN-7540/26-27,"DEV BHUMI ENTERPRISES, .",Noida,Rohtak,fujiyama power system (panel),,124001,1,22-07-2026,22-07-2026,Rohtak_BahuAkbarpur_D (Haryana),22-07-2026 12:00,Delivered,Delivered,Delivered to Consignee,20-07-2026,22-07-2026 12:00,Pre-paid,5.43766E+13,Contactless Delivery -  Geofence verified,,,,07:37.4,39185,49.34,00:42.7,00:42.7,1,,B,Forward Shipment,FMINC_ff81d1ee-8180-11f1-8622-930937f88e07,Haryana
310883880,Bounce,3,pbsenterprises10 rp b2brc,45:15.5,03-07-2026 17:21,09-07-2026,`D/26-27/114,"Mahesh Enterprises, Mahesh Enterprises",Bangalore,Vasmat,bounce exicom energy systems private limited bangalore,,431750,1,09-07-2026,09-07-2026,Vasmat_Khajipura_D (Maharashtra),09-07-2026 10:50,Delivered,Delivered,Delivered to Consignee,08-07-2026,09-07-2026 10:50,Pre-paid,5.43766E+13,Contactless Delivery -  Geofence not verified,,,,44:08.4,49000,13.52,51:04.2,51:04.2,1,,D1,Forward Shipment,302492560,Maharashtra
312840306,SAFELI,2,pbsenterprises10 rp b2brc,23:29.6,05-08-2026 13:51,07-08-2026,`AS-253,"M/S Daybee Enterprise, M/S Daybee Enterprise",Guwahati,Chhaygaon,safeli assam kakkar smart energy ventures llp,,781125,1,07-08-2026,07-08-2026,Chhaygaon_Bijoynagar_D (Assam),08-08-2026 15:38,Delivered,Delivered,Delivered to Consignee,07-08-2026,07-08-2026 17:55,Pre-paid,5.43766E+13,Clean POD | As per POD audit,,,,35:04.8,45000,8.2,55:38.5,55:38.5,1,,E,Forward Shipment,310755556,Assam
310883618,Bounce,2,pbsenterprises10 rp b2brc,43:31.4,03-07-2026 17:21,06-07-2026,`D/26-27/115,"AnilDoddihal, AnilDoddihal",Bangalore,Hubli,bounce exicom energy systems private limited bangalore,,580032,1,06-07-2026,06-07-2026,Hubli_Budarshingi_H (Karnataka),06-07-2026 14:45,Delivered,Delivered,Delivered to Consignee,06-07-2026,06-07-2026 14:45,Pre-paid,5.43766E+13,Contactless Delivery -  Geofence verified,,,,33:21.5,45000,12.72,45:53.1,45:53.1,1,,B,Forward Shipment,302492560,Karnataka
312132714,SAFELI,2,pbsenterprises10 rp b2brc,03:51.9,24-07-2026 17:17,27-07-2026,`AS-229,"M/S ANIKA ELECTRONICS, M/S ANIKA ELECTRONICS",Guwahati,Mangaldoi,safeli assam kakkar smart energy ventures llp,,784115,1,27-07-2026,27-07-2026,Mangaldoi_Kharupetia_D (Assam),27-07-2026 12:22,Delivered,Delivered,Delivered to Consignee,27-07-2026,27-07-2026 12:22,Pre-paid,5.43766E+13,Contactless Delivery -  Geofence NA,,,,20:04.7,45000,5.64,22:09.2,22:09.2,1,,E,Forward Shipment,307454975,Assam
311538965,Bounce,2,pbsenterprises10 rp b2brc,42:42.0,14-07-2026 16:59,17-07-2026,`93,"Exicom Energy Systems Private Limited, .",Mysore,Bangalore,bounce wadiyar ev motors pvt ltd,,560064,1,17-07-2026,17-07-2026,Bangalore_Bettahalsoor_L (Karnataka),17-07-2026 13:19,Delivered,Delivered,Delivered to Consignee,17-07-2026,17-07-2026 13:19,Pre-paid,5.43766E+13,Contactless Delivery -  Geofence verified,,,,46:27.2,40000,12.59,19:21.9,19:21.9,1,,B,Forward Shipment,305151369,Karnataka
312337516,DCGN-8912/26-27,2,pbsenterprises10 rp b2brc,23:31.8,27-07-2026 19:29,03-08-2026,`DCGN-8912/26-27,"BRAND CONCEPTS, .",Noida,Banka,fujiyama power system (panel),,813102,1,31-07-2026,31-07-2026,Banka_Jagatpur_D (Bihar),31-07-2026 18:07,Delivered,Delivered,Delivered to Consignee,03-08-2026,31-07-2026 18:07,Pre-paid,5.43766E+13,Contactless Delivery -  Geofence not verified,,,,04:00.2,37561,49.3,08:02.9,08:02.9,1,,D1,Forward Shipment,308328531,Bihar
312734832,Bounce,2,pbsenterprises10 rp b2brc,27:13.1,04-08-2026 14:46,10-08-2026,`187,"Clean Electric Private Limited, .",Delhi,Pune,bounce suny kumar,,410501,1,11-08-2026,11-08-2026,Pune_Bhamboli_L (Maharashtra),11-08-2026 15:49,Delivered,Delivered,Delivered to Consignee,10-08-2026,11-08-2026 15:49,Pre-paid,5.43766E+13,Contactless Delivery -  Geofence verified,,,,02:55.2,45000,15.73,49:14.8,49:14.8,1,,C2,Forward Shipment,310207265,Maharashtra
308269807,105,2,pbsenterprises10 rp b2brc,25:47.8,05-08-2026 17:25,08-08-2026,`105,"REDON LITHIUM INDUSTRIES PRIVATE LIMITED, mnoh",Mahabubnagar,Bangalore,keto motors limited,,562111,1,11-08-2026,11-08-2026,Bangalore_Nelamangla_H (Karnataka),11-08-2026 16:16,Pending,Undelivered,Consignee Unavailable,08-08-2026,,Pre-paid,5.43766E+13,Geofence verified,,,,56:14.0,49000,123.4,16:42.7,16:42.7,1,,B,Forward Shipment,310757221,Karnataka
311064749,REDON,2,pbsenterprises10 rp b2brc,34:12.2,03-07-2026 18:22,13-07-2026,`030,"REDON LITHIUM BATTERIES LLP, .",Dudhnoi,Noida,raj green city,,201308,1,13-07-2026,13-07-2026,Noida_Surajpur_L (Uttar Pradesh),14-07-2026 14:06,Delivered,Delivered,Delivered to Consignee,13-07-2026,13-07-2026 19:03,Pre-paid,5.43766E+13,Clean POD | As per POD audit,,,,33:07.4,21000,15.54,03:15.2,03:15.2,1,,E,Forward Shipment,302499810,Uttar Pradesh
311877460,DCGN-8064/26-27,2,pbsenterprises10 rp b2brc,05:38.9,21-07-2026 20:14,27-07-2026,`DCGN-8064/26-27,"SOLARONE ENTERPRISES JPR PRIVATE LIMITED, .",Noida,Indore,fujiyama power system (panel),,452010,2,25-07-2026,31-07-2026,Indore_Dakachya1_L (Madhya Pradesh),01-08-2026 10:31,Delivered,Delivered,Delivered to Consignee,27-07-2026,31-07-2026 17:37,Pre-paid,5.43766E+13,Clean POD | As per POD audit,,,,24:56.2,21015,47.43,37:13.2,37:13.2,1,,D1,Forward Shipment,306858972,Madhya Pradesh
311787457,DCGN-7894/26-27,2,pbsenterprises10 rp b2brc,41:52.5,18-07-2026 21:26,25-07-2026,`DCGN-7894/26-27,"HASIM ENTERPRISE, .",Noida,Murarai,fujiyama power system (panel),,731219,1,25-07-2026,25-07-2026,Murarai_Birbhumi_D (West Bengal),26-07-2026 08:50,Delivered,Delivered,Delivered to Consignee,25-07-2026,25-07-2026 20:37,Pre-paid,5.43766E+13,Clean POD | As per POD audit,,,,33:55.9,31114,45.6,37:57.1,37:57.1,1,,D1,Forward Shipment,FMINC_2fe7cf82-82c1-11f1-bbfc-291932d3a787,West Bengal
312125246,E2W4830A22250080 5557748,2,pbsenterprises10 rp b2brc,40:54.4,23-07-2026 14:02,27-07-2026,`9201,"CYGNI ENERGY PRIVATE LIMITED, CYGNI ENERGY PRIVATE LIMITED",Salem,Hyderabad,oxygen energy enterprises ampere,,501359,2,27-07-2026,28-07-2026,Hyderabad_Shamshbd_H (Telangana),29-07-2026 14:13,Delivered,Delivered,Delivered to Consignee,27-07-2026,28-07-2026 19:33,Pre-paid,5.43766E+13,Clean POD | As per POD audit,,,,02:30.1,49000,15.73,48:14.1,33:46.2,2,,D1,Forward Shipment,307411423,Telangana
312209953,DCGN-8646/26-27,2,pbsenterprises10 rp b2brc,57:49.2,25-07-2026 19:57,30-07-2026,`DCGN-8646/26-27,"Diwakar Maurya, .",Noida,Jalalpur,fujiyama power system (panel),,228171,2,04-08-2026,04-08-2026,Jalalpur_Jaukabad_D (Uttar Pradesh),04-08-2026 12:29,Delivered,Delivered,Delivered to Consignee,29-07-2026,04-08-2026 12:29,Pre-paid,5.43766E+13,Contactless Delivery -  Geofence NA,,,,51:37.7,113024,114.5,30:00.3,30:00.3,1,,D1,Forward Shipment,307942843,Uttar Pradesh
313018661,B111001390246610-5562905,2,pbsenterprises10 rp b2brc,50:16.6,10-08-2026 13:23,17-08-2026,`7,"KABRA EXTRUSION TECHNIK LTDBATTRIXX , KABRA EXTRUSION TECHNIK LTDBATTRIXX",Thrissur,Pune,pallai ampere,,410501,0,,,Bangalore_Hoskote_GW (Karnataka),12-08-2026 05:33,In Transit,Undelivered,Consignment Dispatched from Origin City,17-08-2026,,Pre-paid,5.43766E+13,"L:44.9, B:22.4, H:20.3, W:20510.0, V:20416.928, Rv:19769.0",,,,,25000,20.56,,,,,D1,Forward Shipment,312018575,Maharashtra
311550001,A48281C24F27134  5550068,2,pbsenterprises10 rp b2brc,38:31.6,13-07-2026 14:34,15-07-2026,`013/26-27,"NATIONAL BATTERY ,  NATIONAL BATTERY",Ahmedabad,Bhavnagar,jalaram lithium battery ampere b2b,,364001,1,15-07-2026,15-07-2026,Bhavnagar_Chitra_I (Gujarat),16-07-2026 15:44,Delivered,Delivered,Delivered to Consignee,15-07-2026,15-07-2026 16:43,Pre-paid,5.43766E+13,Clean POD | As per POD audit,,,,11:44.0,47200,8.5,44:07.0,44:07.0,1,,B,Forward Shipment,304879243,Gujarat
311251376,SAFELI,3,pbsenterprises10 rp b2brc,17:35.9,07-07-2026 15:59,13-07-2026,`45,"KAKKAR SMART ENERGY VENTURES LLP, KAKKAR SMART ENERGY VENTURES LLP",Lalganj-BH,Sonipat,safeli aarav traders,,131028,1,13-07-2026,13-07-2026,Sonipat_Sector42_P (Haryana),15-07-2026 10:33,Delivered,Delivered,Delivered to Consignee,13-07-2026,13-07-2026 16:52,Pre-paid,5.43766E+13,Clean POD | As per POD audit,,,,17:47.8,15000,50.9,52:33.5,52:33.5,1,,D1,Forward Shipment,303457748,Haryana
311667736,RACHNA JI,2,pbsenterprises10 rp b2brc,28:30.0,15-07-2026 20:30,20-07-2026,`SM/NR/26/0484753,"RISHIKESH PAL, FUJIYAMA POWER SYSTEMS LIMITED-NOIDA 51,52",Amroha,Noida,rachna ji pankaj kumar 5562,,201308,1,18-07-2026,18-07-2026,Noida_Surajpur_L (Uttar Pradesh),25-07-2026 14:49,Delivered,Delivered,Delivered to Consignee,20-07-2026,18-07-2026 20:43,Pre-paid,5.43766E+13,Clean POD | As per POD audit,,,,48:45.3,48547,48.33,43:53.2,43:53.2,1,,B,Forward Shipment,FMINC_f1458bf8-805d-11f1-bb15-291932d3a787,Uttar Pradesh
312236106,B111001390246559-5560111,2,pbsenterprises10 rp b2brc,45:00.9,29-07-2026 20:02,03-08-2026,`958,"KABRA EXTRUSION TECHNIK LTDBATTRIXX , KABRA EXTRUSION TECHNIK LTDBATTRIXX",Durg,Pune,ashutosh electricals,,410501,1,04-08-2026,04-08-2026,Pune_Bhamboli_L (Maharashtra),05-08-2026 17:09,Delivered,Delivered,Delivered to Consignee,03-08-2026,04-08-2026 16:07,Pre-paid,5.43766E+13,Clean POD | As per POD audit,,,,38:57.8,49000,20.84,07:50.4,07:50.4,1,,D1,Forward Shipment,308675580,Maharashtra
312260516,SAFELI,3,pbsenterprises10 rp b2brc,02:15.0,25-07-2026 16:23,30-07-2026,`AS-231,"Rahul Automobile, Rahul Automobile",Guwahati,Baharampur,safeli assam kakkar smart energy ventures llp,,742165,1,30-07-2026,30-07-2026,Berhampore_Mankara_I (West Bengal),30-07-2026 17:08,Delivered,Delivered,Delivered to Consignee,30-07-2026,30-07-2026 17:08,Pre-paid,5.43766E+13,Contactless Delivery -  Geofence not verified,,,,34:04.9,45000,49.46,08:48.4,08:48.4,1,,E,Forward Shipment,307718698,West Bengal
312901478,Drive volts,2,pbsenterprises10 rp b2brc,32:41.2,,,`124,"., Drive Volts Private Limited",Kurukshetra,Dehradun,pawan kumar,,248011,0,,,Kurukshetra_DDColony1_D (Haryana),06-08-2026 20:27,Manifested,Undelivered,Consignment Manifested,,,Pre-paid,5.43766E+13,Geofenced |,,,,,15000,20,,,,,B,Forward Shipment,,Uttarakhand
311961627,B111001390243046-5560090,2,pbsenterprises10 rp b2brc,42:32.5,21-07-2026 11:35,25-07-2026,`816,"KABRA EXTRUSION TECHNIK LTDBATTRIXX , KABRA EXTRUSION TECHNIK LTDBATTRIXX",Loni,Pune,jai mata di auto-loni,,410501,1,27-07-2026,27-07-2026,Pune_Bhamboli_L (Maharashtra),28-07-2026 15:38,Delivered,Delivered,Delivered to Consignee,25-07-2026,27-07-2026 17:32,Pre-paid,5.43766E+13,Clean POD | As per POD audit,,,,10:02.2,49000,20.73,32:56.0,32:56.0,1,,B,Forward Shipment,306702610,Maharashtra
311861033,DCGN-8001/26-27,2,pbsenterprises10 rp b2brc,02:40.9,18-07-2026 19:00,27-07-2026,`DCGN-8001/26-27,"SANA TOTO PARTS, .",Noida,Morgram,fujiyama power system (panel),,742226,2,25-07-2026,26-07-2026,Morgram_Kantagoriya_D (West Bengal),27-07-2026 14:36,Delivered,Delivered,Delivered to Consignee,25-07-2026,26-07-2026 16:37,Pre-paid,5.43766E+13,Clean POD | As per POD audit,,,,06:25.5,39004,49.28,48:23.7,37:11.7,2,,D1,Forward Shipment,306183947,West Bengal
311107172,SAFELI,2,pbsenterprises10 rp b2brc,30:12.1,04-07-2026 12:50,07-07-2026,`AS-186,"M/S AMAR BATTERY, M/S AMAR BATTERY",Guwahati,Barpeta,safeli assam kakkar smart energy ventures llp,,781315,2,09-07-2026,20-07-2026,Barpeta_ShaktiNagar_D (Assam),20-07-2026 16:17,Delivered,Delivered,Delivered to Consignee,06-07-2026,20-07-2026 16:17,Pre-paid,5.43766E+13,Contactless Delivery -  Geofence NA,,,,53:37.5,45000,48.12,17:06.7,17:06.7,1,,E,Forward Shipment,302741221,Assam
312857307,3,2,pbsenterprises10 rp b2brc,58:00.8,05-08-2026 15:58,10-08-2026,`3,REDON LITHIUM INDUSTRIED PVT LTD,Patti,Noida,baba e vehicle,,201315,1,11-08-2026,11-08-2026,Noida_Surajpur_L (Uttar Pradesh),12-08-2026 10:41,Delivered,Delivered,Delivered to Consignee,10-08-2026,11-08-2026 14:56,Pre-paid,5.43766E+13,Clean POD | As per POD audit,,,,49:55.3,20000,19.32,57:03.4,57:03.4,1,,B,Forward Shipment,310786555,Uttar Pradesh
312125192,DCGN-8468/26-27,3,pbsenterprises10 rp b2brc,40:07.9,23-07-2026 20:18,27-07-2026,`DCGN-8468/26-27,"M/S SUN SHINE TRADERS , .",Noida,Panipat,fujiyama power system (panel),,132103,1,25-07-2026,25-07-2026,Panipat_Diwana_P (Haryana),26-07-2026 08:54,Delivered,Delivered,Delivered to Consignee,27-07-2026,25-07-2026 11:46,Pre-paid,5.43766E+13,Clean POD | As per POD audit,,,,22:27.3,69134,48.8,46:05.7,46:05.7,1,,B,Forward Shipment,307540424,Haryana
311787678,DCGN-7880/26-27,2,pbsenterprises10 rp b2brc,44:36.1,18-07-2026 21:26,23-07-2026,`DCGN-7880/26-27,"M/S MAA BHAGWATI ELECTRONIC, .",Noida,Farrukhabad,fujiyama power system (panel),,209625,1,21-07-2026,21-07-2026,Farrukhabad_RamBanquet_D (Uttar Pradesh),22-07-2026 14:12,Delivered,Delivered,Delivered to Consignee,23-07-2026,21-07-2026 13:37,Pre-paid,5.43766E+13,Clean POD | As per POD audit,,,,08:24.6,36967,50.66,37:51.0,37:51.0,1,,B,Forward Shipment,FMINC_2fe7cf82-82c1-11f1-bbfc-291932d3a787,Uttar Pradesh
311645107,RACHAN JI,2,pbsenterprises10 rp b2brc,32:31.7,18-07-2026 06:59,21-07-2026,`D-961/26-27,"RISHIKESH PAL, FUJIYAMA POWER SYSTEMS LIMITED-NOIDA 51,52",Salumbar,Noida,rachna ji  praveen kumar bunker 1964,,201308,1,23-07-2026,23-07-2026,Noida_Surajpur_L (Uttar Pradesh),24-07-2026 16:52,Delivered,Delivered,Delivered to Consignee,21-07-2026,23-07-2026 21:28,Pre-paid,5.43766E+13,Clean POD | As per POD audit,,,,43:08.8,121957,92.66,29:00.5,29:00.5,1,,D1,Forward Shipment,305743978,Uttar Pradesh
312426432,DCGN-9085/26-27,2,pbsenterprises10 rp b2brc,33:59.6,28-07-2026 19:32,01-08-2026,`DCGN-9085/26-27,"NAVEEN ELECTRICALS, .",Noida,Neemrana,fujiyama power system (panel),,301701,1,31-07-2026,31-07-2026,Neemrana_RIICOIndArea_L (Rajasthan),03-08-2026 12:00,Delivered,Delivered,Delivered to Consignee,01-08-2026,31-07-2026 19:09,Pre-paid,5.43766E+13,Clean POD | As per POD audit,,,,18:22.3,59556,51.5,26:37.8,09:48.6,2,,B,Forward Shipment,308620847,Rajasthan
311963847,B111001390172460-5558859,2,pbsenterprises10 rp b2brc,08:45.3,21-07-2026 14:30,25-07-2026,`895,"JALARAM LITHIUM BATTERY-AMPERE, JALARAM LITHIUM BATTERY-AMPERE",Latur,Ahmedabad,bidve motors pvt ltd,,382213,1,27-07-2026,27-07-2026,Ahmedabad_Sanathal_L (Gujarat),31-07-2026 10:26,Delivered,Delivered,Delivered to Consignee,25-07-2026,27-07-2026 12:56,Pre-paid,5.43766E+13,Clean POD | As per POD audit,,,,16:12.7,49000,17.42,57:01.9,57:01.9,1,,D1,Forward Shipment,306708424,Gujarat
311862902,SAFELI,2,pbsenterprises10 rp b2brc,22:49.4,18-07-2026 19:08,22-07-2026,`3534,"KAKKAR SMART ENERGY VENTURES LLP, ASSAM KAKKAR SMART ENERGY VENTURES LLP",Mangaldoi,Guwahati,safeli anika electronics,,781035,1,21-07-2026,21-07-2026,Guwahati_Kaikchi1_L (Assam),23-07-2026 11:44,Delivered,Delivered,Delivered to Consignee,22-07-2026,21-07-2026 20:16,Pre-paid,5.43766E+13,Clean POD | As per POD audit,,,,46:53.9,15000,7.6,16:08.3,16:08.3,1,,E,Forward Shipment,306227248,Assam
312195421,DCGN-8644/26-27,2,pbsenterprises10 rp b2brc,12:32.7,25-07-2026 19:47,29-07-2026,`DCGN-8644/26-27,"M/S RSK SOLAR ENERGY & M/S CREST TECH, .",Noida,Mohali,fujiyama power system (panel),,160055,1,28-07-2026,28-07-2026,Mohali_Balongi_L (Punjab),29-07-2026 15:19,Delivered,Delivered,Delivered to Consignee,29-07-2026,28-07-2026 15:32,Pre-paid,5.43766E+13,Clean POD | As per POD audit,,,,56:31.6,37084,50,32:06.6,32:06.6,1,,B,Forward Shipment,307942843,Punjab
312739508,B112004420_124463,5,pbsenterprises10 rp b2brc,17:51.1,03-08-2026 15:25,07-08-2026,`DC/UEPL/AY/239,"KABRA EXTRUSIONTECHNIK LTD, KABRA EXTRUSIONTECHNIK LTD",Ayodhya,Gurgaon,"upgrid ajodhya	wh0048",,122004,1,10-08-2026,10-08-2026,Gurgaon_Sihi_L (Haryana),11-08-2026 17:53,Delivered,Delivered,Delivered to Consignee,07-08-2026,10-08-2026 21:09,Pre-paid,5.43766E+13,LM POD document uploaded,,,,30:27.8,80004,51,19:00.6,19:00.6,1,,D1,Forward Shipment,310200488,Haryana
311115967,GEO550002HIP260100028,3,pbsenterprises10 rp b2brc,16:39.2,04-07-2026 16:31,09-07-2026,`11,"KABRA EXTRUSIONTECHNIK LTD, KABRA EXTRUSIONTECHNIK LTD",Azamgarh,Gurgaon,vrindavan palace (kab),,122004,1,10-07-2026,10-07-2026,Gurgaon_Sihi_L (Haryana),11-07-2026 20:28,Delivered,Delivered,Delivered to Consignee,09-07-2026,10-07-2026 18:12,Pre-paid,5.43766E+13,Clean POD | As per POD audit,,,,52:23.1,49000,43.66,12:56.9,12:56.9,1,,D1,Forward Shipment,302735486,Haryana
312733535,B1_51105_B_124307,2,pbsenterprises10 rp b2brc,11:31.9,03-08-2026 17:32,06-08-2026,`DC/UEPL/LKM/030,"KABRA EXTRUSION TECHNIK-GURUGRAM , KABRA EXTRUSION TECHNIK-GURUGRAM",Lakhimpur,Gurgaon,upgrid wh0098,,122004,1,10-08-2026,10-08-2026,Gurgaon_Sihi_L (Haryana),11-08-2026 17:53,Delivered,Delivered,Delivered to Consignee,06-08-2026,10-08-2026 21:01,Pre-paid,5.43766E+13,LM POD document uploaded,,,,18:28.6,27081,50.93,19:03.5,19:03.5,1,,B,Forward Shipment,310200800,Haryana
310944732,Bounce,2,pbsenterprises10 rp b2brc,31:56.2,01-07-2026 18:13,06-07-2026,`26521,"Exicom Energy Systems Private Limited , .",Tiptur,Bangalore,bounce sri lakshmi motors,,560065,1,06-07-2026,06-07-2026,Bangalore_Bettahalsoor_L (Karnataka),06-07-2026 15:46,Delivered,Delivered,Delivered to Consignee,06-07-2026,06-07-2026 15:46,Pre-paid,5.43766E+13,Contactless Delivery -  Geofence verified,,,,24:36.0,45000,14.4,46:38.9,46:38.9,1,,B,Forward Shipment,301996651,Karnataka
311173620,FUJIYAMA-6863,2,pbsenterprises10 rp b2brc,14:33.4,06-07-2026 19:02,11-07-2026,`DCGN-6863/26-27,"M/S JITENDRA ELECTRICM/S JITENDRA ELECTRIC, .",Noida,Shamli,fujiyama power system (panel),,247776,1,09-07-2026,09-07-2026,Shamli_Lilon_D (Uttar Pradesh),10-07-2026 15:39,Delivered,Delivered,Delivered to Consignee,11-07-2026,09-07-2026 18:37,Pre-paid,5.43766E+13,Clean POD | As per POD audit,,,,46:54.9,41856,49.86,37:28.2,37:28.2,1,,B,Forward Shipment,303127210,Uttar Pradesh
311610810,A48281A24I20004  5555331,2,pbsenterprises10 rp b2brc,12:31.6,17-07-2026 16:06,20-07-2026,`015/26-27,"FRIENDLY AUTOMOBILE,  FRIENDLY AUTOMOBILE",Ahmedabad,Mumbai,jalaram lithium battery ampere b2b,,400009,2,21-07-2026,22-07-2026,Mumbai_Kalachowki_L (Maharashtra),24-07-2026 16:09,Delivered,Delivered,Delivered to Consignee,20-07-2026,22-07-2026 14:38,Pre-paid,5.43766E+13,Clean POD | As per POD audit,,,,35:54.3,47200,10.32,59:41.5,38:38.5,2,,C1,Forward Shipment,305941517,Maharashtra
311260344,B111001390186894-5557891,2,pbsenterprises10 rp b2brc,00:33.4,08-07-2026 17:40,14-07-2026,`833,"KABRA EXTRUSION TECHNIK LTDBATTRIXX , KABRA EXTRUSION TECHNIK LTDBATTRIXX",Jagtial,Pune,om durga motors-jagityal,,410501,1,16-07-2026,16-07-2026,Pune_Bhamboli_L (Maharashtra),18-07-2026 10:11,Delivered,Delivered,Delivered to Consignee,14-07-2026,16-07-2026 18:17,Pre-paid,5.43766E+13,Clean POD | As per POD audit,,,,45:18.3,49000,17.39,17:37.8,17:37.8,1,,D1,Forward Shipment,303484674,Maharashtra
311417764,Bounce,2,pbsenterprises10 rp b2brc,52:03.3,10-07-2026 20:18,13-07-2026,`D/26-27/132,"SRI LAKSHMI MOTORS, SRI LAKSHMI MOTORS",Bangalore,Tiptur,bounce exicom energy systems private limited bangalore,,572201,1,13-07-2026,13-07-2026,Tiptur_Chmundeshwri_D (Karnataka),13-07-2026 12:55,Delivered,Delivered,Delivered to Consignee,13-07-2026,13-07-2026 12:55,Pre-paid,5.43766E+13,Contactless Delivery -  Geofence verified,,,,16:20.1,45000,14.42,55:31.0,55:31.0,1,,B,Forward Shipment,304236170,Karnataka
311561086,DCGN-7419/26-27,2,pbsenterprises10 rp b2brc,46:07.3,13-07-2026 17:58,17-07-2026,`DCGN-7419/26-27,"BALAJI POWER SOLUTIONS, .",Noida,Sikar,fujiyama power system (panel),,332001,1,17-07-2026,17-07-2026,Sikar_IndustrialArea_I (Rajasthan),18-07-2026 10:13,Delivered,Delivered,Delivered to Consignee,17-07-2026,17-07-2026 16:34,Pre-paid,5.43766E+13,Clean POD | As per POD audit,,,,24:47.8,37913,52.1,34:32.3,34:32.3,1,,B,Forward Shipment,304847002,Rajasthan
312263602,B111002350120328-5554853,2,pbsenterprises10 rp b2brc,42:49.8,27-07-2026 16:30,01-08-2026,`614,"KABRA EXTRUSION TECHNIK LTDBATTRIXX , KABRA EXTRUSION TECHNIK LTDBATTRIXX",Rajkot,Pune,shivam ev,,410501,1,01-08-2026,01-08-2026,Pune_Bhamboli_L (Maharashtra),01-08-2026 16:16,Delivered,Delivered,Delivered to Consignee,01-08-2026,01-08-2026 14:43,Pre-paid,5.43766E+13,Clean POD | As per POD audit,,,,52:12.6,49000,17.54,43:16.7,43:16.7,1,,D1,Forward Shipment,308000427,Maharashtra
311869058,Bounce,2,pbsenterprises10 rp b2brc,33:13.7,18-07-2026 21:03,22-07-2026,`14072026,"EXICOM TELE-SYSTEMS LIMITED, .",Ichalkaranji,Bangalore,bounce virginking e bikes,,560065,1,23-07-2026,23-07-2026,Bangalore_Bettahalsoor_L (Karnataka),23-07-2026 15:04,Delivered,Delivered,Delivered to Consignee,22-07-2026,23-07-2026 15:04,Pre-paid,5.43766E+13,Contactless Delivery -  Geofence verified,,,,41:57.5,45000,13.26,04:23.8,04:23.8,1,,D1,Forward Shipment,306235512,Karnataka
312617617,113,8,pbsenterprises10 rp b2brc,37:56.0,31-07-2026 15:53,04-08-2026,`INV000113,MS  GOVIND TRADERS,Bilaspur-HR,Lavkush Nagar,true power energy,,471525,1,04-08-2026,04-08-2026,LavkushNagar_Chandla_DPP (Madhya Pradesh),05-08-2026 14:18,Delivered,Delivered,Delivered to Consignee,03-08-2026,04-08-2026 12:22,Pre-paid,5.43766E+13,Clean POD | As per POD audit,,,,42:34.5,162250,3.4,22:08.0,22:08.0,1,,D1,Forward Shipment,309482015,Madhya Pradesh
311605777,DCGN-7523/26-27,2,pbsenterprises10 rp b2brc,24:21.3,17-07-2026 07:14,23-07-2026,`DCGN-7523/26-27,"HASIM ENTERPRISE, .",Noida,Murarai,fujiyama power system (panel),,731219,1,21-07-2026,21-07-2026,Murarai_Birbhumi_D (West Bengal),24-07-2026 12:44,Delivered,Delivered,Delivered to Consignee,23-07-2026,21-07-2026 19:21,Pre-paid,5.43766E+13,Clean POD | As per POD audit,,,,12:08.9,124036,49.48,21:12.7,21:12.7,1,,D1,Forward Shipment,FMINC_ff81d1ee-8180-11f1-8622-930937f88e07,West Bengal
311965648,B111001390273259-5560511,3,pbsenterprises10 rp b2brc,30:48.1,21-07-2026 19:06,27-07-2026,`799,"KABRA EXTRUSION TECHNIK LTDBATTRIXX , KABRA EXTRUSION TECHNIK LTDBATTRIXX",Bargarh,Pune,tibrewal electric vehicle,,410501,1,04-08-2026,04-08-2026,Pune_Bhamboli_L (Maharashtra),05-08-2026 18:28,Delivered,Delivered,Delivered to Consignee,27-07-2026,04-08-2026 16:08,Pre-paid,5.43766E+13,Clean POD | As per POD audit,,,,09:54.4,49000,20.18,08:08.6,08:08.6,1,,D1,Forward Shipment,306716195,Maharashtra
310810212,RACHNA JI,3,pbsenterprises10 rp b2brc,11:47.4,01-07-2026 18:53,08-07-2026,`D-845/26-27,"RISHIKESH PAL, FUJIYAMA POWER SYSTEMS LIMITED-NOIDA 51,52",Mysore,Noida,rachna ji sachin m utl 1032f b2bc,,201308,1,09-07-2026,09-07-2026,Noida_Surajpur_L (Uttar Pradesh),10-07-2026 13:21,Delivered,Delivered,Delivered to Consignee,08-07-2026,09-07-2026 19:00,Pre-paid,5.43766E+13,Clean POD | As per POD audit,,,,24:25.5,56489,11.6,01:02.8,01:02.8,1,,D2,Forward Shipment,301753890,Uttar Pradesh
312469590,Bounce,2,pbsenterprises10 rp b2brc,36:45.7,30-07-2026 12:00,03-08-2026,`D/26-27/155,"Satyam E Bikes, Satyam E Bikes",Bangalore,Goa,bounce exicom energy systems private limited bangalore,,403512,1,04-08-2026,04-08-2026,Goa_Mapusa_L (Goa),06-08-2026 14:35,Delivered,Delivered,Delivered to Consignee,03-08-2026,04-08-2026 12:55,Pre-paid,5.43766E+13,Clean POD | As per POD audit,,,,59:27.1,45000,14.66,55:17.6,55:17.6,1,,D1,Forward Shipment,309172052,Goa
311572195,DCGN-7414/26-27,2,pbsenterprises10 rp b2brc,40:26.0,13-07-2026 18:10,18-07-2026,`DCGN-7414/26-27,"ABHAY ENTERPRISES (ETAH), .",Noida,Etawah,fujiyama power system (panel),,206001,1,16-07-2026,16-07-2026,Etawah_Harsauli_D (Uttar Pradesh),17-07-2026 15:56,Delivered,Delivered,Delivered to Consignee,18-07-2026,16-07-2026 14:52,Pre-paid,5.43766E+13,Clean POD | As per POD audit,,,,57:32.0,38308,51.3,54:04.4,54:04.4,1,,B,Forward Shipment,304847002,Uttar Pradesh
313013988,Bounce,2,pbsenterprises10 rp b2brc,56:13.9,,,`01,"Exicom Energy Systems Private Limited , .",Indore,Gurgaon,bounce aslam patel,,122015,0,,,Indore_Dakachya_GW (Madhya Pradesh),08-08-2026 13:56,Manifested,Undelivered,Consignment Manifested,,,Pre-paid,5.43766E+13,,,,,,29999,20,,,,,D1,Forward Shipment,,Haryana
312478058,SAFELI,3,pbsenterprises10 rp b2brc,02:31.0,29-07-2026 20:09,03-08-2026,`KSEV-3408,"KAKKAR SMART ENERGY VENTURES LLP, KAKKAR SMART ENERGY VENTURES LLP",Bhopal,Sonipat,safeli vg construction and trading company,,131028,1,04-08-2026,04-08-2026,Sonipat_Sector42_P (Haryana),06-08-2026 11:04,Delivered,Delivered,Delivered to Consignee,03-08-2026,04-08-2026 10:46,Pre-paid,5.43766E+13,Clean POD | As per POD audit,,,,36:09.7,7000,51.03,46:42.6,46:42.6,1,,D1,Forward Shipment,308942654,Haryana
299365311,140726,2,pbsenterprises10 rp b2brc,34:06.5,14-07-2026 15:34,17-07-2026,`1,"KAKKAR SMART ENERGY VENTURES LLP, KAKKAR SMART ENERGY VENTURES LLP",Jhansi,Sonipat,safeli g.k motors,,131028,1,17-07-2026,17-07-2026,Sonipat_Sector42_P (Haryana),18-07-2026 19:46,Delivered,Delivered,Delivered to Consignee,17-07-2026,17-07-2026 17:43,Pre-paid,5.43766E+13,Clean POD | As per POD audit,,,,32:58.6,10000,48.26,43:42.4,43:42.4,1,,B,Forward Shipment,305155360,Haryana
311860465,E2W4830A14250142-5559266,2,pbsenterprises10 rp b2brc,56:35.9,24-07-2026 20:46,30-07-2026,`906,"CYGNI ENERGY PRIVATE LIMITED, CYGNI ENERGY PRIVATE LIMITED",Contai,Hyderabad,kabita automobile,,501359,1,06-08-2026,06-08-2026,Hyderabad_Shamshbd_H (Telangana),11-08-2026 15:45,Delivered,Delivered,Delivered to Consignee,30-07-2026,06-08-2026 19:02,Pre-paid,5.43766E+13,LM POD document uploaded,,,,19:18.4,49000,16.05,02:24.2,02:24.2,1,,D1,Forward Shipment,307513557,Telangana
312536016,SAFELI,2,pbsenterprises10 rp b2brc,47:27.6,30-07-2026 13:01,03-08-2026,`AS-245,"MS Pathak Enterprises, MS Pathak Enterprises",Guwahati,Silapathar,safeli assam kakkar smart energy ventures llp,,787061,1,03-08-2026,03-08-2026,Silapathar_SimenChapori_D (Assam),03-08-2026 20:36,Delivered,Delivered,Delivered to Consignee,03-08-2026,03-08-2026 15:18,Pre-paid,5.43766E+13,Clean POD | As per POD audit,,,,28:29.9,45000,48.24,19:01.5,19:01.5,1,,E,Forward Shipment,309191501,Assam
312349200,HERO SAMRAT MOTORS (navi),5,pbsenterprises10 rp b2brc,31:14.7,27-07-2026 17:54,03-08-2026,`12,"HERRO MOTOR CROP LTD,, Mr. Mariselvam M",Satara,Tada,samrat motors,,517588,1,01-08-2026,01-08-2026,Tada_Sriharikota_D (Andhra Pradesh),02-08-2026 16:50,Delivered,Delivered,Delivered to Consignee,03-08-2026,01-08-2026 16:06,Pre-paid,5.43766E+13,Clean POD | As per POD audit,,,,51:59.0,47999,14.98,06:14.9,06:14.9,1,,D1,Forward Shipment,308390745,Andhra Pradesh
312901806,SAFELI,2,pbsenterprises10 rp b2brc,36:44.0,07-08-2026 17:39,10-08-2026,`57,"KAKKAR SMART ENERGY VENTURES LLP, KAKKAR SMART ENERGY VENTURES LLP",Lakhimpur,Sonipat,safeli new triveni e-rickshaw services,,131028,0,,,Bareilly_Sathrapur_H (Uttar Pradesh),11-08-2026 06:13,In Transit,Undelivered,Consignment Dispatched from Origin City,10-08-2026,,Pre-paid,5.43766E+13,Audit locked - found missing in audit,,,,,15000,52.76,,,,,B,Forward Shipment,311336775,Haryana
311343994,safeli,2,pbsenterprises10 rp b2brc,49:24.5,09-07-2026 18:20,13-07-2026,`34,"KAKKAR SMART ENERGY VENTURES LLP, ASSAM KAKKAR SMART ENERGY VENTURES LLP",Mangaldoi,Guwahati,safeli mayuri motor,,781035,1,15-07-2026,15-07-2026,Guwahati_Kaikchi1_L (Assam),25-07-2026 12:12,Delivered,Delivered,Delivered to Consignee,13-07-2026,15-07-2026 17:13,Pre-paid,5.43766E+13,Clean POD | As per POD audit,,,,26:53.5,15000,49.62,13:43.4,13:43.4,1,,E,Forward Shipment,303970279,Assam
312628477,rachna ji,2,pbsenterprises10 rp b2brc,17:23.3,01-08-2026 17:42,04-08-2026,`D-010203/26-27,"FUJIYAMA POWER SYSTEMS LIMITED, FUJIYAMA POWER SYSTEMS LIMITED",Jhansi,Noida,rachna ji prateek 5571a,,201301,2,04-08-2026,07-08-2026,Noida_Surajpur_L (Uttar Pradesh),09-08-2026 12:33,Delivered,Delivered,Delivered to Consignee,04-08-2026,07-08-2026 16:34,Pre-paid,5.43766E+13,Clean POD | As per POD audit,,,,49:53.3,474274,195,54:57.1,34:16.4,2,,B,Forward Shipment,309773164,Uttar Pradesh
311554125,B111001390252416-5557801,2,pbsenterprises10 rp b2brc,29:15.4,14-07-2026 15:21,20-07-2026,`1,"KABRA EXTRUSION TECHNIK LTDBATTRIXX , KABRA EXTRUSION TECHNIK LTDBATTRIXX",Gorakhpur,Pune,rishab motors,,410501,1,21-07-2026,21-07-2026,Pune_Bhamboli_L (Maharashtra),22-07-2026 18:17,Delivered,Delivered,Delivered to Consignee,20-07-2026,21-07-2026 17:42,Pre-paid,5.43766E+13,Clean POD | As per POD audit,,,,37:21.1,43778,20.48,42:09.9,42:09.9,1,,D2,Forward Shipment,304906480,Maharashtra
311691403,RACHNA JI,3,pbsenterprises10 rp b2brc,50:18.9,17-07-2026 20:11,23-07-2026,`D-978/26-27,"RISHIKESH PAL, FUJIYAMA POWER SYSTEMS LIMITED-NOIDA 51,52",Lakhisarai,Noida,rachna ji suhbash 1078a,,201308,1,21-07-2026,21-07-2026,Noida_Surajpur_L (Uttar Pradesh),22-07-2026 16:55,Delivered,Delivered,Delivered to Consignee,23-07-2026,21-07-2026 18:58,Pre-paid,5.43766E+13,Clean POD | As per POD audit,,,,52:35.6,184021,51.72,58:59.1,58:59.1,1,,D1,Forward Shipment,305939716,Uttar Pradesh
312872186,Supreme,2,pbsenterprises10 rp b2brc,59:45.7,06-08-2026 18:20,12-08-2026,`SLE/26-27/00291,"Ratna kanth, Ratna kanth",Noida,Sindhanur,supreme lithium energy noida 63,,583229,0,,,Bellary_Mundargi_I (Karnataka),11-08-2026 20:10,In Transit,Undelivered,Consignment Dispatched from Origin City,12-08-2026,,Pre-paid,5.43766E+13,,,,,,8808,2.35,,,,,D2,Forward Shipment,311043374,Karnataka
313014528,B1_51105_B_133670,3,pbsenterprises10 rp b2brc,02:04.8,09-08-2026 11:17,14-08-2026,`DC/UEPL/AY/242,"KABRA EXTRUSIONTECHNIK LTD, KABRA EXTRUSIONTECHNIK LTD",Ayodhya,Gurgaon,"upgrid ajodhya	wh0048",,122004,0,,,Ayodhya_Kotsarai_H (Uttar Pradesh),10-08-2026 19:51,In Transit,Undelivered,Consignment Dispatched from Origin City,14-08-2026,,Pre-paid,5.43766E+13,,,,,,40002,51.1,,,,,D1,Forward Shipment,311621319,Haryana
311671947,E2W4830A32250188-5559438,2,pbsenterprises10 rp b2brc,10:39.7,15-07-2026 16:40,21-07-2026,`822,"CYGNI ENERGY PRIVATE LIMITED, CYGNI ENERGY PRIVATE LIMITED",Allahabad,Hyderabad,new star engineering,,501359,1,21-07-2026,21-07-2026,Hyderabad_Shamshbd_H (Telangana),21-07-2026 16:12,Delivered,Delivered,Delivered to Consignee,21-07-2026,21-07-2026 16:12,Pre-paid,5.43766E+13,Contactless Delivery -  Geofence verified,,,,01:03.9,49000,12.78,12:13.7,12:13.7,1,,D1,Forward Shipment,305430586,Telangana
311065183,REDON,2,pbsenterprises10 rp b2brc,38:48.4,03-07-2026 16:29,08-07-2026,`029,"REDON LITHIUM BATTERIES LLP, .",Bokaro,Noida,reyansh automobile,,201308,1,09-07-2026,09-07-2026,Noida_Surajpur_L (Uttar Pradesh),11-07-2026 14:34,Delivered,Delivered,Delivered to Consignee,08-07-2026,09-07-2026 18:53,Pre-paid,5.43766E+13,Clean POD | As per POD audit,,,,56:17.6,21000,15.6,53:31.2,53:31.2,1,,D1,Forward Shipment,302501522,Uttar Pradesh
312679262,23CIBPD1202N1ZV,2,pbsenterprises10 rp b2brc,06:10.9,01-08-2026 16:06,05-08-2026,`1,"kakkar smart energy , kakkar",Narsinghgarh,Sonipat,safeli premshree motors,,131028,1,08-08-2026,08-08-2026,Sonipat_Sector42_P (Haryana),10-08-2026 15:10,Delivered,Delivered,Delivered to Consignee,05-08-2026,08-08-2026 16:05,Pre-paid,5.43766E+13,Clean POD | As per POD audit,,,,56:41.5,45000,60.2,05:33.4,05:33.4,1,,D1,Forward Shipment,309750950,Haryana
311965832,B1_51105_B_121391,3,pbsenterprises10 rp b2brc,32:45.5,21-07-2026 17:26,24-07-2026,`DC/UEPL/LKO/1710,"KABRA EXTRUSIONTECHNIK LTD, KABRA EXTRUSIONTECHNIK LTD",Lucknow,Gurgaon,upgrid wh0105 lucknow,,122004,1,25-07-2026,25-07-2026,Gurgaon_Sihi_L (Haryana),26-07-2026 08:56,Delivered,Delivered,Delivered to Consignee,24-07-2026,25-07-2026 18:15,Pre-paid,5.43766E+13,Clean POD | As per POD audit,,,,03:39.3,40002,53.58,15:14.9,15:14.9,1,,D1,Forward Shipment,306716838,Haryana
312260919,B111001390218442-5560238,2,pbsenterprises10 rp b2brc,08:20.6,27-07-2026 14:39,03-08-2026,`202,"KABRA EXTRUSION TECHNIK LTDBATTRIXX , KABRA EXTRUSION TECHNIK LTDBATTRIXX",Varanasi,Pune,anant automobile,,410501,1,04-08-2026,04-08-2026,Pune_Bhamboli_L (Maharashtra),05-08-2026 17:36,Delivered,Delivered,Delivered to Consignee,03-08-2026,04-08-2026 16:08,Pre-paid,5.43766E+13,Clean POD | As per POD audit,,,,12:34.2,48999,15.56,08:34.1,08:34.1,1,,D2,Forward Shipment,308371279,Maharashtra
313006090,E2W4830A33250521-5562761,2,pbsenterprises10 rp b2brc,14:12.9,08-08-2026 20:35,13-08-2026,`1,"CYGNI ENERGY PRIVATE LIMITED, CYGNI ENERGY PRIVATE LIMITED",Pathanamthitta,Hyderabad,emkay motors pvt ltd,,501359,1,12-08-2026,12-08-2026,Hyderabad_Shamshbd_H (Telangana),12-08-2026 11:22,Dispatched,Undelivered,Out for Delivery,13-08-2026,,Pre-paid,5.43766E+13,,,,,39:36.9,49000,12.98,,,,,D1,Forward Shipment,311595519,Telangana
311196273,B111001390240508-5557854,3,pbsenterprises10 rp b2brc,23:35.7,07-07-2026 12:46,13-07-2026,`895,"KABRA EXTRUSION TECHNIK LTDBATTRIXX , KABRA EXTRUSION TECHNIK LTDBATTRIXX",Gadag,Pune,om motors-gadag,,410501,1,13-07-2026,13-07-2026,Pune_Bhamboli_L (Maharashtra),14-07-2026 16:11,Delivered,Delivered,Delivered to Consignee,13-07-2026,13-07-2026 16:33,Pre-paid,5.43766E+13,Clean POD | As per POD audit,,,,08:17.1,49000,20.3,33:50.2,33:50.2,1,,D1,Forward Shipment,303198653,Maharashtra
311545551,A48281H24H21181 5554996,2,pbsenterprises10 rp b2brc,46:24.1,13-07-2026 14:34,17-07-2026,`011/26-27,"SAKSHAM TRADING COMPANY, SAKSHAM TRADING COMPANY",Ahmedabad,Bhandara,jalaram lithium battery ampere b2b,,441904,1,17-07-2026,17-07-2026,Bhandara_Khokurala_D (Maharashtra),18-07-2026 10:14,Delivered,Delivered,Delivered to Consignee,16-07-2026,17-07-2026 16:00,Pre-paid,5.43766E+13,Clean POD | As per POD audit,,,,55:27.7,47200,10.24,00:40.7,00:40.7,1,,D1,Forward Shipment,304879243,Maharashtra
312404262,B60381G22L22034-5560479,2,pbsenterprises10 rp b2brc,39:09.9,28-07-2026 18:02,04-08-2026,`890,"KAMAL LAXMI INDUSTRIES-AMPERE, KAMAL LAXMI INDUSTRIES-AMPERE",Dehradun,Raipur,laxmi e automobile,,492015,1,03-08-2026,03-08-2026,Raipur_Devpuri_L (Chhattisgarh),04-08-2026 11:36,Delivered,Delivered,Delivered to Consignee,04-08-2026,03-08-2026 15:13,Pre-paid,5.43766E+13,Clean POD | As per POD audit,,,,35:06.6,49000,13.36,14:07.2,14:07.2,1,,D1,Forward Shipment,308663967,Chhattisgarh
311970028,EA5160W182304661-5557360,2,pbsenterprises10 rp b2brc,27:48.9,30-07-2026 21:54,05-08-2026,`1,"CYGNI ENERGY PRIVATE LIMITED, CYGNI ENERGY PRIVATE LIMITED",Baloda Bazar,Hyderabad,narayan energies,,501359,1,06-08-2026,06-08-2026,Hyderabad_Shamshbd_H (Telangana),07-08-2026 19:33,Delivered,Delivered,Delivered to Consignee,05-08-2026,06-08-2026 18:58,Pre-paid,5.43766E+13,Clean POD | As per POD audit,,,,14:33.1,47000,38.9,59:03.9,59:03.9,1,,D1,Forward Shipment,309191383,Telangana
311606213,DCGN-7521/26-27,2,pbsenterprises10 rp b2brc,28:12.0,17-07-2026 07:14,21-07-2026,`DCGN-7521/26-27,"M/S SUN SHINE TRADERS, .",Noida,Panipat,fujiyama power system (panel),,132103,1,18-07-2026,18-07-2026,Panipat_Diwana_P (Haryana),20-07-2026 14:17,Delivered,Delivered,Delivered to Consignee,21-07-2026,18-07-2026 10:35,Pre-paid,5.43766E+13,Clean POD | As per POD audit,,,,54:44.1,59556,47.5,36:05.2,36:05.2,1,,B,Forward Shipment,FMINC_ff81d1ee-8180-11f1-8622-930937f88e07,Haryana
312202963,B112004420_121148,6,pbsenterprises10 rp b2brc,42:47.2,25-07-2026 17:49,28-07-2026,`DC/UEPL/LKO/1717,"KABRA EXTRUSIONTECHNIK LTD, KABRA EXTRUSIONTECHNIK LTD",Lucknow,Gurgaon,upgrid wh0105 lucknow,,122004,1,30-07-2026,30-07-2026,Gurgaon_Sihi_L (Haryana),31-07-2026 12:49,Delivered,Delivered,Delivered to Consignee,28-07-2026,30-07-2026 18:20,Pre-paid,5.43766E+13,Clean POD | As per POD audit,,,,48:50.1,100005,20.44,20:16.3,20:16.3,1,,D1,Forward Shipment,307732242,Haryana
311443076,B111001390274729-5558052,2,pbsenterprises10 rp b2brc,14:26.9,11-07-2026 17:24,17-07-2026,`953,"KABRA EXTRUSION TECHNIK LTDBATTRIXX , KABRA EXTRUSION TECHNIK LTDBATTRIXX",Palladam,Pune,nanda e bikes,,410501,1,21-07-2026,21-07-2026,Pune_Bhamboli_L (Maharashtra),22-07-2026 18:17,Delivered,Delivered,Delivered to Consignee,17-07-2026,21-07-2026 17:44,Pre-paid,5.43766E+13,Clean POD | As per POD audit,,,,31:38.0,49000,20.7,44:05.8,44:05.8,1,,D1,Forward Shipment,304300416,Maharashtra
312638972,DCGN-9484/26-27,2,pbsenterprises10 rp b2brc,14:48.2,01-08-2026 18:06,06-08-2026,`DCGN-9484/26-27,", M/S ADARSH AUTO AGENCY",Noida,Gonda,fujiyama power system (panel),,271002,1,06-08-2026,06-08-2026,Gonda_AmanColony_D (Uttar Pradesh),07-08-2026 15:28,Delivered,Delivered,Delivered to Consignee,06-08-2026,06-08-2026 16:37,Pre-paid,5.43766E+13,Clean POD | As per POD audit,,,,37:23.5,37561,49.15,38:05.1,38:05.1,1,,D1,Forward Shipment,309711732,Uttar Pradesh
312895270,DCGN-9872/26-27,2,pbsenterprises10 rp b2brc,27:10.4,,,`DCGN-9872/26-27,"MS ENTERPRISE, .",Noida,Dakshin Barasat,fujiyama power system (panel),,743354,0,,,Noida_Bairangpur_GW (Uttar Pradesh),06-08-2026 18:56,Manifested,Undelivered,Consignment Manifested,,,Pre-paid,5.43766E+13,,,,,,53589,20,,,,,D2,Forward Shipment,,West Bengal
311946775,B121002550_120033,2,pbsenterprises10 rp b2brc,44:58.7,21-07-2026 15:19,28-07-2026,`14,"KABRA EXTRUSION TECHNIK LTDBATTRIXX , KABRA EXTRUSION TECHNIK LTDBATTRIXX",Lucknow,Pune,m/s jaiswal battery service (kab),,410501,1,31-07-2026,31-07-2026,Pune_Bhamboli_L (Maharashtra),01-08-2026 21:39,Delivered,Delivered,Delivered to Consignee,28-07-2026,31-07-2026 16:35,Pre-paid,5.43766E+13,Clean POD | As per POD audit,,,,37:31.0,36500,49.46,35:09.1,35:09.1,1,,D2,Forward Shipment,306669609,Maharashtra
313015373,B111001390196676-5563055,2,pbsenterprises10 rp b2brc,11:54.2,08-08-2026 17:20,13-08-2026,`910,"KAMAL LAXMI INDUSTRIES-AMPERE, KAMAL LAXMI INDUSTRIES-AMPERE",Kolkata,Raipur,new db enterprise,,492015,1,11-08-2026,11-08-2026,Raipur_Devpuri_L (Chhattisgarh),11-08-2026 12:57,Delivered,Delivered,Delivered to Consignee,13-08-2026,11-08-2026 12:57,Pre-paid,5.43766E+13,Geofence NA,,,,40:59.9,49000,17.09,57:59.4,57:59.4,1,,D1,Forward Shipment,311619203,Chhattisgarh
310902637,B111001390261642-5556810,2,pbsenterprises10 rp b2brc,01:17.5,01-07-2026 16:55,07-07-2026,`891,"KABRA EXTRUSION TECHNIK LTDBATTRIXX , KABRA EXTRUSION TECHNIK LTDBATTRIXX",Tirupur,Pune,sri bikes,,410501,1,06-07-2026,06-07-2026,Pune_Bhamboli_L (Maharashtra),07-07-2026 12:07,Delivered,Delivered,Delivered to Consignee,07-07-2026,06-07-2026 17:04,Pre-paid,5.43766E+13,Clean POD | As per POD audit,,,,16:13.5,49000,20.64,04:24.3,04:24.3,1,,D1,Forward Shipment,301796057,Maharashtra
311129779,DCGN-6821/26-27,2,pbsenterprises10 rp b2brc,38:39.6,04-07-2026 20:19,10-07-2026,`DCGN-6821/26-27,"M/S SHRI G.S TRADERS, DHURI, M/S SHRI G.S TRADERS, DHURI",Noida,Dhuri,fujiyama power system (panel),,148024,2,09-07-2026,10-07-2026,Dhuri_MaheshNagar_D (Punjab),13-07-2026 15:32,Delivered,Delivered,Delivered to Consignee,08-07-2026,10-07-2026 20:51,Pre-paid,5.43766E+13,Clean POD | As per POD audit,,,,29:39.3,37628,50,46:35.2,51:03.7,2,,B,Forward Shipment,302580087,Punjab
312126074,DCGN-8455/26-27,2,pbsenterprises10 rp b2brc,49:17.4,24-07-2026 20:19,28-07-2026,`DCGN-8455/26-27,"M/S A.S. ENTERPRISES, .",Noida,Meerut,fujiyama power system (panel),,250001,2,28-07-2026,31-07-2026,Meerut_Temp2_L (Uttar Pradesh),31-07-2026 15:55,Delivered,Delivered,Delivered to Consignee,28-07-2026,31-07-2026 15:55,Pre-paid,5.43766E+13,Contactless Delivery -  Geofence verified,,,,14:43.6,111302,115,55:19.1,55:19.1,1,,B,Forward Shipment,307671643,Uttar Pradesh
312733893,B111001390265257-5562478,2,pbsenterprises10 rp b2brc,16:55.4,04-08-2026 18:27,07-08-2026,`882,"KABRA EXTRUSION TECHNIK LTDBATTRIXX , KABRA EXTRUSION TECHNIK LTDBATTRIXX",Pune,Pune,shree sai auto (new),,410501,1,07-08-2026,07-08-2026,Pune_Bhamboli_L (Maharashtra),08-08-2026 17:13,Delivered,Delivered,Delivered to Consignee,07-08-2026,07-08-2026 18:30,Pre-paid,5.43766E+13,Clean POD | As per POD audit,,,,30:06.3,49000,20.98,30:21.7,30:21.7,1,,A,Forward Shipment,310205483,Maharashtra
311195545,B112004420_126042,7,pbsenterprises10 rp b2brc,15:02.8,07-07-2026 15:14,14-07-2026,`DC/UEPL/LKO/1670,"KABRA EXTRUSION TECHNIK LTDBATTRIXX , KABRA EXTRUSION TECHNIK LTDBATTRIXX",Lucknow,Pune,upgrid wh0105 lucknow,,410501,1,13-07-2026,13-07-2026,Pune_Bhamboli_L (Maharashtra),14-07-2026 16:23,Delivered,Delivered,Delivered to Consignee,14-07-2026,13-07-2026 16:33,Pre-paid,5.43766E+13,Clean POD | As per POD audit,,,,38:14.4,120006,20.22,34:00.6,34:00.6,1,,D2,Forward Shipment,303196190,Maharashtra
312787956,B112004420_129925,8,pbsenterprises10 rp b2brc,30:45.5,04-08-2026 16:24,07-08-2026,`DC/UEPL/LKO/1744,"KABRA EXTRUSION TECHNIK-GURUGRAM , KABRA EXTRUSION TECHNIK-GURUGRAM",Lucknow,Gurgaon,upgrid wh0105 lucknow,,122004,1,10-08-2026,10-08-2026,Gurgaon_Sihi_L (Haryana),11-08-2026 15:25,Delivered,Delivered,Delivered to Consignee,07-08-2026,10-08-2026 20:15,Pre-paid,5.43766E+13,Clean POD | As per POD audit,,,,47:49.5,140007,21.08,15:36.6,15:36.6,1,,D1,Forward Shipment,310494100,Haryana
310858402,B111001390231163-5555480,2,pbsenterprises10 rp b2brc,42:10.2,02-07-2026 16:22,07-07-2026,`519,"KABRA EXTRUSION TECHNIK LTDBATTRIXX , KABRA EXTRUSION TECHNIK LTDBATTRIXX",Sira,Pune,nk tejo ratham,,410501,1,09-07-2026,09-07-2026,Pune_Bhamboli_L (Maharashtra),10-07-2026 19:44,Delivered,Delivered,Delivered to Consignee,07-07-2026,09-07-2026 16:59,Pre-paid,5.43766E+13,Clean POD | As per POD audit,,,,48:11.7,49000,20.35,59:09.4,59:09.4,1,,D1,Forward Shipment,302228907,Maharashtra
310944715,SAFELI,2,pbsenterprises10 rp b2brc,31:33.2,01-07-2026 18:24,06-07-2026,`45,"KAKKAR SMART ENERGY VENTURES LLP, KAKKAR SMART ENERGY VENTURES LLP",Basti,Sonipat,safeli mahi motors b2b,,131028,1,06-07-2026,06-07-2026,Sonipat_Sector42_P (Haryana),07-07-2026 16:57,Delivered,Delivered,Delivered to Consignee,06-07-2026,06-07-2026 18:10,Pre-paid,5.43766E+13,Clean POD | As per POD audit,,,,43:14.5,16000,50,10:42.6,10:42.6,1,,D1,Forward Shipment,301990763,Haryana
311430597,RACHNA JI,2,pbsenterprises10 rp b2brc,13:16.9,16-07-2026 17:24,24-07-2026,`SM/NR/26/0484049,"RISHIKESH PAL, FUJIYAMA POWER SYSTEMS LIMITED-NOIDA 51,52",Shoranur,Noida,rachna ji mahesh a utl 1079c,,201308,1,23-07-2026,23-07-2026,Noida_Surajpur_L (Uttar Pradesh),24-07-2026 15:37,Delivered,Delivered,Delivered to Consignee,24-07-2026,23-07-2026 21:16,Pre-paid,5.43766E+13,Clean POD | As per POD audit,,,,08:03.4,35836,32.72,16:22.6,16:22.6,1,,D2,Forward Shipment,305392620,Uttar Pradesh
312026782,E2W480A29250153-5560502,2,pbsenterprises10 rp b2brc,09:36.4,22-07-2026 11:18,27-07-2026,`897,"CYGNI ENERGY PRIVATE LIMITED, CYGNI ENERGY PRIVATE LIMITED",Gadag,Hyderabad,om motors-gadag,,501359,1,27-07-2026,27-07-2026,Hyderabad_Shamshbd_H (Telangana),27-07-2026 10:15,Delivered,Delivered,Delivered to Consignee,27-07-2026,27-07-2026 10:15,Pre-paid,5.43766E+13,Contactless Delivery -  Geofence verified,,,,53:44.5,49000,15.74,15:46.0,15:46.0,1,,B,Forward Shipment,306986041,Telangana
312420328,B111001390273426-5560950,5,pbsenterprises10 rp b2brc,36:39.5,29-07-2026 17:59,04-08-2026,`885,"KABRA EXTRUSION TECHNIK LTDBATTRIXX , KABRA EXTRUSION TECHNIK LTDBATTRIXX",Sathyamangalam,Pune,future motors,,410501,1,07-08-2026,07-08-2026,Pune_Bhamboli_L (Maharashtra),08-08-2026 20:32,Delivered,Delivered,Delivered to Consignee,04-08-2026,07-08-2026 19:05,Pre-paid,5.43766E+13,Clean POD | As per POD audit,,,,36:32.1,49000,20.18,05:41.1,05:41.1,1,,D1,Forward Shipment,308708327,Maharashtra
311438526,B111001390241275-5557901,3,pbsenterprises10 rp b2brc,27:50.4,15-07-2026 22:19,20-07-2026,`953,"KABRA EXTRUSION TECHNIK LTDBATTRIXX , KABRA EXTRUSION TECHNIK LTDBATTRIXX",Durg,Pune,ashutosh electricals,,410501,1,22-07-2026,22-07-2026,Pune_Bhamboli_L (Maharashtra),24-07-2026 19:03,Delivered,Delivered,Delivered to Consignee,20-07-2026,23-07-2026 18:59,Pre-paid,5.43766E+13,Clean POD | As per POD audit,,,,17:57.7,49000,20.32,59:25.5,59:25.5,1,,D1,Forward Shipment,FMINC_16329e88-806d-11f1-a39c-2125da1445cb,Maharashtra
311265810,A48281G123k01195-5558075,2,pbsenterprises10 rp b2brc,00:00.3,08-07-2026 16:18,13-07-2026,`893,"KAMAL LAXMI INDUSTRIES-AMPERE, KAMAL LAXMI INDUSTRIES-AMPERE",Jhansi,Raipur,ashish enterprises,,492015,3,15-07-2026,17-07-2026,Raipur_Devpuri_L (Chhattisgarh),18-07-2026 10:12,Delivered,Delivered,Delivered to Consignee,13-07-2026,17-07-2026 15:24,Pre-paid,5.43766E+13,Clean POD | As per POD audit,,,,37:21.6,49000,10.38,24:53.8,24:53.8,1,,D1,Forward Shipment,303492694,Chhattisgarh
285854915,285854915,2,pbsenterprises10 rp b2brc,16:49.6,14-07-2026 16:17,17-07-2026,`01,MS KAKKAR SMAT ENERGY VENTURES LLP,Jaipur,Sonipat,safeli chandel automotive,,131028,1,21-07-2026,21-07-2026,Sonipat_Sector42_P (Haryana),23-07-2026 15:48,Delivered,Delivered,Delivered to Consignee,17-07-2026,21-07-2026 12:58,Pre-paid,5.43766E+13,Clean POD | As per POD audit,,,,52:05.0,36000,48.7,58:25.1,58:25.1,1,,B,Forward Shipment,305155164,Haryana
310947673,FUJIYAMA-6530,2,pbsenterprises10 rp b2brc,24:05.0,02-07-2026 19:01,06-07-2026,`DCGN-6530/26-27,"GUDDU BATTERY, .",Noida,Najibabad,fujiyama power system (panel),,246763,1,06-07-2026,06-07-2026,Najibabad_Pathanpura_D (Uttar Pradesh),06-07-2026 19:36,Delivered,Delivered,Delivered to Consignee,06-07-2026,06-07-2026 19:36,Pre-paid,5.43766E+13,Contactless Delivery -  Geofence not verified - OUT-SLOT - Manual Check-In at 12:38,,,,02:59.5,43763,50.2,36:50.0,36:50.0,1,,B,Forward Shipment,302090999,Uttar Pradesh
311115754,Bounce,2,pbsenterprises10 rp b2brc,13:21.3,04-07-2026 17:23,07-07-2026,`RMS075,"Exicom Energy Systems Private Limited , .",Kota,Gurgaon,bounce riti motors,,122015,1,09-07-2026,09-07-2026,Gurgaon_Sector17_L (Haryana),10-07-2026 16:48,Delivered,Delivered,Delivered to Consignee,07-07-2026,09-07-2026 14:40,Pre-paid,5.43766E+13,Clean POD | As per POD audit,,,,59:09.7,49000,27.3,41:01.4,41:01.4,1,,D1,Forward Shipment,302762210,Haryana
312575709,GEO300001HIP251000542,2,pbsenterprises10 rp b2brc,42:08.0,31-07-2026 20:01,05-08-2026,`13,"KABRA EXTRUSION TECHNIK-GURUGRAM , KABRA EXTRUSION TECHNIK-GURUGRAM",Amritsar,Gurgaon,yaksh enterprises (kab),,122004,1,04-08-2026,04-08-2026,Gurgaon_Sihi_L (Haryana),05-08-2026 16:07,Delivered,Delivered,Delivered to Consignee,05-08-2026,04-08-2026 16:16,Pre-paid,5.43766E+13,Clean POD | As per POD audit,,,,26:47.8,30000,24.21,16:35.9,16:35.9,1,,B,Forward Shipment,309304102,Haryana
311198091,DCGN-6907/26-27,2,pbsenterprises10 rp b2brc,38:34.5,06-07-2026 19:02,16-07-2026,`DCGN-6907/26-27,"AJAY TRADERS, AJAY TRADERS",Noida,Jind,fujiyama power system (panel),,126102,1,13-07-2026,13-07-2026,Jind_HakikatNagar_D (Haryana),14-07-2026 10:36,Delivered,Delivered,Delivered to Consignee,10-07-2026,13-07-2026 12:52,Pre-paid,5.43766E+13,Clean POD | As per POD audit,,,,33:10.9,121360,117,52:55.1,52:55.1,1,,B,Forward Shipment,303127210,Haryana
310994013,haryana,2,pbsenterprises10 rp b2brc,59:08.5,02-07-2026 13:59,06-07-2026,`VG/SL/26-27/5337,KAKKAR SMART ENERGY VENTURES LLP,Bhopal,Sonipat,safeli vg construction and trading company,,131028,2,06-07-2026,09-07-2026,Sonipat_Sector42_P (Haryana),10-07-2026 21:34,Delivered,Delivered,Delivered to Consignee,06-07-2026,09-07-2026 13:55,Pre-paid,5.43766E+13,Clean POD | As per POD audit,,,,46:36.0,10000,50.69,46:50.6,55:57.1,2,,D1,Forward Shipment,302248233,Haryana
312069257,B112004420_121944,3,pbsenterprises10 rp b2brc,29:30.8,22-07-2026 14:36,27-07-2026,`DC/UEPL/GRK/385,"KABRA EXTRUSIONTECHNIK LTD, KABRA EXTRUSIONTECHNIK LTD",Gorakhpur,Gurgaon,upgrid wh0049 gorakhpur,,122004,1,25-07-2026,25-07-2026,Gurgaon_Sihi_L (Haryana),26-07-2026 08:55,Delivered,Delivered,Delivered to Consignee,27-07-2026,25-07-2026 18:07,Pre-paid,5.43766E+13,Clean POD | As per POD audit,,,,03:01.8,40000,21.08,07:23.8,07:23.8,1,,D1,Forward Shipment,306926500,Haryana
312336974,DCGN-8913/26-27,2,pbsenterprises10 rp b2brc,19:10.0,27-07-2026 19:36,10-08-2026,`DCGN-8913/26-27,"Anil Kumar Sahoo (service Eng) .... 5598H, .",Noida,Angul,fujiyama power system (panel),,759104,1,11-08-2026,11-08-2026,Angul_Durgavihar_I (Orissa),12-08-2026 00:05,Delivered,Delivered,Delivered to Consignee,04-08-2026,11-08-2026 18:58,Pre-paid,5.43766E+13,LM POD document uploaded,,,,59:45.1,328055,121,58:26.7,58:26.7,1,,D2,Forward Shipment,308328531,Orissa
311645385,B111001390263904-5551847,2,pbsenterprises10 rp b2brc,37:25.0,15-07-2026 15:21,20-07-2026,`741,"KABRA EXTRUSION TECHNIK LTDBATTRIXX , KABRA EXTRUSION TECHNIK LTDBATTRIXX",Kolkata,Pune,jubilant kolkata-700016,,410501,1,21-07-2026,21-07-2026,Pune_Bhamboli_L (Maharashtra),22-07-2026 16:51,Delivered,Delivered,Delivered to Consignee,20-07-2026,21-07-2026 17:55,Pre-paid,5.43766E+13,Clean POD | As per POD audit,,,,53:09.8,49000,13.54,55:25.8,55:25.8,1,,C2,Forward Shipment,305255612,Maharashtra
312792566,B111001390268668-5562638,2,pbsenterprises10 rp b2brc,15:58.2,05-08-2026 16:46,10-08-2026,`965,"KABRA EXTRUSION TECHNIK LTDBATTRIXX , KABRA EXTRUSION TECHNIK LTDBATTRIXX",Raipur,Pune,mahamaya motors,,410501,1,10-08-2026,10-08-2026,Pune_Bhamboli_L (Maharashtra),11-08-2026 15:31,Delivered,Delivered,Delivered to Consignee,10-08-2026,10-08-2026 18:56,Pre-paid,5.43766E+13,Clean POD | As per POD audit,,,,10:16.2,49000,20.44,56:27.5,56:27.5,1,,D1,Forward Shipment,310505934,Maharashtra
312067484,AX29082500362,2,pbsenterprises10 rp b2brc,03:38.3,22-07-2026 18:39,27-07-2026,`11,"KABRA EXTRUSIONTECHNIK LTD, KABRA EXTRUSIONTECHNIK LTD",Puranpur,Gurgaon,ruhi motors,,122004,1,27-07-2026,27-07-2026,Gurgaon_Hasanpur2_D (Haryana),28-07-2026 10:52,Delivered,Delivered,Delivered to Consignee,27-07-2026,27-07-2026 17:17,Pre-paid,5.43766E+13,Clean POD | As per POD audit,,,,09:23.0,9000,2.96,17:43.2,17:43.2,1,,B,Forward Shipment,307189841,Haryana
312426462,B121005360_120059,3,pbsenterprises10 rp b2brc,34:15.0,30-07-2026 20:13,05-08-2026,`DC/July/002,"KABRA EXTRUSIONTECHNIK LTD, KABRA EXTRUSIONTECHNIK LTD",Raiganj,Gurgaon,sr.refrigerations  ((kab),,122004,1,10-08-2026,10-08-2026,Gurgaon_Sihi_L (Haryana),11-08-2026 17:53,Delivered,Delivered,Delivered to Consignee,05-08-2026,10-08-2026 20:54,Pre-paid,5.43766E+13,LM POD document uploaded,,,,21:15.4,48000,50,54:46.5,54:46.5,1,,D1,Forward Shipment,309179857,Haryana
311892525,DCGN-7927/26-27,2,pbsenterprises10 rp b2brc,53:22.9,20-07-2026 18:57,24-07-2026,`DCGN-7927/26-27,"KUSHAL PAL, .",Noida,Yamuna Nagar,fujiyama power system (panel),,135001,1,23-07-2026,23-07-2026,Yamunanagar_Veerngrcly_D (Haryana),25-07-2026 12:41,Delivered,Delivered,Delivered to Consignee,24-07-2026,23-07-2026 19:41,Pre-paid,5.43766E+13,Clean POD | As per POD audit,,,,21:32.3,105282,117,41:40.0,41:40.0,1,,B,Forward Shipment,306596899,Haryana
312732678,B1_51105_B_126379,4,pbsenterprises10 rp b2brc,59:29.9,03-08-2026 18:33,08-08-2026,`DC/UEPL/STP/471,"KABRA EXTRUSION TECHNIK-GURUGRAM , KABRA EXTRUSION TECHNIK-GURUGRAM",Sitapur,Gurgaon,upgrid sitapur wh0021,,122004,1,10-08-2026,10-08-2026,Gurgaon_Sihi_L (Haryana),11-08-2026 17:53,Delivered,Delivered,Delivered to Consignee,08-08-2026,10-08-2026 20:44,Pre-paid,5.43766E+13,LM POD document uploaded,,,,41:12.1,81243,51.02,44:15.0,44:15.0,1,,B,Forward Shipment,310200649,Haryana
311417307,Bounce,2,pbsenterprises10 rp b2brc,47:14.8,10-07-2026 20:18,14-07-2026,`D/26-27/130,"E WHEELS, E WHEELS",Bangalore,Moodabidri,bounce exicom energy systems private limited bangalore,,574227,1,13-07-2026,13-07-2026,Moodabidri_Alangar_D (Karnataka),13-07-2026 10:43,Delivered,Delivered,Delivered to Consignee,14-07-2026,13-07-2026 10:43,Pre-paid,5.43766E+13,Contactless Delivery -  Geofence verified,,,,09:35.7,44999,13.08,44:05.4,44:05.4,1,,B,Forward Shipment,304236170,Karnataka
312060614,DCGN-8350/26-27,2,pbsenterprises10 rp b2brc,46:18.0,22-07-2026 20:09,27-07-2026,`DCGN-8350/26-27,"LOKESH KUMAR ( SERV ENG -5549 ), .",Noida,Khair,fujiyama power system (panel),,202138,1,25-07-2026,25-07-2026,Khair_DhundhiNagla_D (Uttar Pradesh),25-07-2026 11:15,Delivered,Delivered,Delivered to Consignee,27-07-2026,25-07-2026 11:15,Pre-paid,5.43766E+13,Contactless Delivery -  Geofence not verified,,,,49:11.5,123156,47.1,15:10.6,15:10.6,1,,B,Forward Shipment,307136441,Uttar Pradesh
311441357,B111001390219859-5557822,2,pbsenterprises10 rp b2brc,58:54.7,11-07-2026 17:06,16-07-2026,`875,"KABRA EXTRUSION TECHNIK LTDBATTRIXX , KABRA EXTRUSION TECHNIK LTDBATTRIXX",Raigarh,Pune,shree bala ji electrical vehicle,,410501,1,16-07-2026,16-07-2026,Pune_Bhamboli_L (Maharashtra),17-07-2026 18:56,Delivered,Delivered,Delivered to Consignee,16-07-2026,16-07-2026 18:16,Pre-paid,5.43766E+13,Clean POD | As per POD audit,,,,22:29.4,49000,18,16:24.8,16:24.8,1,,D1,Forward Shipment,304296982,Maharashtra
311967995,Drive volts,2,pbsenterprises10 rp b2brc,00:58.0,21-07-2026 12:23,25-07-2026,`125,"0, Drive Volts Private Limited",Bharatpur,Dehradun,devansh enterprises,,248011,1,25-07-2026,25-07-2026,Dehradun_Temp_L (Uttarakhand),25-07-2026 14:39,Delivered,Delivered,Delivered to Consignee,25-07-2026,25-07-2026 14:39,Pre-paid,5.43766E+13,Contactless Delivery -  Geofence verified,,,,22:22.0,15000,10.54,39:26.5,39:26.5,1,,B,Forward Shipment,306723641,Uttarakhand
311433211,B111001390198226-5557568,2,pbsenterprises10 rp b2brc,38:20.1,14-07-2026 22:03,20-07-2026,`891,"KABRA EXTRUSION TECHNIK LTDBATTRIXX , KABRA EXTRUSION TECHNIK LTDBATTRIXX",Dharapuram,Pune,jai shri ram motors,,410501,1,21-07-2026,21-07-2026,Pune_Bhamboli_L (Maharashtra),22-07-2026 18:17,Delivered,Delivered,Delivered to Consignee,20-07-2026,21-07-2026 17:55,Pre-paid,5.43766E+13,Clean POD | As per POD audit,,,,53:41.5,49000,19.1,55:05.5,55:05.5,1,,D1,Forward Shipment,305127157,Maharashtra
312254901,B111001390215425-5558577,2,pbsenterprises10 rp b2brc,01:04.8,25-07-2026 19:58,01-08-2026,`629,"KABRA EXTRUSION TECHNIK LTDBATTRIXX , KABRA EXTRUSION TECHNIK LTDBATTRIXX",Datia,Pune,tomar motors,,410501,1,06-08-2026,06-08-2026,Pune_Bhamboli_L (Maharashtra),08-08-2026 22:20,Delivered,Delivered,Delivered to Consignee,01-08-2026,07-08-2026 19:39,Pre-paid,5.43766E+13,Clean POD | As per POD audit,,,,00:16.0,49000,20.83,39:27.1,39:27.1,1,,D1,Forward Shipment,307975219,Maharashtra
311955318,A48281E24F13199-5559427,2,pbsenterprises10 rp b2brc,35:32.2,21-07-2026 20:22,24-07-2026,`866,"OXYGEN ENERGY ENTERPRISES-AMPERE, OXYGEN ENERGY ENTERPRISES-AMPERE",Tiruppattur,Salem,anjan e bikes,,636006,1,23-07-2026,23-07-2026,Salem_Ramalingapuram_H (Tamil Nadu),24-07-2026 14:16,Delivered,Delivered,Delivered to Consignee,24-07-2026,23-07-2026 14:17,Pre-paid,5.43766E+13,Clean POD | As per POD audit,,,,01:11.7,49000,10.28,17:35.3,17:35.3,1,,B,Forward Shipment,306682655,Tamil Nadu
312926300,B111002350121363-5562740,2,pbsenterprises10 rp b2brc,34:42.5,07-08-2026 14:47,12-08-2026,`659,"KABRA EXTRUSION TECHNIK LTDBATTRIXX , KABRA EXTRUSION TECHNIK LTDBATTRIXX",Pilani,Pune,shiv motors,,410501,0,,,Pune_Sudhwadi_GW (Maharashtra),12-08-2026 06:57,In Transit,Undelivered,Consignment Dispatched from Origin City,12-08-2026,,Pre-paid,5.43766E+13,,,,,,49000,18.21,,,,,D1,Forward Shipment,311135284,Maharashtra
312128726,B112004450_128144,4,pbsenterprises10 rp b2brc,18:59.7,23-07-2026 13:49,27-07-2026,`DC/UPE/BLR289,"KABRA EXTRUSION TECHNIK LTDBATTRIXX , KABRA EXTRUSION TECHNIK LTDBATTRIXX",Bangalore,Pune,battery smart bangalore-wh0025,,410501,1,31-07-2026,31-07-2026,Pune_Bhamboli_L (Maharashtra),01-08-2026 21:39,Delivered,Delivered,Delivered to Consignee,27-07-2026,31-07-2026 16:34,Pre-paid,5.43766E+13,Clean POD | As per POD audit,,,,52:02.0,60003,21.24,35:02.3,35:02.3,1,,C1,Forward Shipment,307443955,Maharashtra
312436308,B111001390253943-5562276,3,pbsenterprises10 rp b2brc,17:10.8,29-07-2026 16:29,04-08-2026,`682,"KABRA EXTRUSION TECHNIK LTDBATTRIXX , KABRA EXTRUSION TECHNIK LTDBATTRIXX",Kota,Pune,sr wheels-kota,,410501,1,07-08-2026,07-08-2026,Pune_Bhamboli_L (Maharashtra),08-08-2026 21:34,Delivered,Delivered,Delivered to Consignee,04-08-2026,07-08-2026 19:01,Pre-paid,5.43766E+13,Clean POD | As per POD audit,,,,21:58.8,49000,20.2,01:19.8,01:19.8,1,,D1,Forward Shipment,308751100,Maharashtra
310941587,B112004420_123616,2,pbsenterprises10 rp b2brc,43:58.6,01-07-2026 15:09,06-07-2026,`DC/UPE/BLR273,"KABRA EXTRUSION TECHNIK LTDBATTRIXX , KABRA EXTRUSION TECHNIK LTDBATTRIXX",Bangalore,Pune,battery smart bangalore-wh0025,,410501,1,06-07-2026,06-07-2026,Pune_Bhamboli_L (Maharashtra),07-07-2026 14:00,Delivered,Delivered,Delivered to Consignee,06-07-2026,06-07-2026 17:05,Pre-paid,5.43766E+13,Clean POD | As per POD audit,,,,29:10.5,20000,20.54,05:32.6,05:32.6,1,,C1,Forward Shipment,301984594,Maharashtra
311112110,A60391H124A13497-5557583,2,pbsenterprises10 rp b2brc,24:22.9,04-07-2026 16:42,09-07-2026,`679,"OXYGEN ENERGY ENTERPRISES-AMPERE, OXYGEN ENERGY ENTERPRISES-AMPERE",Kota,Salem,sr wheels-kota,,636006,1,10-07-2026,10-07-2026,Salem_Ramalingapuram_H (Tamil Nadu),11-07-2026 13:59,Delivered,Delivered,Delivered to Consignee,09-07-2026,10-07-2026 15:42,Pre-paid,5.43766E+13,Clean POD | As per POD audit,,,,07:12.4,49000,18.24,42:58.4,42:58.4,1,,D2,Forward Shipment,302551154,Tamil Nadu
311610026,DCGN-7558/26-27,2,pbsenterprises10 rp b2brc,04:23.8,17-07-2026 07:14,21-07-2026,`DCGN-7558/26-27,"M/S VEDANTA ENTERPRISES, .",Noida,Budaun,fujiyama power system (panel),,243601,1,22-07-2026,22-07-2026,Budaun_KrishnaPuriRd_D (Uttar Pradesh),23-07-2026 13:03,Delivered,Delivered,Delivered to Consignee,20-07-2026,22-07-2026 11:39,Pre-paid,5.43766E+13,Clean POD | As per POD audit,,,,15:49.5,328055,116,39:06.4,39:06.4,1,,B,Forward Shipment,FMINC_ff81d1ee-8180-11f1-8622-930937f88e07,Uttar Pradesh
311643667,RACHNA JI,2,pbsenterprises10 rp b2brc,06:25.5,18-07-2026 17:22,22-07-2026,`SM/NR/26/0483774,"RISHIKESH PAL, FUJIYAMA POWER SYSTEMS LIMITED-NOIDA 51,52",Surat,Noida,rachna ji anand shankar khushwaha 1680,,201308,1,22-07-2026,22-07-2026,Noida_Surajpur_L (Uttar Pradesh),24-07-2026 15:01,Delivered,Delivered,Delivered to Consignee,22-07-2026,23-07-2026 12:26,Pre-paid,5.43766E+13,Clean POD | As per POD audit,,,,56:17.5,48547,17.52,26:34.0,26:34.0,1,,D1,Forward Shipment,306196171,Uttar Pradesh
312290512,DCGN-8774/26-27,8,pbsenterprises10 rp b2brc,25:22.5,27-07-2026 20:00,31-07-2026,`DCGN-8774/26-27,"TIWARI GREEN SOLAR ENERGY , .",Noida,Jalaun,fujiyama power system (panel),,285130,1,31-07-2026,31-07-2026,Jalaun_Sengarcol_D (Uttar Pradesh),31-07-2026 18:40,Delivered,Delivered,Delivered to Consignee,30-07-2026,31-07-2026 18:40,Pre-paid,5.43766E+13,Contactless Delivery -  Geofence NA,,,,40:03.9,280857,51.1,41:03.9,41:03.9,1,,B,Forward Shipment,308328531,Uttar Pradesh
311051551,REDON,2,pbsenterprises10 rp b2brc,53:35.7,07-07-2026 17:33,13-07-2026,`00006,"REDON LITHIUM BATTERIES LLP, .",Jamalpur,Noida,hanshit automobiles,,201308,1,13-07-2026,13-07-2026,Noida_Surajpur_L (Uttar Pradesh),14-07-2026 15:18,Delivered,Delivered,Delivered to Consignee,13-07-2026,13-07-2026 19:00,Pre-paid,5.43766E+13,Clean POD | As per POD audit,,,,36:44.2,20709,13.55,00:37.8,00:37.8,1,,D2,Forward Shipment,303412906,Uttar Pradesh
312789726,B111001390189256-5558670,2,pbsenterprises10 rp b2brc,45:48.8,04-08-2026 13:55,10-08-2026,`604,"KAMAL LAXMI INDUSTRIES-AMPERE, KAMAL LAXMI INDUSTRIES-AMPERE",Lucknow,Raipur,sambhav auto,,492015,1,10-08-2026,10-08-2026,Raipur_Devpuri_L (Chhattisgarh),11-08-2026 09:00,Delivered,Delivered,Delivered to Consignee,10-08-2026,10-08-2026 20:34,Pre-paid,5.43766E+13,LM POD document uploaded,,,,23:07.2,49000,18.52,34:15.1,34:15.1,1,,D1,Forward Shipment,310498305,Chhattisgarh
310827947,E2W4830A29250524-5556236,2,pbsenterprises10 rp b2brc,03:01.6,30-06-2026 16:09,02-07-2026,`854,"CYGNI ENERGY PRIVATE LIMITED, CYGNI ENERGY PRIVATE LIMITED",Hyderabad,Hyderabad,ankur motors,,501359,1,03-07-2026,03-07-2026,Hyderabad_Shamshbd_H (Telangana),03-07-2026 16:04,Delivered,Delivered,Delivered to Consignee,02-07-2026,03-07-2026 16:04,Pre-paid,5.43766E+13,Contactless Delivery -  Geofence verified,,,,55:46.3,49000,10,04:12.5,04:12.5,1,,B,Forward Shipment,301497014,Telangana
311068974,drive volts,2,pbsenterprises10 rp b2brc,21:21.8,09-07-2026 13:27,14-07-2026,`125,"0, Drive Volts Private Limited",Sumerpur,Dehradun,jk batteries,,248011,1,13-07-2026,13-07-2026,Dehradun_Temp_L (Uttarakhand),13-07-2026 15:05,Delivered,Delivered,Delivered to Consignee,14-07-2026,13-07-2026 15:05,Pre-paid,5.43766E+13,Contactless Delivery -  Geofence verified,,,,00:06.7,15000,24.04,05:57.4,05:57.4,1,,D1,Forward Shipment,303939994,Uttarakhand
311589399,DRIVE VOLTS,3,pbsenterprises10 rp b2brc,34:17.4,15-07-2026 19:18,20-07-2026,`125,"0, Drive Volts Private Limited",Bikaner,Dehradun,shyam warivo..,,248011,1,22-07-2026,22-07-2026,Dehradun_Temp_L (Uttarakhand),22-07-2026 14:31,Delivered,Delivered,Delivered to Consignee,20-07-2026,22-07-2026 14:31,Pre-paid,5.43766E+13,Contactless Delivery -  Geofence verified,,,,13:25.1,30001,22.24,31:05.6,31:05.6,1,,D1,Forward Shipment,305011169,Uttarakhand
312900854,DCGN-9872/26-27,2,pbsenterprises10 rp b2brc,23:31.1,07-08-2026 19:48,13-08-2026,`DCGN-9872/26-27,"MS ENTERPRISE, ,",Noida,Dakshin Barasat,fujiyama power system (panel),,743354,0,,,DakshinBarasat_Raidighi_D (West Bengal),12-08-2026 13:00,Pending,Undelivered,Consignment Reached at Destination,13-08-2026,,Pre-paid,5.43766E+13,,,,,00:19.3,53589,43.5,,,,,D2,Forward Shipment,311278018,West Bengal
311571586,B111001390223581-5558728,2,pbsenterprises10 rp b2brc,35:00.6,14-07-2026 16:38,18-07-2026,`937,"KABRA EXTRUSION TECHNIK LTDBATTRIXX , KABRA EXTRUSION TECHNIK LTDBATTRIXX",Bilaspur,Pune,aditya enterprises,,410501,1,21-07-2026,21-07-2026,Pune_Bhamboli_L (Maharashtra),22-07-2026 18:17,Delivered,Delivered,Delivered to Consignee,18-07-2026,21-07-2026 17:53,Pre-paid,5.43766E+13,Clean POD | As per POD audit,,,,13:09.9,49000,20.24,53:32.5,53:32.5,1,,D1,Forward Shipment,304954283,Maharashtra
312537094,B111001390240013-5561305,2,pbsenterprises10 rp b2brc,54:59.1,30-07-2026 18:13,06-08-2026,`803,"KABRA EXTRUSION TECHNIK LTDBATTRIXX , KABRA EXTRUSION TECHNIK LTDBATTRIXX",Palladam,Pune,sree velavan motors,,410501,1,06-08-2026,06-08-2026,Pune_Bhamboli_L (Maharashtra),08-08-2026 17:46,Delivered,Delivered,Delivered to Consignee,06-08-2026,07-08-2026 19:41,Pre-paid,5.43766E+13,Clean POD | As per POD audit,,,,06:00.6,49000,20.22,41:20.4,41:20.4,1,,D1,Forward Shipment,309204857,Maharashtra
312428218,DCGN-9094/26-27,3,pbsenterprises10 rp b2brc,47:28.2,28-07-2026 19:31,01-08-2026,`DCGN-9094/26-27,"LOYAL ENTERPRISES, .",Noida,Lucknow,fujiyama power system (panel),,226003,1,01-08-2026,01-08-2026,Lucknow_Kakori_L (Uttar Pradesh),01-08-2026 21:40,Delivered,Delivered,Delivered to Consignee,01-08-2026,01-08-2026 17:49,Pre-paid,5.43766E+13,Clean POD | As per POD audit,,,,27:37.4,162631,48.18,49:35.4,49:35.4,1,,D1,Forward Shipment,308620847,Uttar Pradesh
311700009,EA516W212300291-5558541,2,pbsenterprises10 rp b2brc,25:45.8,18-07-2026 20:58,24-07-2026,`1,"CYGNI ENERGY PRIVATE LIMITED, CYGNI ENERGY PRIVATE LIMITED",Baloda Bazar,Hyderabad,narayan energies,,501359,1,24-07-2026,24-07-2026,Hyderabad_Shamshbd_H (Telangana),25-07-2026 14:51,Delivered,Delivered,Delivered to Consignee,24-07-2026,24-07-2026 16:02,Pre-paid,5.43766E+13,Clean POD | As per POD audit,,,,41:30.9,47000,39.7,03:01.4,03:01.4,1,,D1,Forward Shipment,306027798,Telangana
312256119,Bounce,2,pbsenterprises10 rp b2brc,14:57.6,27-07-2026 15:42,01-08-2026,`58,"Exicom Energy Systems Private Limited, .",Pune,Gurgaon,bounce infinity ev workshop,,122015,1,31-07-2026,31-07-2026,Gurgaon_Sector17_L (Haryana),01-08-2026 10:35,Delivered,Delivered,Delivered to Consignee,01-08-2026,31-07-2026 15:50,Pre-paid,5.43766E+13,Clean POD | As per POD audit,,,,38:56.0,49500,13.75,50:34.1,50:34.1,1,,C2,Forward Shipment,308348185,Haryana
312418030,A48281B24I25478-5560060,2,pbsenterprises10 rp b2brc,14:55.1,29-07-2026 15:09,01-08-2026,`36,"OXYGEN ENERGY ENTERPRISES-AMPERE, OXYGEN ENERGY ENTERPRISES-AMPERE",Chennai,Salem,gat enterprises,,636006,1,31-07-2026,31-07-2026,Salem_Ramalingapuram_H (Tamil Nadu),01-08-2026 11:32,Delivered,Delivered,Delivered to Consignee,01-08-2026,31-07-2026 18:09,Pre-paid,5.43766E+13,Clean POD | As per POD audit,,,,29:43.5,10000,10.22,09:15.8,09:15.8,1,,B,Forward Shipment,308701872,Tamil Nadu
310899231,B112004420_124463,2,pbsenterprises10 rp b2brc,29:15.7,30-06-2026 16:20,06-07-2026,`DC/UEPL/AY/235,"KABRA EXTRUSION TECHNIK LTDBATTRIXX , KABRA EXTRUSION TECHNIK LTDBATTRIXX",Ayodhya,Pune,"upgrid ajodhya	wh0048",,410501,1,06-07-2026,06-07-2026,Pune_Bhamboli_L (Maharashtra),07-07-2026 12:13,Delivered,Delivered,Delivered to Consignee,06-07-2026,06-07-2026 17:05,Pre-paid,5.43766E+13,Clean POD | As per POD audit,,,,17:36.1,20001,20.15,06:03.6,06:03.6,1,,D2,Forward Shipment,301771615,Maharashtra
312419427,B111001390231555-5561750,3,pbsenterprises10 rp b2brc,27:30.1,29-07-2026 19:02,04-08-2026,`371,"KABRA EXTRUSION TECHNIK LTDBATTRIXX , KABRA EXTRUSION TECHNIK LTDBATTRIXX",Marthandam,Pune,senthil andavar e bike,,410501,1,06-08-2026,06-08-2026,Pune_Bhamboli_L (Maharashtra),08-08-2026 16:56,Delivered,Delivered,Delivered to Consignee,04-08-2026,07-08-2026 19:41,Pre-paid,5.43766E+13,Clean POD | As per POD audit,,,,36:28.6,40000,20.26,41:52.5,41:52.5,1,,D2,Forward Shipment,308705739,Maharashtra
312673894,B111001390274937-5559827,2,pbsenterprises10 rp b2brc,37:36.9,05-08-2026 14:31,10-08-2026,`884,"KABRA EXTRUSION TECHNIK LTDBATTRIXX , KABRA EXTRUSION TECHNIK LTDBATTRIXX",Dharmapuri,Pune,chitra motors,,410501,1,11-08-2026,11-08-2026,Pune_Bhamboli_L (Maharashtra),11-08-2026 16:46,Dispatched,Undelivered,Out for Delivery,10-08-2026,,Pre-paid,5.43766E+13,,,,,13:59.8,49000,20.24,,,,,D1,Forward Shipment,310579752,Maharashtra
311477151,Supreme,9,pbsenterprises10 rp b2brc,15:35.2,11-07-2026 17:06,17-07-2026,`SLE/26-27/00224,"ELECTRIC SERVICE LAB, ELECTRIC SERVICE LAB",Surat,Naihati,supreme lithium energy,,743136,1,16-07-2026,16-07-2026,Naihati_Rajendrapur_DPP (West Bengal),16-07-2026 12:57,Delivered,Delivered,Delivered to Consignee,17-07-2026,16-07-2026 12:57,Pre-paid,5.43766E+13,Contactless Delivery -  Geofence verified,,,,31:48.9,198708,9.52,57:17.9,57:17.9,1,,D2,Forward Shipment,304491931,West Bengal
311199083,DCGN-6883/26-27,2,pbsenterprises10 rp b2brc,50:18.6,06-07-2026 19:01,11-07-2026,`DCGN-6883/26-27,"TRANS DELTA ENTERPRISES, TRANS DELTA ENTERPRISES",Noida,Ayodhya,fujiyama power system (panel),,224001,1,11-07-2026,11-07-2026,Ayodhya_Kotsarai_H (Uttar Pradesh),13-07-2026 10:29,Delivered,Delivered,Delivered to Consignee,11-07-2026,11-07-2026 13:32,Pre-paid,5.43766E+13,Clean POD | As per POD audit,,,,34:09.8,121360,117,32:37.0,32:37.0,1,,D1,Forward Shipment,303127210,Uttar Pradesh
311547835,REDON,2,pbsenterprises10 rp b2brc,11:18.1,14-07-2026 16:08,20-07-2026,`MA/039,"REDON LITHIUM BATTERIES LLP, .",Balagarh,Noida,tara maa battery,,201308,1,21-07-2026,21-07-2026,Noida_Surajpur_L (Uttar Pradesh),22-07-2026 15:14,Delivered,Delivered,Delivered to Consignee,20-07-2026,21-07-2026 14:48,Pre-paid,5.43766E+13,Clean POD | As per POD audit,,,,05:37.3,35000,15.56,48:06.4,48:06.4,1,,D1,Forward Shipment,304974419,Uttar Pradesh
313024214,REDON,4,pbsenterprises10 rp b2brc,56:47.3,,,`809,"REDON LITHIUM BATTERIES LLP, .",Surat,Noida,gravity renewable private limited,,201308,0,,,Surat_Kacholi_GW (Gujarat),08-08-2026 15:56,Manifested,Undelivered,Consignment Manifested,,,Pre-paid,5.43766E+13,,,,,,37000,6.66667,,,,,D1,Forward Shipment,,Uttar Pradesh
307512153,5153,2,pbsenterprises10 rp b2brc,19:34.4,18-07-2026 17:19,21-07-2026,`01,Kakkar smart energy ventures LLP,Etawah,Sonipat,safeli vedanahi enterprise,,131028,1,22-07-2026,22-07-2026,Sonipat_Sector42_P (Haryana),23-07-2026 17:58,Delivered,Delivered,Delivered to Consignee,21-07-2026,22-07-2026 14:52,Pre-paid,5.43766E+13,Clean POD | As per POD audit,,,,54:47.5,10000,50.8,54:14.6,54:14.6,1,,B,Forward Shipment,306220912,Haryana
312730786,DCGN-9606/26-27,6,pbsenterprises10 rp b2brc,31:21.2,03-08-2026 19:02,13-08-2026,`DCGN-9606/26-27,"AKEA MARKETING LLP, .",Noida,Valanchery,fujiyama power system (panel),,676552,1,11-08-2026,11-08-2026,Valanchery_Thiruvegpura_D (Kerala),11-08-2026 17:49,Pending,Undelivered,Not Attempted,11-08-2026,,Pre-paid,5.43766E+13,,,,,43:03.1,52451,65,,,,,D2,Forward Shipment,310160744,Kerala
311022909,B111001390258668-5557434,2,pbsenterprises10 rp b2brc,40:31.0,04-07-2026 16:42,09-07-2026,`678,"KABRA EXTRUSION TECHNIK LTDBATTRIXX , KABRA EXTRUSION TECHNIK LTDBATTRIXX",Kota,Pune,sr wheels-kota,,410501,1,11-07-2026,11-07-2026,Pune_Bhamboli_L (Maharashtra),13-07-2026 10:29,Delivered,Delivered,Delivered to Consignee,09-07-2026,11-07-2026 18:00,Pre-paid,5.43766E+13,Clean POD | As per POD audit,,,,09:16.4,49000,20.38,00:12.3,00:12.3,1,,D1,Forward Shipment,302551154,Maharashtra
311677575,RACHNA JI,3,pbsenterprises10 rp b2brc,23:49.5,16-07-2026 19:35,23-07-2026,`D-980/26-27,"RISHIKESH PAL, FUJIYAMA POWER SYSTEMS LIMITED-NOIDA 51,52",Athani,Noida,rachna ji shivanand satappa mali 1458,,201308,1,25-07-2026,25-07-2026,Noida_Surajpur_L (Uttar Pradesh),30-07-2026 15:56,Delivered,Delivered,Delivered to Consignee,23-07-2026,27-07-2026 18:05,Pre-paid,5.43766E+13,Clean POD | As per POD audit,,,,33:36.1,254880,64.3,05:27.5,05:27.5,1,,D2,Forward Shipment,305663708,Uttar Pradesh
311935000,B111001390265796-5560668,5,pbsenterprises10 rp b2brc,52:37.1,20-07-2026 20:03,28-07-2026,`887,"KABRA EXTRUSION TECHNIK LTDBATTRIXX , KABRA EXTRUSION TECHNIK LTDBATTRIXX",Makrana,Pune,nax automobility,,410501,1,27-07-2026,27-07-2026,Pune_Bhamboli_L (Maharashtra),28-07-2026 17:33,Delivered,Delivered,Delivered to Consignee,28-07-2026,27-07-2026 17:33,Pre-paid,5.43766E+13,Clean POD | As per POD audit,,,,05:09.8,49000,20.5,33:40.0,33:40.0,1,,D1,Forward Shipment,306641862,Maharashtra
312540045,B111001390182919-5560875,2,pbsenterprises10 rp b2brc,26:35.5,30-07-2026 16:39,03-08-2026,`181,"OXYGEN ENERGY ENTERPRISES-AMPERE, OXYGEN ENERGY ENTERPRISES-AMPERE",Sirsi,Salem,the totgars coop sales society limited,,636006,1,11-08-2026,11-08-2026,Salem_Ramalingapuram_H (Tamil Nadu),11-08-2026 16:11,Delivered,Delivered,Delivered to Consignee,03-08-2026,11-08-2026 16:11,Pre-paid,5.43766E+13,Contactless Delivery -  Geofence verified,,,,05:54.2,49000,16.86,11:28.1,11:28.1,1,,D1,Forward Shipment,309211831,Tamil Nadu
311445805,DCGN-7350/26-27,2,pbsenterprises10 rp b2brc,46:44.1,10-07-2026 20:31,13-07-2026,`DCGN-7350/26-27,"M/S SHIV SYSTEMS, .",Noida,Noida,fujiyama power system (panel),,201301,2,11-07-2026,13-07-2026,Noida_Sector67Bblock_L (Uttar Pradesh),17-07-2026 14:06,Delivered,Delivered,Delivered to Consignee,13-07-2026,16-07-2026 16:41,Pre-paid,5.43766E+13,Clean POD | As per POD audit,,,,25:46.4,120595,116.5,41:52.8,41:52.8,1,,A,Forward Shipment,304222175,Uttar Pradesh
311245950,SAFELI,2,pbsenterprises10 rp b2brc,15:20.7,07-07-2026 17:36,11-07-2026,`4545,"KAKKAR SMART ENERGY VENTURES LLP, ASSAM KAKKAR SMART ENERGY VENTURES LLP",Dhubri,Guwahati,rocky automobile,,781035,1,13-07-2026,13-07-2026,Guwahati_Kaikchi1_L (Assam),15-07-2026 10:59,Delivered,Delivered,Delivered to Consignee,11-07-2026,13-07-2026 17:44,Pre-paid,5.43766E+13,Clean POD | As per POD audit,,,,22:11.2,15000,52.5,44:41.3,44:41.3,1,,E,Forward Shipment,303428633,Assam
311626110,B111001390251241-5559506,2,pbsenterprises10 rp b2brc,02:46.1,15-07-2026 23:43,21-07-2026,`291,"KABRA EXTRUSION TECHNIK LTDBATTRIXX , KABRA EXTRUSION TECHNIK LTDBATTRIXX",Baripada,Pune,maa ambika enterprises,,410501,1,21-07-2026,21-07-2026,Pune_Bhamboli_L (Maharashtra),22-07-2026 18:16,Delivered,Delivered,Delivered to Consignee,21-07-2026,21-07-2026 17:53,Pre-paid,5.43766E+13,Clean POD | As per POD audit,,,,40:19.7,48999,20.02,53:52.4,53:52.4,1,,D2,Forward Shipment,305202674,Maharashtra
312756728,A48281A24J09695 5557021,2,pbsenterprises10 rp b2brc,23:29.7,04-08-2026 16:39,10-08-2026,`Kamal8884,"MAA AMBE AUTOMOBILE, MAA AMBE AUTOMOBILE",Abhanpur,Gadarwara,kamal laxmi industrie ampere b2b,,487551,1,10-08-2026,10-08-2026,Gadarwara_MPward_D (Madhya Pradesh),11-08-2026 15:04,Delivered,Delivered,Delivered to Consignee,10-08-2026,10-08-2026 19:23,Pre-paid,5.43766E+13,Clean POD | As per POD audit,,,,38:05.9,49000,10.6,23:16.5,23:16.5,1,,B,Forward Shipment,310450792,Madhya Pradesh
311250795,B111001390266748    5551590,2,pbsenterprises10 rp b2brc,10:26.0,08-07-2026 20:51,13-07-2026,`1432,"SURYA AUTO ELECTRONS, SURYA AUTO ELECTRONS",Raipur,Bhubaneshwar,kamal laxami ampere brc,,751002,1,13-07-2026,13-07-2026,Bhubaneswar_Bampakhuda_GW (Orissa),15-07-2026 10:03,Delivered,Delivered,Delivered to Consignee,13-07-2026,13-07-2026 16:47,Pre-paid,5.43766E+13,Clean POD | As per POD audit,,,,12:32.8,49000,16.98,47:16.1,47:16.1,1,,D1,Forward Shipment,303467829,Orissa
311877787,DCGN-8069/26-27,2,pbsenterprises10 rp b2brc,09:19.7,20-07-2026 18:32,24-07-2026,`DCGN-8069/26-27,"DIMPY ELECTRONICS SERVICE, .",Noida,Saharanpur,fujiyama power system (panel),,247001,1,25-07-2026,25-07-2026,Saharanpur_Madhonagar_P (Uttar Pradesh),26-07-2026 08:50,Delivered,Delivered,Delivered to Consignee,24-07-2026,25-07-2026 17:42,Pre-paid,5.43766E+13,Clean POD | As per POD audit,,,,05:39.0,46953,50,42:06.6,42:06.6,1,,B,Forward Shipment,306596899,Uttar Pradesh
311861389,A48281F24I06085   5553794,2,pbsenterprises10 rp b2brc,06:13.0,18-07-2026 19:08,22-07-2026,`3008,"VIGNESH E BIKES, VIGNESH E BIKES",Salem,Sankarankovil,oxygen energy enterprises ampere,,627756,1,21-07-2026,21-07-2026,Sankaran_Kovil_D (Tamil Nadu),21-07-2026 11:11,Delivered,Delivered,Delivered to Consignee,22-07-2026,21-07-2026 11:11,Pre-paid,5.43766E+13,Contactless Delivery -  Geofence verified,,,,49:03.1,48999,8.11,11:28.7,11:28.7,1,,B,Forward Shipment,306231796,Tamil Nadu
312849859,SAFELI,2,pbsenterprises10 rp b2brc,19:18.8,05-08-2026 19:26,10-08-2026,`56,"KAKKAR SMART ENERGY VENTURES LLP, KAKKAR SMART ENERGY VENTURES LLP",Begusarai,Sonipat,safeli shree automobile,,131028,1,08-08-2026,08-08-2026,Sonipat_Sector42_P (Haryana),10-08-2026 13:55,Delivered,Delivered,Delivered to Consignee,10-08-2026,08-08-2026 16:07,Pre-paid,5.43766E+13,Clean POD | As per POD audit,,,,36:57.6,15000,51.4,07:32.2,07:32.2,1,,D1,Forward Shipment,310786251,Haryana
312402477,SAFELI,2,pbsenterprises10 rp b2brc,20:45.0,28-07-2026 17:31,01-08-2026,`12,"KAKKAR SMART ENERGY VENTURES LLP, KAKKAR SMART ENERGY VENTURES LLP",Kanpur,Sonipat,safeli rajendra motors,,131028,1,31-07-2026,31-07-2026,Sonipat_Sector42_P (Haryana),01-08-2026 14:39,Delivered,Delivered,Delivered to Consignee,01-08-2026,31-07-2026 17:33,Pre-paid,5.43766E+13,Clean POD | As per POD audit,,,,24:30.9,15000,50.24,34:00.9,34:00.9,1,,B,Forward Shipment,308643957,Haryana
311265379,A60391H124A24182-5557408,2,pbsenterprises10 rp b2brc,54:51.3,08-07-2026 16:21,17-07-2026,`604,"OXYGEN ENERGY ENTERPRISES-AMPERE, OXYGEN ENERGY ENTERPRISES-AMPERE",Gurdaspur,Salem,standard electric,,636006,1,17-07-2026,17-07-2026,Salem_Ramalingapuram_H (Tamil Nadu),18-07-2026 10:14,Delivered,Delivered,Delivered to Consignee,17-07-2026,17-07-2026 17:09,Pre-paid,5.43766E+13,Clean POD | As per POD audit,,,,30:37.0,49000,18.64,09:11.3,09:11.3,1,,D2,Forward Shipment,303491684,Tamil Nadu
298380669,1,2,pbsenterprises10 rp b2brc,14:50.1,12-07-2026 16:08,18-07-2026,`AS-175,KAKKAR SMART ENERGY,Guwahati,Sonipat,safeli assam kakkar smart energy ventures llp,,131029,1,17-07-2026,17-07-2026,Sonipat_Sector42_P (Haryana),18-07-2026 19:46,Delivered,Delivered,Delivered to Consignee,18-07-2026,17-07-2026 17:36,Pre-paid,5.43766E+13,Clean POD | As per POD audit,,,,16:26.7,5800,43.98,36:34.5,36:34.5,1,,E,Forward Shipment,FMINC_e44d8d10-7ddd-11f1-ba25-291932d3a787,Haryana
312951764,VANSHIKA MOTORS,2,pbsenterprises10 rp b2brc,32:19.9,10-08-2026 14:14,17-08-2026,`891,"MAA AMBIKA ENTERPRISES, MAA AMBIKA ENTERPRISES",Jharsuguda,Baripada,vanshika motors,,757001,0,,,Sambalpur_Hirakud_H (Orissa),11-08-2026 21:50,In Transit,Undelivered,Consignment Dispatched from Origin City,17-08-2026,,Pre-paid,5.43766E+13,"L:133.7, B:47.5, H:64.1, W:22260.0, V:407083.0, Rv:167399.0",,,,,49000,22.26,,,,,B,Forward Shipment,312018343,Orissa
312755443,B111001390204380-5552107,2,pbsenterprises10 rp b2brc,08:01.2,05-08-2026 12:57,07-08-2026,`962,"ARYA AUTOMOBILE, ARYA AUTOMOBILE",Bhubaneshwar,Behrampur,pmg motor,,760002,1,07-08-2026,07-08-2026,Behrampur_Mandiapalli_I (Orissa),08-08-2026 12:58,Delivered,Delivered,Delivered to Consignee,07-08-2026,07-08-2026 17:01,Pre-paid,5.43766E+13,Clean POD | As per POD audit,,,,18:33.8,49000,20.28,01:33.3,01:33.3,1,,B,Forward Shipment,310765801,Orissa
311605156,DCGN-7530/26-27,2,pbsenterprises10 rp b2brc,18:45.3,17-07-2026 07:14,25-07-2026,`DCGN-7530/26-27,"GURUKRUPA AUTOMOBILES, .",Noida,Sawantwadi,fujiyama power system (panel),,416516,1,24-07-2026,24-07-2026,Sawantwadi_Khaskilwada1_D (Maharashtra),29-07-2026 15:18,Delivered,Delivered,Delivered to Consignee,22-07-2026,24-07-2026 19:02,Pre-paid,5.43766E+13,Clean POD | As per POD audit,,,,25:32.9,328055,118,02:11.9,02:11.9,1,,D2,Forward Shipment,FMINC_ff81d1ee-8180-11f1-8622-930937f88e07,Maharashtra
311185867,B111001390231035-5558155,4,pbsenterprises10 rp b2brc,27:53.9,07-07-2026 15:49,13-07-2026,`892,"KABRA EXTRUSION TECHNIK LTDBATTRIXX , KABRA EXTRUSION TECHNIK LTDBATTRIXX",Tirupur,Pune,sri bikes,,410501,1,13-07-2026,13-07-2026,Pune_Bhamboli_L (Maharashtra),14-07-2026 16:35,Delivered,Delivered,Delivered to Consignee,13-07-2026,13-07-2026 16:34,Pre-paid,5.43766E+13,Clean POD | As per POD audit,,,,40:00.7,49000,20.7,34:16.1,34:16.1,1,,D1,Forward Shipment,303171069,Maharashtra
311674463,SAFELI,2,pbsenterprises10 rp b2brc,45:46.2,16-07-2026 14:26,20-07-2026,`42,"KAKKAR SMART ENERGY VENTURES LLP, KAKKAR SMART ENERGY VENTURES LLP",Noida,Sonipat,safeli hamza traders,,131028,1,21-07-2026,21-07-2026,Sonipat_Sector42_P (Haryana),23-07-2026 23:12,Delivered,Delivered,Delivered to Consignee,20-07-2026,21-07-2026 12:26,Pre-paid,5.43766E+13,Clean POD | As per POD audit,,,,51:15.2,48000,47,26:28.1,26:28.1,1,,B,Forward Shipment,305697701,Haryana
312905027,B111001390244553-5561630,7,pbsenterprises10 rp b2brc,27:04.9,07-08-2026 15:59,10-08-2026,`822,"KABRA EXTRUSION TECHNIK LTDBATTRIXX , KABRA EXTRUSION TECHNIK LTDBATTRIXX",Amravati,Pune,hassonjee automotive,,410501,1,10-08-2026,10-08-2026,Pune_Bhamboli_L (Maharashtra),11-08-2026 15:47,Delivered,Delivered,Delivered to Consignee,10-08-2026,10-08-2026 18:56,Pre-paid,5.43766E+13,Clean POD | As per POD audit,,,,23:39.8,49000,20.24,56:16.4,56:16.4,1,,D1,Forward Shipment,311070973,Maharashtra
312432730,SAFELI,2,pbsenterprises10 rp b2brc,29:51.9,28-07-2026 19:20,01-08-2026,`012,"KAKKAR SMART ENERGY VENTURES LLP, ASSAM KAKKAR SMART ENERGY VENTURES LLP",Morigaon,Guwahati,safeli m/s shaklin,,781035,1,04-08-2026,04-08-2026,Guwahati_Kaikchi1_L (Assam),06-08-2026 10:57,Delivered,Delivered,Delivered to Consignee,01-08-2026,04-08-2026 15:48,Pre-paid,5.43766E+13,Clean POD | As per POD audit,,,,13:10.3,45000,59.14,48:35.3,48:35.3,1,,E,Forward Shipment,308643430,Assam
312733697,Bounce,2,pbsenterprises10 rp b2brc,13:48.5,04-08-2026 18:20,10-08-2026,`DC141,"Exicom Tele-Systems Limited, .",Nanded,Bangalore,bounce mahesh enterprises,,560065,1,11-08-2026,11-08-2026,Bangalore_Bettahalsoor_L (Karnataka),12-08-2026 01:02,Delivered,Delivered,Delivered to Consignee,10-08-2026,11-08-2026 12:36,Pre-paid,5.43766E+13,LM POD document uploaded,,,,50:28.0,30000,13.64,36:42.0,36:42.0,1,,D1,Forward Shipment,310204586,Karnataka
311241898,REDON,3,pbsenterprises10 rp b2brc,25:38.0,07-07-2026 18:28,13-07-2026,`MA-035,"REDON LITHIUM BATTERIES LLP, .",Dankuni,Noida,gowith green e vehicles pvt. ltd.,,201308,1,13-07-2026,13-07-2026,Noida_Surajpur_L (Uttar Pradesh),22-07-2026 14:58,Delivered,Delivered,Delivered to Consignee,13-07-2026,13-07-2026 18:55,Pre-paid,5.43766E+13,Clean POD | As per POD audit,,,,30:47.1,40000,15.62,55:39.1,55:39.1,1,,C2,Forward Shipment,303402095,Uttar Pradesh
311829788,B111001390189265-5559658,3,pbsenterprises10 rp b2brc,54:54.1,18-07-2026 18:29,24-07-2026,`631,"KABRA EXTRUSION TECHNIK LTDBATTRIXX , KABRA EXTRUSION TECHNIK LTDBATTRIXX",Ganj Basoda,Pune,shri maruti enterprises,,410501,1,24-07-2026,24-07-2026,Pune_Bhamboli_L (Maharashtra),25-07-2026 14:47,Delivered,Delivered,Delivered to Consignee,24-07-2026,24-07-2026 18:51,Pre-paid,5.43766E+13,Clean POD | As per POD audit,,,,04:26.3,49000,17.34,52:06.5,52:06.5,1,,D1,Forward Shipment,306220392,Maharashtra
312542560,B111001390211096-5561754,4,pbsenterprises10 rp b2brc,52:58.3,30-07-2026 16:17,04-08-2026,`896,"KABRA EXTRUSION TECHNIK LTDBATTRIXX , KABRA EXTRUSION TECHNIK LTDBATTRIXX",Namakkal,Pune,krs enterprises-namakkal,,410501,1,06-08-2026,06-08-2026,Pune_Bhamboli_L (Maharashtra),08-08-2026 18:18,Delivered,Delivered,Delivered to Consignee,04-08-2026,07-08-2026 19:42,Pre-paid,5.43766E+13,Clean POD | As per POD audit,,,,36:50.5,49000,20.38,42:03.7,42:03.7,1,,D1,Forward Shipment,309199674,Maharashtra
312574901,DCGN-9342/26-27,2,pbsenterprises10 rp b2brc,26:08.2,31-07-2026 19:43,07-08-2026,`DCGN-9342/26-27,"RADIANT TECHNOLOGIES, .",Noida,Bangalore,fujiyama power system (panel),,560038,1,12-08-2026,12-08-2026,Bangalore_Marathahalli_L (Karnataka),12-08-2026 08:08,Dispatched,Undelivered,Out for Delivery,07-08-2026,,Pre-paid,5.43766E+13,,,,,12:31.1,37545,52.5,,,,,C2,Forward Shipment,309440961,Karnataka
311933953,RACHNA JI,2,pbsenterprises10 rp b2brc,40:18.7,20-07-2026 21:10,25-07-2026,`SM/NR/26/0473727,"FUJIYAMA POWER SYSTEMS LIMITED, FUJIYAMA POWER SYSTEMS LIMITED",Maheshkhunt,Noida,rachna ji  jitendra tiwari 1079f,,201301,2,24-07-2026,25-07-2026,Noida_Surajpur_L (Uttar Pradesh),30-07-2026 15:10,Delivered,Delivered,Delivered to Consignee,25-07-2026,27-07-2026 18:01,Pre-paid,5.43766E+13,Clean POD | As per POD audit,,,,17:32.4,48046,47.52,35:06.0,01:52.8,2,,D1,Forward Shipment,306639601,Uttar Pradesh
311786214,B111001390273787-5558620,2,pbsenterprises10 rp b2brc,29:58.1,17-07-2026 19:25,22-07-2026,`820,"KABRA EXTRUSION TECHNIK LTDBATTRIXX , KABRA EXTRUSION TECHNIK LTDBATTRIXX",Akole,Pune,naikwadi auto sales,,410501,1,24-07-2026,24-07-2026,Pune_Bhamboli_L (Maharashtra),26-07-2026 08:51,Delivered,Delivered,Delivered to Consignee,22-07-2026,24-07-2026 19:10,Pre-paid,5.43766E+13,Clean POD | As per POD audit,,,,57:10.2,49000,20.4,11:01.2,11:01.2,1,,B,Forward Shipment,305939574,Maharashtra
312394999,A48281B24J23390  5558793,2,pbsenterprises10 rp b2brc,08:10.7,28-07-2026 15:43,30-07-2026,`7759,"G WAY AMPERE, G WAY AMPERE",Salem,Kottayam,oxygen energy enterprises ampere,,686013,1,31-07-2026,31-07-2026,Kottayam_Ettumanoor_H (Kerala),01-08-2026 11:32,Delivered,Delivered,Delivered to Consignee,30-07-2026,31-07-2026 15:55,Pre-paid,5.43766E+13,Clean POD | As per POD audit,,,,40:51.5,49000,10.27,55:21.3,55:21.3,1,,B,Forward Shipment,308389222,Kerala
311437288,GN-5371/26-27,2,pbsenterprises10 rp b2brc,14:58.2,10-07-2026 20:30,17-07-2026,`GN-5371/26-27,"Sachin Patne ( W.o Maharashtra), .",Noida,Mumbai,fujiyama power system (panel),,400022,1,17-07-2026,17-07-2026,Mumbai_Chunabhatti_D (Maharashtra),17-07-2026 13:22,Delivered,Delivered,Delivered to Consignee,16-07-2026,17-07-2026 13:22,Pre-paid,5.43766E+13,Contactless Delivery -  Geofence NA,,,,36:01.1,5870,3.68,22:21.7,22:21.7,1,,C2,Forward Shipment,304222175,Maharashtra
311650344,B1_51105_B_121577,3,pbsenterprises10 rp b2brc,53:46.7,16-07-2026 19:55,20-07-2026,`DC/UEPL/STP/445,"KABRA EXTRUSION TECHNIK-GURUGRAM , KABRA EXTRUSION TECHNIK-GURUGRAM",Sitapur,Gurgaon,upgrid sitapur wh0021,,122004,1,21-07-2026,21-07-2026,Gurgaon_Sihi_L (Haryana),22-07-2026 18:18,Delivered,Delivered,Delivered to Consignee,20-07-2026,21-07-2026 20:24,Pre-paid,5.43766E+13,Clean POD | As per POD audit,,,,27:53.4,54162,52.02,24:42.3,24:42.3,1,,B,Forward Shipment,305659930,Haryana
311799879,REDON,7,pbsenterprises10 rp b2brc,35:21.4,18-07-2026 18:37,23-07-2026,`418,"REDON LITHIUM BATTERIES LLP, .",Mahwa,Noida,gaurav automobile,,201308,2,27-07-2026,29-07-2026,Noida_Surajpur_L (Uttar Pradesh),30-07-2026 16:03,Delivered,Delivered,Delivered to Consignee,23-07-2026,29-07-2026 17:47,Pre-paid,5.43766E+13,Clean POD | As per POD audit,,,,30:52.7,49000,10.24,51:48.3,47:49.6,2,,B,Forward Shipment,305971782,Uttar Pradesh
311444155,DCGN-7389/26-27,2,pbsenterprises10 rp b2brc,25:46.1,11-07-2026 15:37,14-07-2026,`DCGN-7389/26-27,"VISHWAKARMA POWER SOLUTION, .",Noida,Hisar,fujiyama power system (panel),,125001,1,17-07-2026,17-07-2026,Hisar_Pirawali_H (Haryana),18-07-2026 10:14,Delivered,Delivered,Delivered to Consignee,14-07-2026,17-07-2026 12:00,Pre-paid,5.43766E+13,Clean POD | As per POD audit,,,,21:29.5,120595,118.5,00:29.0,00:29.0,1,,B,Forward Shipment,304522398,Haryana
312544368,SAFELI,2,pbsenterprises10 rp b2brc,12:24.5,31-07-2026 17:17,05-08-2026,`45,"KAKKAR SMART ENERGY VENTURES LLP, KAKKAR SMART ENERGY VENTURES LLP",Sambhal,Sonipat,safeli green enterprises,,131028,1,11-08-2026,11-08-2026,Sonipat_Sector62_D (Haryana),11-08-2026 17:12,Delivered,Delivered,Delivered to Consignee,04-08-2026,11-08-2026 16:21,Pre-paid,5.43766E+13,LM POD document uploaded,,,,02:16.4,15000,2.9,21:56.7,21:56.7,1,,B,Forward Shipment,309481341,Haryana
311360335,B121004760_120642,2,pbsenterprises10 rp b2brc,04:30.5,10-07-2026 17:03,14-07-2026,`11,"KABRA EXTRUSIONTECHNIK LTD, KABRA EXTRUSIONTECHNIK LTD",Indore,Gurgaon,fly motors (kab),,122004,1,13-07-2026,13-07-2026,Gurgaon_Sihi_L (Haryana),14-07-2026 15:31,Delivered,Delivered,Delivered to Consignee,14-07-2026,13-07-2026 16:41,Pre-paid,5.43766E+13,Clean POD | As per POD audit,,,,58:24.3,49000,49.6,41:53.3,41:53.3,1,,D1,Forward Shipment,303975331,Haryana
311671265,GN-5462/26-27,15,pbsenterprises10 rp b2brc,03:33.0,17-07-2026 07:14,22-07-2026,`GN-5462/26-27,"CHAWLA ELECTRIC, .",Noida,Raipur,fujiyama power system (panel),,492001,1,22-07-2026,22-07-2026,Raipur_Devpuri_L (Chhattisgarh),22-07-2026 15:14,Delivered,Delivered,Delivered to Consignee,22-07-2026,22-07-2026 15:14,Pre-paid,5.43766E+13,Contactless Delivery -  Geofence verified,,,,11:30.7,211365,6.29,14:25.2,14:25.2,1,,D1,Forward Shipment,FMINC_ff81d1ee-8180-11f1-8622-930937f88e07,Chhattisgarh
313007130,DCGN-10102/26-27,2,pbsenterprises10 rp b2brc,28:20.4,,,`DCGN-10102/26-27,"SUNROOT POWER SYSTEMS, .",Noida,Chennai,fujiyama power system (panel),,600045,0,,,Noida_Bairangpur_GW (Uttar Pradesh),08-08-2026 20:12,Manifested,Undelivered,Delay due to Disturbance/Strike,,,Pre-paid,5.43766E+13,,,,,,21132,20,,,,,C2,Forward Shipment,,Tamil Nadu
286321138,286321138,5,pbsenterprises10 rp b2brc,33:17.2,20-07-2026 19:33,28-07-2026,`8,Kabra Extrusion,Bellary,Gurgaon,aira delta group (kab),,122004,1,30-07-2026,30-07-2026,Gurgaon_Sihi_L (Haryana),31-07-2026 12:40,Delivered,Delivered,Delivered to Consignee,28-07-2026,30-07-2026 18:22,Pre-paid,5.43766E+13,Clean POD | As per POD audit,,,,57:16.1,47999.99,44.24,22:16.1,22:16.1,1,,D2,Forward Shipment,306594162,Haryana
311170649,B60382D23A12219-5556313,2,pbsenterprises10 rp b2brc,42:01.3,10-07-2026 20:48,15-07-2026,`877,"JALARAM LITHIUM BATTERY-AMPERE, JALARAM LITHIUM BATTERY-AMPERE",Pune,Ahmedabad,shree sai auto (new),,382213,1,15-07-2026,15-07-2026,Ahmedabad_Sanathal_L (Gujarat),17-07-2026 14:14,Delivered,Delivered,Delivered to Consignee,15-07-2026,15-07-2026 15:13,Pre-paid,5.43766E+13,Clean POD | As per POD audit,,,,54:32.2,49000,15.64,14:03.3,14:03.3,1,,C1,Forward Shipment,304209449,Gujarat
312138805,DCGN-8533/26-27,2,pbsenterprises10 rp b2brc,14:34.5,23-07-2026 20:17,27-07-2026,`DCGN-8533/26-27,"WASEEM AHMAD, .",Noida,Kashipur,fujiyama power system (panel),,244713,1,27-07-2026,27-07-2026,Kashipur_DhimarKhera_D (Uttarakhand),27-07-2026 16:11,Delivered,Delivered,Delivered to Consignee,27-07-2026,27-07-2026 16:11,Pre-paid,5.43766E+13,Contactless Delivery -  Geofence not verified,,,,47:23.4,52474,94.8,11:59.1,11:59.1,1,,B,Forward Shipment,307540424,Uttarakhand
311726989,SAFELI,2,pbsenterprises10 rp b2brc,36:31.1,17-07-2026 15:15,21-07-2026,`454,"KAKKAR SMART ENERGY VENTURES LLP, ASSAM KAKKAR SMART ENERGY VENTURES LLP",Duliajan,Guwahati,"safeli m/j ride,",,781035,1,23-07-2026,23-07-2026,Guwahati_Kaikchi1_L (Assam),25-07-2026 20:47,Delivered,Delivered,Delivered to Consignee,21-07-2026,23-07-2026 16:31,Pre-paid,5.43766E+13,Clean POD | As per POD audit,,,,26:15.9,15000,51.37,31:55.2,31:55.2,1,,E,Forward Shipment,305947934,Assam
312341678,RACHNA JI,2,pbsenterprises10 rp b2brc,11:57.8,28-07-2026 16:17,01-08-2026,`SM/NR/26/27,"-KHASRA NO 75, .",Firozabad,Bilaspur-HR,rachna ji lokpriya enterprises bant,,123401,2,04-08-2026,06-08-2026,Gurgaon_Pathradi_L (Haryana),11-08-2026 15:45,Delivered,Delivered,Delivered to Consignee,01-08-2026,06-08-2026 18:28,Pre-paid,5.43766E+13,LM POD document uploaded,,,,21:49.6,49000,62.12,07:32.0,28:51.1,2,,B,Forward Shipment,308618724,Haryana
311242605,rupesh ji (navi),3,pbsenterprises10 rp b2brc,34:58.8,07-07-2026 19:11,13-07-2026,`11,"Ramesh, Ramesh",Noida,Hajipur,rupesh jha,,844101,1,13-07-2026,13-07-2026,Hajipur_Hathsarganj1_D (Bihar),14-07-2026 15:36,Delivered,Delivered,Delivered to Consignee,13-07-2026,13-07-2026 17:17,Pre-paid,5.43766E+13,Clean POD | As per POD audit,,,,51:49.7,25998,20.35,17:51.0,17:51.0,1,,D1,Forward Shipment,303410707,Bihar
311445464,DCGN-7354/26-27,2,pbsenterprises10 rp b2brc,41:56.8,11-07-2026 15:37,17-07-2026,`DCGN-7354/26-27,"SUN PLUS, .",Noida,Kozhikode,fujiyama power system (panel),,673645,1,24-07-2026,24-07-2026,Kozhikode_Central_H (Kerala),25-07-2026 14:50,Delivered,Delivered,Delivered to Consignee,17-07-2026,24-07-2026 19:02,Pre-paid,5.43766E+13,Clean POD | As per POD audit,,,,32:27.9,120595,108.5,02:40.4,02:40.4,1,,D2,Forward Shipment,304522398,Kerala
312734160,B111001390210525-5562352,2,pbsenterprises10 rp b2brc,20:05.1,04-08-2026 15:19,10-08-2026,`692,"KABRA EXTRUSION TECHNIK LTDBATTRIXX , KABRA EXTRUSION TECHNIK LTDBATTRIXX",Bhavnagar,Pune,national battery-bhav nagar,,410501,1,10-08-2026,10-08-2026,Pune_Bhamboli_L (Maharashtra),11-08-2026 18:00,Delivered,Delivered,Delivered to Consignee,10-08-2026,10-08-2026 18:56,Pre-paid,5.43766E+13,Clean POD | As per POD audit,,,,23:06.5,48999,20.04,56:37.4,56:37.4,1,,D1,Forward Shipment,310206268,Maharashtra
310944604,B111001390173644-5557089,2,pbsenterprises10 rp b2brc,29:31.0,01-07-2026 14:40,04-07-2026,`688,"JALARAM LITHIUM BATTERY-AMPERE, JALARAM LITHIUM BATTERY-AMPERE",Bhavnagar,Ahmedabad,national battery-bhav nagar,,382213,1,04-07-2026,04-07-2026,Ahmedabad_Sanathal_L (Gujarat),04-07-2026 20:16,Delivered,Delivered,Delivered to Consignee,04-07-2026,04-07-2026 11:48,Pre-paid,5.43766E+13,Clean POD | As per POD audit,,,,01:29.8,49000,17.74,48:45.7,48:45.7,1,,B,Forward Shipment,301998596,Gujarat
312437754,5561847,2,pbsenterprises10 rp b2brc,35:46.7,29-07-2026 11:31,05-08-2026,`895,"KAMAL LAXMI INDUSTRIES-AMPERE, KAMAL LAXMI INDUSTRIES-AMPERE",Jhansi,Raipur,ashish enterprises,,492015,1,03-08-2026,03-08-2026,Raipur_Devpuri_L (Chhattisgarh),04-08-2026 11:36,Delivered,Delivered,Delivered to Consignee,05-08-2026,03-08-2026 15:16,Pre-paid,5.43766E+13,Clean POD | As per POD audit,,,,51:06.8,49000,16.06,16:17.0,16:17.0,1,,D1,Forward Shipment,308753981,Chhattisgarh
312758286,5561949,2,pbsenterprises10 rp b2brc,45:00.2,04-08-2026 19:19,08-08-2026,`801,"CYGNI ENERGY PRIVATE LIMITED, CYGNI ENERGY PRIVATE LIMITED",Kollam,Hyderabad,padiyil motors,,501359,1,08-08-2026,08-08-2026,Hyderabad_Shamshbd_H (Telangana),10-08-2026 10:42,Delivered,Delivered,Delivered to Consignee,08-08-2026,08-08-2026 16:11,Pre-paid,5.43766E+13,Wrong / Incorrect POD uploaded,,,,45:25.9,49000,12.9,11:13.5,11:13.5,1,,D1,Forward Shipment,310281876,Telangana
311329849,SAFELI,2,pbsenterprises10 rp b2brc,20:57.3,11-07-2026 14:19,15-07-2026,`45,"KAKKAR SMART ENERGY VENTURES LLP, ASSAM KAKKAR SMART ENERGY VENTURES LLP",Thelamara,Guwahati,safeli ar trader,,781035,1,17-07-2026,17-07-2026,Guwahati_Kaikchi1_L (Assam),18-07-2026 19:47,Delivered,Delivered,Delivered to Consignee,15-07-2026,17-07-2026 17:25,Pre-paid,5.43766E+13,Clean POD | As per POD audit,,,,24:19.7,15000,47.89,25:16.1,25:16.1,1,,E,Forward Shipment,304475162,Assam
312683291,B111001390210934-5562096,2,pbsenterprises10 rp b2brc,24:13.9,03-08-2026 13:34,10-08-2026,`6,"KABRA EXTRUSION TECHNIK LTDBATTRIXX , KABRA EXTRUSION TECHNIK LTDBATTRIXX",Thrissur,Pune,pallai ampere,,410501,1,08-08-2026,08-08-2026,Pune_Bhamboli_L (Maharashtra),11-08-2026 18:08,Delivered,Delivered,Delivered to Consignee,10-08-2026,10-08-2026 18:56,Pre-paid,5.43766E+13,Clean POD | As per POD audit,,,,50:33.0,25000,20.74,56:56.9,56:56.9,1,,D1,Forward Shipment,309806072,Maharashtra
311546378,SAFELI,2,pbsenterprises10 rp b2brc,55:33.4,13-07-2026 17:59,17-07-2026,`AS-214,"SUDIP PAL, SUDIP PAL",Guwahati,Duliajan,safeli assam kakkar smart energy ventures llp,,786602,1,17-07-2026,17-07-2026,Duliajan_StatonRd_D (Assam),22-07-2026 12:21,Delivered,Delivered,Delivered to Consignee,16-07-2026,17-07-2026 15:01,Pre-paid,5.43766E+13,Clean POD | As per POD audit,,,,00:59.4,600,1.58,02:08.3,02:08.3,1,,E,Forward Shipment,304876672,Assam
312340214,B111001390273221-5561595,4,pbsenterprises10 rp b2brc,53:42.5,27-07-2026 18:12,01-08-2026,`865,"KABRA EXTRUSION TECHNIK LTDBATTRIXX , KABRA EXTRUSION TECHNIK LTDBATTRIXX",Sangola,Pune,s m motors,,410501,1,07-08-2026,07-08-2026,Pune_Bhamboli_L (Maharashtra),08-08-2026 17:46,Delivered,Delivered,Delivered to Consignee,01-08-2026,07-08-2026 18:14,Pre-paid,5.43766E+13,Clean POD | As per POD audit,,,,01:01.1,49000,20.73,14:55.1,14:55.1,1,,B,Forward Shipment,308388922,Maharashtra
312667010,Drive volts,3,pbsenterprises10 rp b2brc,01:22.2,01-08-2026 18:08,05-08-2026,`115,", Drive Volts Private Limited",Chandausi,Dehradun,s.k.traders,,248011,1,12-08-2026,12-08-2026,Dehradun_Temp_L (Uttarakhand),12-08-2026 11:17,Dispatched,Undelivered,Out for Delivery,05-08-2026,,Pre-paid,5.43766E+13,,,,,49:48.0,49500,27.26,,,,,B,Forward Shipment,309756105,Uttarakhand
312399399,B111001390267807-5554829,2,pbsenterprises10 rp b2brc,48:25.0,28-07-2026 18:31,03-08-2026,`28,"KABRA EXTRUSION TECHNIK LTDBATTRIXX , KABRA EXTRUSION TECHNIK LTDBATTRIXX",Neemuch,Pune,airan green automobiles,,410501,1,04-08-2026,04-08-2026,Pune_Bhamboli_L (Maharashtra),05-08-2026 17:33,Delivered,Delivered,Delivered to Consignee,03-08-2026,04-08-2026 16:09,Pre-paid,5.43766E+13,Clean POD | As per POD audit,,,,35:43.6,18000,20.6,09:34.9,09:34.9,1,,D1,Forward Shipment,308651390,Maharashtra
312199503,SAFELI,2,pbsenterprises10 rp b2brc,58:21.8,24-07-2026 15:44,27-07-2026,`2,"KAKKAR SMART ENERGY VENTURES LLP, KAKKAR SMART ENERGY VENTURES LLP",Udaipur,Sonipat,safeli sundar electric vehicles,,131028,1,30-07-2026,30-07-2026,Sonipat_Sector42_P (Haryana),31-07-2026 17:35,Delivered,Delivered,Delivered to Consignee,27-07-2026,30-07-2026 16:26,Pre-paid,5.43766E+13,Clean POD | As per POD audit,,,,32:41.5,15000,70.12,26:34.9,26:34.9,1,,D1,Forward Shipment,307719354,Haryana
312774951,A48281C24H09479 5557428,3,pbsenterprises10 rp b2brc,01:44.0,04-08-2026 19:31,13-08-2026,`Kamal2214,"SHRI SHYAM AUTO ELECTRIC, SHRI SHYAM AUTO ELECTRIC",Abhanpur,Durgapur,kamal laxmi industrie ampere b2b,,713213,0,,,Abhanpur_DhamtariRoad_D (Chhattisgarh),11-08-2026 11:52,In Transit,Undelivered,Consignment Dispatched from Origin City,13-08-2026,,Pre-paid,5.43766E+13,Source - GI,,,,,49000,10,,,,,D1,Forward Shipment,310450792,West Bengal
311106645,B60381C231A09015-5554147,2,pbsenterprises10 rp b2brc,23:48.4,04-07-2026 18:45,07-07-2026,`1,"OXYGEN ENERGY ENTERPRISES-AMPERE, OXYGEN ENERGY ENTERPRISES-AMPERE",Thrissur,Salem,pallai ampere,,636006,1,06-07-2026,06-07-2026,Salem_Ramalingapuram_H (Tamil Nadu),07-07-2026 14:42,Delivered,Delivered,Delivered to Consignee,07-07-2026,06-07-2026 17:30,Pre-paid,5.43766E+13,Clean POD | As per POD audit,,,,11:29.6,30000,15.74,30:21.4,30:21.4,1,,B,Forward Shipment,302536858,Tamil Nadu
312065457,A48281B24G23534-5559360,2,pbsenterprises10 rp b2brc,39:59.1,28-07-2026 16:16,31-07-2026,`888,"KAMAL LAXMI INDUSTRIES-AMPERE, KAMAL LAXMI INDUSTRIES-AMPERE",Jharsuguda,Raipur,vanshika motors,,492015,1,31-07-2026,31-07-2026,Raipur_Devpuri_L (Chhattisgarh),01-08-2026 10:21,Delivered,Delivered,Delivered to Consignee,31-07-2026,31-07-2026 14:59,Pre-paid,5.43766E+13,Clean POD | As per POD audit,,,,07:22.8,49000,10.28,59:37.1,59:37.1,1,,B,Forward Shipment,308652556,Chhattisgarh
312776779,B111001390-120874,4,pbsenterprises10 rp b2brc,21:02.7,04-08-2026 16:40,10-08-2026,`Kamal2220,"KABRA EXTRUSION TECHNIK LTDBATTRIXX , KABRA EXTRUSION TECHNIK LTDBATTRIXX",Abhanpur,Pune,kamal laxmi industrie ampere b2b,,410501,1,10-08-2026,10-08-2026,Pune_Bhamboli_L (Maharashtra),10-08-2026 22:58,Delivered,Delivered,Delivered to Consignee,10-08-2026,10-08-2026 18:59,Pre-paid,5.43766E+13,Clean POD | As per POD audit,,,,10:18.1,49000,17.86,59:13.2,59:13.2,1,,D1,Forward Shipment,310450792,Maharashtra
311129457,DCGN-6824/26-27,2,pbsenterprises10 rp b2brc,35:46.3,04-07-2026 20:21,13-07-2026,`DCGN-6824/26-27,"ROZE SOLAR SOLUTIONS PRIVATE LIMITED, ROZE SOLAR SOLUTIONS PRIVATE LIMITED",Noida,Kottayam,fujiyama power system (panel),,686632,1,11-07-2026,11-07-2026,Kottayam_Ettumanoor_H (Kerala),11-07-2026 16:21,Delivered,Delivered,Delivered to Consignee,13-07-2026,11-07-2026 16:21,Pre-paid,5.43766E+13,Contactless Delivery -  Geofence not verified,,,,12:00.6,41794,49.2,21:12.3,21:12.3,1,,D2,Forward Shipment,302580087,Kerala
311183286,REDON,2,pbsenterprises10 rp b2brc,52:46.7,07-07-2026 21:46,13-07-2026,`DCGN-034,"REDON LITHIUM INDUSTRIES LLP, .",Taki,Noida,sayan electric bikes,,201308,1,13-07-2026,13-07-2026,Noida_Surajpur_L (Uttar Pradesh),14-07-2026 16:28,Delivered,Delivered,Delivered to Consignee,13-07-2026,13-07-2026 19:04,Pre-paid,5.43766E+13,Clean POD | As per POD audit,,,,19:53.6,21000,15,05:00.9,05:00.9,1,,D2,Forward Shipment,303413655,Uttar Pradesh
312155988,B112004180_121825,2,pbsenterprises10 rp b2brc,37:56.0,24-07-2026 16:04,27-07-2026,`DC/UEPL/MOZ/532,"KABRA EXTRUSIONTECHNIK LTD , KABRA EXTRUSIONTECHNIK LTD",Muzaffarnagar,Gurgaon,upgrid muzaffarnagar wh0019,,122004,1,30-07-2026,30-07-2026,Gurgaon_Sihi_L (Haryana),31-07-2026 12:49,Delivered,Delivered,Delivered to Consignee,27-07-2026,30-07-2026 18:29,Pre-paid,5.43766E+13,Clean POD | As per POD audit,,,,04:33.0,20001,19.5,29:50.1,29:50.1,1,,B,Forward Shipment,307508961,Haryana
312259131,SAFELI,2,pbsenterprises10 rp b2brc,46:39.1,28-07-2026 16:06,31-07-2026,`12,"KAKKAR SMART ENERGY VENTURES LLP, ASSAM KAKKAR SMART ENERGY VENTURES LLP",Chhaygaon,Guwahati,safeli m/s daybee enterprise,,781035,1,31-07-2026,31-07-2026,Guwahati_Kaikchi1_L (Assam),01-08-2026 14:01,Delivered,Delivered,Delivered to Consignee,31-07-2026,31-07-2026 17:28,Pre-paid,5.43766E+13,Clean POD | As per POD audit,,,,59:06.6,15000,50.08,28:35.6,28:35.6,1,,E,Forward Shipment,308643002,Assam
310956436,RACHNA JI,2,pbsenterprises10 rp b2brc,27:33.1,04-07-2026 17:05,07-07-2026,`D-818/26-27,"RISHIKESH PAL, FUJIYAMA POWER SYSTEMS LIMITED-NOIDA 51,52",Bilara,Noida,rachna ji amir khan khan 5538g,,201308,2,16-07-2026,17-07-2026,Noida_Surajpur_L (Uttar Pradesh),25-07-2026 12:19,Delivered,Delivered,Delivered to Consignee,07-07-2026,18-07-2026 09:53,Pre-paid,5.43766E+13,Clean POD | As per POD audit,,,,52:17.4,355706,54.22,54:03.7,54:03.7,1,,D1,Forward Shipment,302575361,Uttar Pradesh
310917902,B111001390207309-5555263,2,pbsenterprises10 rp b2brc,27:42.4,01-07-2026 17:39,07-07-2026,`885,"KABRA EXTRUSION TECHNIK LTDBATTRIXX , KABRA EXTRUSION TECHNIK LTDBATTRIXX",Kottayam,Pune,g way ampere-kottayam,,410501,1,06-07-2026,06-07-2026,Pune_Bhamboli_L (Maharashtra),07-07-2026 11:59,Delivered,Delivered,Delivered to Consignee,07-07-2026,06-07-2026 17:04,Pre-paid,5.43766E+13,Clean POD | As per POD audit,,,,33:55.9,49000,20.58,04:51.0,04:51.0,1,,D1,Forward Shipment,301814362,Maharashtra
312526486,B111001390183815 5558897,2,pbsenterprises10 rp b2brc,25:04.5,30-07-2026 13:44,03-08-2026,`021/26-27,"JAI MATADI AUTO, JAI MATADI AUTO",Ahmedabad,Nashik,jalaram lithium battery ampere b2b,,422009,1,04-08-2026,04-08-2026,Nashik_Satpurcolony_H (Maharashtra),05-08-2026 17:28,Delivered,Delivered,Delivered to Consignee,03-08-2026,04-08-2026 18:25,Pre-paid,5.43766E+13,Clean POD | As per POD audit,,,,16:55.9,47200,17.26,25:25.6,25:25.6,1,,B,Forward Shipment,309183000,Maharashtra
312736129,SAFELI,2,pbsenterprises10 rp b2brc,40:30.3,04-08-2026 21:58,11-08-2026,`56,"KAKKAR SMART ENERGY VENTURES LLP, KAKKAR SMART ENERGY VENTURES LLP",Malmaliya,Sonipat,safeli rohit motors,,131028,1,11-08-2026,11-08-2026,Sonipat_Sector42_P (Haryana),12-08-2026 01:13,Delivered,Delivered,Delivered to Consignee,11-08-2026,11-08-2026 22:05,Pre-paid,5.43766E+13,LM POD document uploaded,,,,44:37.7,14000,50,05:21.2,05:21.2,1,,D1,Forward Shipment,310495787,Haryana
311329078,B111001390231278-5558095,3,pbsenterprises10 rp b2brc,06:12.1,09-07-2026 16:47,13-07-2026,`888,"KABRA EXTRUSION TECHNIK LTDBATTRIXX , KABRA EXTRUSION TECHNIK LTDBATTRIXX",Rajnandgaon,Pune,eco sol energy,,410501,1,15-07-2026,15-07-2026,Pune_Bhamboli_L (Maharashtra),16-07-2026 19:40,Delivered,Delivered,Delivered to Consignee,13-07-2026,15-07-2026 13:41,Pre-paid,5.43766E+13,Clean POD | As per POD audit,,,,35:18.1,49000,19.88,41:29.1,41:29.1,1,,D1,Forward Shipment,303774050,Maharashtra
311861399,DCGN-8000/26-27,2,pbsenterprises10 rp b2brc,06:20.1,20-07-2026 18:50,27-07-2026,`DCGN-8000/26-27,"RATNAM SOLAR AND POWER ELECTRONICS, .",Noida,Bihar Sharif,fujiyama power system (panel),,803101,1,25-07-2026,25-07-2026,BiharSharif_Ward20_D (Bihar),29-07-2026 00:00,Delivered,Delivered,Delivered to Consignee,27-07-2026,25-07-2026 13:05,Pre-paid,5.43766E+13,2 pieces short | As per POD audit,,,,55:50.0,111281,117,05:26.1,05:26.1,1,,D1,Forward Shipment,306596899,Bihar
311135424,B111001390254222-5557593,3,pbsenterprises10 rp b2brc,38:32.1,07-07-2026 14:35,10-07-2026,`1,"KABRA EXTRUSION TECHNIK LTDBATTRIXX , KABRA EXTRUSION TECHNIK LTDBATTRIXX",Nagpur,Pune,alf electric vehicle private limited,,410501,1,11-07-2026,11-07-2026,Pune_Bhamboli_L (Maharashtra),13-07-2026 13:12,Delivered,Delivered,Delivered to Consignee,10-07-2026,11-07-2026 18:00,Pre-paid,5.43766E+13,Clean POD | As per POD audit,,,,03:30.1,49000,20.09,00:07.7,00:07.7,1,,D1,Forward Shipment,303408159,Maharashtra
311699683,E2W4830A33250716-5557263,2,pbsenterprises10 rp b2brc,22:11.6,16-07-2026 17:38,23-07-2026,`779,"CYGNI ENERGY PRIVATE LIMITED, CYGNI ENERGY PRIVATE LIMITED",Durgapur,Hyderabad,p. s. jivraj distribution llp,,501359,1,21-07-2026,21-07-2026,Hyderabad_Shamshbd_H (Telangana),21-07-2026 16:13,Delivered,Delivered,Delivered to Consignee,23-07-2026,21-07-2026 16:13,Pre-paid,5.43766E+13,Contactless Delivery -  Geofence verified,,,,00:02.5,49000,12.84,13:45.0,13:45.0,1,,D2,Forward Shipment,305510447,Telangana
312574910,8507,2,pbsenterprises10 rp b2brc,29:02.6,30-07-2026 19:29,03-08-2026,`1234,MS KAKKER SMART ENERGY VENTURE LLP,Shamli,Sonipat,safeli bala ji e-vechile,,131028,1,04-08-2026,04-08-2026,Sonipat_Sector42_P (Haryana),06-08-2026 11:56,Delivered,Delivered,Delivered to Consignee,03-08-2026,04-08-2026 10:56,Pre-paid,5.43766E+13,Clean POD | As per POD audit,,,,49:43.4,20000,48,56:28.3,56:28.3,1,,B,Forward Shipment,309217364,Haryana
311859972,DCGN-8013/26-27,2,pbsenterprises10 rp b2brc,51:30.0,20-07-2026 18:32,25-07-2026,`DCGN-8013/26-27,"S.S.B.POWERS , .",Noida,Kota,fujiyama power system (panel),,324005,1,27-07-2026,27-07-2026,Kota_IndustrialArea_H (Rajasthan),28-07-2026 18:25,Delivered,Delivered,Delivered to Consignee,25-07-2026,27-07-2026 17:36,Pre-paid,5.43766E+13,Clean POD | As per POD audit,,,,12:11.2,30442,50,36:55.6,36:55.6,1,,D1,Forward Shipment,306596899,Rajasthan
312567949,B111001390238628-5562275,2,pbsenterprises10 rp b2brc,49:14.6,01-08-2026 17:09,07-08-2026,`630,"KABRA EXTRUSION TECHNIK LTDBATTRIXX , KABRA EXTRUSION TECHNIK LTDBATTRIXX",Rewa,Pune,krishna enterprises,,410501,1,07-08-2026,07-08-2026,Pune_Bhamboli_L (Maharashtra),08-08-2026 20:32,Delivered,Delivered,Delivered to Consignee,07-08-2026,07-08-2026 18:25,Pre-paid,5.43766E+13,Clean POD | As per POD audit,,,,55:04.1,49000,20.24,25:15.0,25:15.0,1,,D1,Forward Shipment,309766900,Maharashtra
311858434,E2W4830A41250474-5559175,2,pbsenterprises10 rp b2brc,35:36.4,18-07-2026 13:14,22-07-2026,`905,"CYGNI ENERGY PRIVATE LIMITED, CYGNI ENERGY PRIVATE LIMITED",Panskura,Hyderabad,dipti motors,,501359,1,23-07-2026,23-07-2026,Hyderabad_Shamshbd_H (Telangana),24-07-2026 17:33,Delivered,Delivered,Delivered to Consignee,22-07-2026,23-07-2026 16:43,Pre-paid,5.43766E+13,Clean POD | As per POD audit,,,,11:03.4,49000,13.64,43:50.2,43:50.2,1,,D2,Forward Shipment,306223874,Telangana
312896035,REDON,2,pbsenterprises10 rp b2brc,34:44.8,06-08-2026 19:25,14-08-2026,`MA/052,"REDON LITHIUM BATTERIES LLP, .",Alipurduar,Noida,redon choudhury enterprise,,201308,0,,,Jaipur_Jaisinghpura_GW (Rajasthan),12-08-2026 10:26,In Transit,Undelivered,Consignment Dispatched from Origin City,14-08-2026,,Pre-paid,5.43766E+13,,,,,,20999,11.65,,,,,D2,Forward Shipment,311043934,Uttar Pradesh
313025533,DCGN-10152/26-27,2,pbsenterprises10 rp b2brc,12:57.0,,,`DCGN-10152/26-27,"Akhilesh Kumar, .",Noida,Sitamarhi,fujiyama power system (panel),,843302,0,,,Noida_Bairangpur_GW (Uttar Pradesh),08-08-2026 20:12,Manifested,Undelivered,Delay due to Disturbance/Strike,,,Pre-paid,5.43766E+13,,,,,,53589,20,,,,,D1,Forward Shipment,,Bihar
311142800,B111001390_142457 5552226,2,pbsenterprises10 rp b2brc,27:57.9,08-07-2026 20:49,14-07-2026,`1421,"ARZOO AUTOMOBILE, ARZOO AUTOMOBILE",Raipur,Motihari,kamal laxami ampere brc,,845401,1,13-07-2026,13-07-2026,Motihari_SaidNagar_H (Bihar),15-07-2026 13:14,Delivered,Delivered,Delivered to Consignee,14-07-2026,13-07-2026 11:47,Pre-paid,5.43766E+13,Clean POD | As per POD audit,,,,33:31.2,49000,17.2,47:17.4,47:17.4,1,,D1,Forward Shipment,303467829,Bihar
311672430,Supreme,2,pbsenterprises10 rp b2brc,16:23.8,16-07-2026 19:51,22-07-2026,`SLE/26-27/00234,"EVA ELECTRONICS, .",Noida,Kolaghat,supreme lithium energy noida 63,,721151,1,22-07-2026,22-07-2026,Kolaghat_Central_DPP_2 (West Bengal),23-07-2026 15:23,Delivered,Delivered,Delivered to Consignee,22-07-2026,22-07-2026 13:51,Pre-paid,5.43766E+13,Clean POD | As per POD audit,,,,28:01.0,30000,9.36,52:07.2,52:07.2,1,,D2,Forward Shipment,305677578,West Bengal
311055082,B112004450_122075,4,pbsenterprises10 rp b2brc,35:37.8,04-07-2026 12:14,08-07-2026,`DC/UPE/BLR275,"KABRA EXTRUSION TECHNIK LTDBATTRIXX , KABRA EXTRUSION TECHNIK LTDBATTRIXX",Bangalore,Pune,battery smart bangalore-wh0025,,410501,1,09-07-2026,09-07-2026,Pune_Bhamboli_L (Maharashtra),10-07-2026 16:31,Delivered,Delivered,Delivered to Consignee,08-07-2026,09-07-2026 16:59,Pre-paid,5.43766E+13,Clean POD | As per POD audit,,,,35:55.6,60003,20.4,59:23.9,59:23.9,1,,C1,Forward Shipment,302499945,Maharashtra
312031887,B111001390274761-5559583,3,pbsenterprises10 rp b2brc,15:49.5,22-07-2026 13:40,27-07-2026,`657,"KABRA EXTRUSION TECHNIK LTDBATTRIXX , KABRA EXTRUSION TECHNIK LTDBATTRIXX",Korba,Pune,khushi wheels,,410501,1,31-07-2026,31-07-2026,Pune_Bhamboli_L (Maharashtra),01-08-2026 21:39,Delivered,Delivered,Delivered to Consignee,27-07-2026,31-07-2026 16:32,Pre-paid,5.43766E+13,Clean POD | As per POD audit,,,,37:34.6,49000,18.33,32:44.5,32:44.5,1,,D1,Forward Shipment,307000622,Maharashtra
311258510,FUJIYAMA-7019,2,pbsenterprises10 rp b2brc,41:19.2,08-07-2026 20:46,13-07-2026,`DCGN-7019/29-27,"M/S A.S. ENTERPRISES, .",Noida,Meerut,fujiyama power system (panel),,250001,1,11-07-2026,11-07-2026,Meerut_Temp2_L (Uttar Pradesh),12-07-2026 20:42,Delivered,Delivered,Delivered to Consignee,13-07-2026,11-07-2026 15:50,Pre-paid,5.43766E+13,Clean POD | As per POD audit,,,,06:02.9,7346,58,50:35.8,50:35.8,1,,B,Forward Shipment,303676804,Uttar Pradesh
313040017,B1_51105_B_122593,2,pbsenterprises10 rp b2brc,27:15.4,,,`UEPL/PPT/584,"KABRA EXTRUSION TECHNIK-GURUGRAM , KABRA EXTRUSION TECHNIK-GURUGRAM",Panipat,Gurgaon,upgrid wh0156,,122004,0,,,Panipat_Diwana_P (Haryana),10-08-2026 19:42,Manifested,Undelivered,Consignment Manifested,,,Pre-paid,5.43766E+13,,,,,,20001,20,,,,,B,Forward Shipment,,Haryana
310993426,B60381C23B03013-5555507,2,pbsenterprises10 rp b2brc,50:34.7,03-07-2026 19:55,06-07-2026,`1045,"SREE VELAVAN MOTORS, SREE VELAVAN MOTORS",Salem,Palladam,oxygen energy enterprises ampere,,638111,1,06-07-2026,06-07-2026,Palladam_Mullainagar_D (Tamil Nadu),06-07-2026 15:35,Delivered,Delivered,Delivered to Consignee,06-07-2026,06-07-2026 15:35,Pre-paid,5.43766E+13,Contactless Delivery -  Geofence not verified - OUT-SLOT - Auto Check-In at 15:29,,,,11:21.7,49000,12.15,35:23.1,35:23.1,1,,B,Forward Shipment,FMINC_0f0a5b72-76eb-11f1-80e1-19a9f13314d9,Tamil Nadu
299937151,1355,2,pbsenterprises10 rp b2brc,49:27.4,04-08-2026 16:49,10-08-2026,`1343,"kakkar smart energy , kakkar",Nagpur,Sonipat,safeli atharav patange,,131028,1,11-08-2026,11-08-2026,Sonipat_Sector62_D (Haryana),11-08-2026 17:12,Delivered,Delivered,Delivered to Consignee,08-08-2026,11-08-2026 16:22,Pre-paid,5.43766E+13,LM POD document uploaded,,,,18:13.5,2000,2.73,22:37.0,22:37.0,1,,D1,Forward Shipment,310501841,Haryana
311329675,SAFELI,2,pbsenterprises10 rp b2brc,17:59.5,11-07-2026 14:42,13-07-2026,`44,"KAKKAR SMART ENERGY VENTURES LLP, KAKKAR SMART ENERGY VENTURES LLP",Bareilly,Sonipat,safeli sai e auto agency,,131028,1,13-07-2026,13-07-2026,Sonipat_Sector62_D (Haryana),14-07-2026 15:08,Delivered,Delivered,Delivered to Consignee,13-07-2026,13-07-2026 18:41,Pre-paid,5.43766E+13,Clean POD | As per POD audit,,,,29:33.8,15000,3.5,41:35.6,41:35.6,1,,B,Forward Shipment,304474980,Haryana
312526808,B60302D23A12219  5556313,2,pbsenterprises10 rp b2brc,28:56.1,30-07-2026 13:44,03-08-2026,`022/26-27,"SHREE SAI AUTO AGENCY, SHREE SAI AUTO AGENCY",Ahmedabad,Pune,jalaram lithium battery ampere b2b,,411027,1,04-08-2026,04-08-2026,Pune_GandharvNagari_L (Maharashtra),05-08-2026 17:41,Delivered,Delivered,Delivered to Consignee,03-08-2026,04-08-2026 18:25,Pre-paid,5.43766E+13,Clean POD | As per POD audit,,,,54:52.5,47200,15.82,25:17.9,25:17.9,1,,C1,Forward Shipment,309183000,Maharashtra
312429715,DCGN-9107/26-27,2,pbsenterprises10 rp b2brc,59:33.3,28-07-2026 19:26,04-08-2026,`DCGN-9107/26-27,"SAT SAHEB SOLAR SALES AND SERVICES, .",Noida,Bhind,fujiyama power system (panel),,477001,2,04-08-2026,05-08-2026,Bhind_EtwahDPP_D (Madhya Pradesh),06-08-2026 14:42,Delivered,Delivered,Delivered to Consignee,03-08-2026,05-08-2026 16:52,Pre-paid,5.43766E+13,Clean POD | As per POD audit,,,,49:09.2,44444,58.98,12:21.5,53:03.8,2,,B,Forward Shipment,308620847,Madhya Pradesh
313011498,B111002350124010-5563085,3,pbsenterprises10 rp b2brc,20:36.0,08-08-2026 17:34,14-08-2026,`894,"KABRA EXTRUSION TECHNIK LTDBATTRIXX , KABRA EXTRUSION TECHNIK LTDBATTRIXX",Jaipur,Pune,auto city motors,,410501,0,,,Pune_Bhamboli_L (Maharashtra),12-08-2026 07:44,Pending,Undelivered,Consignment Reached at Destination,14-08-2026,,Pre-paid,5.43766E+13,,,,,44:16.2,49000,18.41,,,,,D1,Forward Shipment,311611478,Maharashtra
312394594,A60391H12A17618   5557427,2,pbsenterprises10 rp b2brc,03:56.8,28-07-2026 15:43,03-08-2026,`7755,"AIMS ITALIA, AIMS ITALIA",Salem,Mumbai,oxygen energy enterprises ampere,,400072,1,04-08-2026,04-08-2026,Mumbai_AndheriEast_L (Maharashtra),06-08-2026 14:42,Delivered,Delivered,Delivered to Consignee,03-08-2026,04-08-2026 12:51,Pre-paid,5.43766E+13,Clean POD | As per POD audit,,,,06:47.6,49000,18.16,51:33.4,51:33.4,1,,D1,Forward Shipment,308389222,Maharashtra
312609791,DCGN-7711/26-27,2,pbsenterprises10 rp b2brc,01:01.0,31-07-2026 19:43,07-08-2026,`DCGN-7711/26-27,", HASIM ENTERPRISE",Noida,Murarai,fujiyama power system (panel),,731219,1,07-08-2026,07-08-2026,Murarai_Birbhumi_D (West Bengal),08-08-2026 17:14,Delivered,Delivered,Delivered to Consignee,07-08-2026,07-08-2026 20:54,Pre-paid,5.43766E+13,Clean POD | As per POD audit,,,,54:27.7,39185,49.24,54:48.4,54:48.4,1,,D1,Forward Shipment,309440961,West Bengal
313025688,B111001390248247-5563036,2,pbsenterprises10 rp b2brc,15:37.8,10-08-2026 14:17,17-08-2026,`94,"KABRA EXTRUSION TECHNIK LTDBATTRIXX , KABRA EXTRUSION TECHNIK LTDBATTRIXX",Tiruvannamalai,Pune,roman motors,,410501,0,,,Bangalore_Hoskote_GW (Karnataka),12-08-2026 11:55,In Transit,Undelivered,Consignment Dispatched from Origin City,17-08-2026,,Pre-paid,5.43766E+13,,,,,,49000,20.05,,,,,D1,Forward Shipment,311652519,Maharashtra
312901118,DCGN-9888/26-27,3,pbsenterprises10 rp b2brc,26:54.8,07-08-2026 19:25,13-08-2026,`DCGN-9888/26-27,"M.D.ELECTRIC SERVICE, ,",Noida,Morgram,fujiyama power system (panel),,731243,0,,,Berhampore_Mankara_I (West Bengal),12-08-2026 09:29,In Transit,Undelivered,Consignment Dispatched from Origin City,13-08-2026,,Pre-paid,5.43766E+13,,,,,,62833,49.4,,,,,D1,Forward Shipment,311278018,West Bengal
310819238,Bounce,2,pbsenterprises10 rp b2brc,40:25.9,29-06-2026 15:22,03-07-2026,`13,"Exicom Energy Systems Private Limited , .",Mau,Gurgaon,bounce unique automobile,,122015,1,03-07-2026,03-07-2026,Gurgaon_Sector17_L (Haryana),04-07-2026 12:43,Delivered,Delivered,Delivered to Consignee,03-07-2026,03-07-2026 13:12,Pre-paid,5.43766E+13,Clean POD | As per POD audit,,,,01:02.5,30000,14.98,12:35.2,12:35.2,1,,D1,Forward Shipment,301476911,Haryana
311615544,B1_51105_B_130135,7,pbsenterprises10 rp b2brc,09:15.5,15-07-2026 17:57,18-07-2026,`DC/UEPL/NGP/114,"KABRA EXTRUSION TECHNIK LTDBATTRIXX , KABRA EXTRUSION TECHNIK LTDBATTRIXX",Nagpur,Pune,upgrid nagpur-wh0088,,410501,1,21-07-2026,21-07-2026,Pune_Bhamboli_L (Maharashtra),22-07-2026 18:18,Delivered,Delivered,Delivered to Consignee,18-07-2026,21-07-2026 17:40,Pre-paid,5.43766E+13,Clean POD | As per POD audit,,,,26:25.1,120006,52.2,40:40.6,40:40.6,1,,D1,Forward Shipment,305175195,Maharashtra
312257462,RACHNA JI,3,pbsenterprises10 rp b2brc,27:49.6,28-07-2026 16:32,03-08-2026,`D-01092/26-27,"FUJIYAMA POWER SYSTEMS LIMITED, FUJIYAMA POWER SYSTEMS LIMITED",Darbhanga,Noida,rachna ji sonu 1075e,,201301,2,31-07-2026,01-08-2026,Noida_Surajpur_L (Uttar Pradesh),03-08-2026 16:25,Delivered,Delivered,Delivered to Consignee,03-08-2026,03-08-2026 10:10,Pre-paid,5.43766E+13,Clean POD | As per POD audit,,,,59:42.4,114972,55.5,10:21.8,10:21.8,1,,D1,Forward Shipment,308506323,Uttar Pradesh
310944858,A60391H124B11258 5554441,2,pbsenterprises10 rp b2brc,33:32.9,01-07-2026 13:48,06-07-2026,`1050,"BENZ INDIA PVT LTD, BENZ INDIA PVT LTD",Salem,Delhi,oxygen energy enterprises ampere,,110018,1,09-07-2026,09-07-2026,Delhi_RaghubirNagar_L (Delhi),10-07-2026 21:48,Delivered,Delivered,Delivered to Consignee,06-07-2026,09-07-2026 16:41,Pre-paid,5.43766E+13,Clean POD | As per POD audit,,,,11:28.7,49000,18.29,41:24.9,41:24.9,1,,D2,Forward Shipment,301995996,Delhi
312166356,6,3,pbsenterprises10 rp b2brc,36:28.9,23-07-2026 19:36,27-07-2026,`GSTINV/291,REDON LITHIUM INDUSTRIES PVT LTD,Allahabad,Noida,mahadeo agencies,,201315,2,27-07-2026,06-08-2026,Noida_Surajpur_L (Uttar Pradesh),07-08-2026 14:21,Delivered,Delivered,Delivered to Consignee,27-07-2026,06-08-2026 18:26,Pre-paid,5.43766E+13,Clean POD | As per POD audit,,,,28:41.7,27981,14.28,49:36.3,26:56.8,2,,D1,Forward Shipment,307244236,Uttar Pradesh
312526805,:DCGN-9232/26-27,2,pbsenterprises10 rp b2brc,28:52.3,30-07-2026 19:27,03-08-2026,`DCGN-9232/26-27,"MANJU WIRES, .",Noida,Gurgaon,fujiyama power system (panel),,122001,1,01-08-2026,01-08-2026,Gurgaon_Sector17_L (Haryana),01-08-2026 15:31,Delivered,Delivered,Delivered to Consignee,03-08-2026,01-08-2026 12:25,Pre-paid,5.43766E+13,Clean POD | As per POD audit,,,,14:15.0,113023,116,25:33.0,25:33.0,1,,A,Forward Shipment,309173980,Haryana
312536390,B111001390-178717  5558232,2,pbsenterprises10 rp b2brc,50:09.6,31-07-2026 18:58,08-08-2026,`Kamal858,"STANDARD ELECTRIC, STANDARD ELECTRIC",Abhanpur,Gurdaspur,kamal laxmi industrie ampere b2b,,143521,1,06-08-2026,06-08-2026,Gurdaspur_Civillines_D (Punjab),08-08-2026 14:56,Delivered,Delivered,Delivered to Consignee,08-08-2026,06-08-2026 13:49,Pre-paid,5.43766E+13,Clean POD | As per POD audit,,,,57:58.4,49000,17.04,50:10.6,50:10.6,1,,D2,Forward Shipment,309455764,Punjab
311256355,safeli,2,pbsenterprises10 rp b2brc,17:19.9,07-07-2026 18:11,10-07-2026,`AS-194,"Salma E Motor, Salma E Motor",Guwahati,Lakhipur,safeli assam kakkar smart energy ventures llp,,783129,1,09-07-2026,09-07-2026,Lakhipur_Ward2_D (Assam),14-07-2026 14:03,Delivered,Delivered,Delivered to Consignee,10-07-2026,09-07-2026 16:34,Pre-paid,5.43766E+13,Clean POD | As per POD audit,,,,40:10.1,1000,0.72,34:41.3,34:41.3,1,,E,Forward Shipment,303436641,Assam
313158673,RACHNA JI,2,pbsenterprises10 rp b2brc,01:28.2,11-08-2026 17:42,14-08-2026,`SM/NR/26/0493311,"RISHIKESH PAL, FUJIYAMA POWER SYSTEMS LIMITED-NOIDA 51,52",JalalabadUP,Noida,rachna ji mo sakib 1095e,,201308,0,,,Bareilly_Sathrapur_H (Uttar Pradesh),12-08-2026 12:47,In Transit,Undelivered,Consignment Dispatched from Origin City,14-08-2026,,Pre-paid,5.43766E+13,,,,,,401927,20,,,,,B,Forward Shipment,312396700,Uttar Pradesh
311190876,DCGN-6884/26-27,2,pbsenterprises10 rp b2brc,24:39.2,06-07-2026 19:02,10-07-2026,`DCGN-6884/26-27,"M/S HARDIK ELECTRICALSS, M/S HARDIK ELECTRICALS",Noida,Muzaffarnagar,fujiyama power system (panel),,251001,1,09-07-2026,09-07-2026,Muzaffarnagar_Transportnagar_D (Uttar Pradesh),10-07-2026 18:46,Delivered,Delivered,Delivered to Consignee,10-07-2026,09-07-2026 15:39,Pre-paid,5.43766E+13,Clean POD | As per POD audit,,,,07:22.2,39186,49.52,39:06.9,39:06.9,1,,B,Forward Shipment,303127210,Uttar Pradesh
311470750,ITP,3,pbsenterprises10 rp b2brc,56:11.7,11-07-2026 13:45,18-07-2026,`INV000109,"Boby Battery House, Boby Battery House",Gurgaon,Bhind,itp energy systems private limited,,477001,1,17-07-2026,17-07-2026,Bhind_EtwahDPP_D (Madhya Pradesh),18-07-2026 10:12,Delivered,Delivered,Delivered to Consignee,15-07-2026,17-07-2026 13:59,Pre-paid,5.43766E+13,Clean POD | As per POD audit,,,,33:10.3,105950,51.27,59:58.6,59:58.6,1,,B,Forward Shipment,304472447,Madhya Pradesh
311173484,B111001390254571-5552567,3,pbsenterprises10 rp b2brc,12:56.3,06-07-2026 14:30,13-07-2026,`845,"KABRA EXTRUSION TECHNIK LTDBATTRIXX , KABRA EXTRUSION TECHNIK LTDBATTRIXX",Muzaffarnagar,Pune,devansh electric automobiles,,410501,1,13-07-2026,13-07-2026,Pune_Bhamboli_L (Maharashtra),14-07-2026 15:58,Delivered,Delivered,Delivered to Consignee,13-07-2026,13-07-2026 16:34,Pre-paid,5.43766E+13,Clean POD | As per POD audit,,,,04:28.3,49000,20.14,34:20.9,34:20.9,1,,D2,Forward Shipment,303138516,Maharashtra
311322339,SAFELI,2,pbsenterprises10 rp b2brc,46:38.4,09-07-2026 15:35,13-07-2026,`34,"KAKKAR SMART ENERGY VENTURES LLP, KAKKAR SMART ENERGY VENTURES LLP",Aligarh,Sonipat,safeli anas electrical b2b,,131028,1,11-07-2026,11-07-2026,Sonipat_Sector42_P (Haryana),13-07-2026 14:53,Delivered,Delivered,Delivered to Consignee,13-07-2026,11-07-2026 13:43,Pre-paid,5.43766E+13,Clean POD | As per POD audit,,,,09:16.0,15000,48.36,43:39.2,43:39.2,1,,B,Forward Shipment,303969493,Haryana
312527149,DCGN-9233/26-27,2,pbsenterprises10 rp b2brc,32:37.4,30-07-2026 19:21,06-08-2026,`DCGN-9233/26-27,"KRISHNA SOLAR SYSTEM, .",Noida,Bajkul,fujiyama power system (panel),,721659,1,04-08-2026,04-08-2026,Bajkul_Kismat_D (West Bengal),05-08-2026 12:36,Delivered,Delivered,Delivered to Consignee,06-08-2026,04-08-2026 11:21,Pre-paid,5.43766E+13,Clean POD | As per POD audit,,,,00:20.5,37560,49.4,21:14.3,21:14.3,1,,D2,Forward Shipment,309173980,West Bengal
311045139,B111001390256569-5556834,4,pbsenterprises10 rp b2brc,44:35.8,03-07-2026 16:49,09-07-2026,`603,"KABRA EXTRUSION TECHNIK LTDBATTRIXX , KABRA EXTRUSION TECHNIK LTDBATTRIXX",Gurdaspur,Pune,standard electric,,410501,1,13-07-2026,13-07-2026,Pune_Bhamboli_L (Maharashtra),14-07-2026 16:34,Delivered,Delivered,Delivered to Consignee,09-07-2026,13-07-2026 16:35,Pre-paid,5.43766E+13,Clean POD | As per POD audit,,,,26:58.1,49000,20.76,35:04.1,35:04.1,1,,D2,Forward Shipment,302474479,Maharashtra
312697629,B121004760_120388,2,pbsenterprises10 rp b2brc,39:59.1,03-08-2026 18:12,08-08-2026,`11,"KABRA EXTRUSIONTECHNIK LTD, KABRA EXTRUSIONTECHNIK LTD",Etawah,Gurgaon,akshay enterprises (kab),,122004,1,10-08-2026,10-08-2026,Gurgaon_Sihi_L (Haryana),11-08-2026 17:53,Delivered,Delivered,Delivered to Consignee,08-08-2026,10-08-2026 20:51,Pre-paid,5.43766E+13,LM POD document uploaded,,,,14:47.5,48000,50.32,51:55.8,51:55.8,1,,B,Forward Shipment,309853352,Haryana
312003090,REDON,2,pbsenterprises10 rp b2brc,55:16.5,22-07-2026 18:43,27-07-2026,`378,"REDON LITHIUM BATTERIES LLP, .",Unnao,Noida,shakti services and spares,,201308,1,25-07-2026,25-07-2026,Noida_Surajpur_L (Uttar Pradesh),26-07-2026 10:49,Delivered,Delivered,Delivered to Consignee,27-07-2026,25-07-2026 13:44,Pre-paid,5.43766E+13,Clean POD | As per POD audit,,,,43:21.0,25000,11.18,44:25.6,44:25.6,1,,B,Forward Shipment,306987092,Uttar Pradesh
312362302,B1110012350123951-5560659,2,pbsenterprises10 rp b2brc,34:36.3,29-07-2026 16:43,04-08-2026,`211,"KABRA EXTRUSION TECHNIK LTDBATTRIXX , KABRA EXTRUSION TECHNIK LTDBATTRIXX",Bharatpur,Pune,khirwar motors,,410501,1,05-08-2026,05-08-2026,Pune_Bhamboli_L (Maharashtra),06-08-2026 14:43,Delivered,Delivered,Delivered to Consignee,04-08-2026,05-08-2026 17:01,Pre-paid,5.43766E+13,Clean POD | As per POD audit,,,,27:41.2,49000,17.92,01:39.6,01:39.6,1,,D1,Forward Shipment,308809325,Maharashtra
312757180,B111001390185695 5556828,2,pbsenterprises10 rp b2brc,28:56.1,07-08-2026 16:02,10-08-2026,`Kamal8321,"A.J. ENTERPRISES, A.J. ENTERPRISES",Abhanpur,Jabalpur,kamal laxmi industrie ampere b2b,,482002,1,10-08-2026,10-08-2026,Jabalpur_Binaiki1_H (Madhya Pradesh),12-08-2026 10:43,Delivered,Delivered,Delivered to Consignee,10-08-2026,10-08-2026 15:30,Pre-paid,5.43766E+13,Clean POD | As per POD audit,,,,32:28.2,49000,17.08,30:49.3,30:49.3,1,,B,Forward Shipment,FMINC_45cd3a47-924b-11f1-b753-37db00bbd465,Madhya Pradesh
312661917,B60381D22E11027  5452216,2,pbsenterprises10 rp b2brc,07:19.8,02-08-2026 16:38,11-08-2026,`Kamal9426,", KHIRWAR MOTORS",Abhanpur,Bharatpur,kamal laxmi industrie ampere b2b,,321001,1,12-08-2026,12-08-2026,Bharatpur_TransportNgr_D (Rajasthan),12-08-2026 12:49,Dispatched,Undelivered,Out for Delivery,10-08-2026,,Pre-paid,5.43766E+13,,,,,45:07.1,49000,15.8,,,,,D1,Forward Shipment,FMINC_9cf78b93-8e62-11f1-9cc7-f1b2deb69636,Rajasthan
311940168,B111001390229818-5559692,3,pbsenterprises10 rp b2brc,55:10.4,21-07-2026 18:28,27-07-2026,`671,"KABRA EXTRUSION TECHNIK LTDBATTRIXX , KABRA EXTRUSION TECHNIK LTDBATTRIXX",Chhindwara,Pune,jalsa automobile,,410501,1,25-07-2026,25-07-2026,Pune_Bhamboli_L (Maharashtra),26-07-2026 08:52,Delivered,Delivered,Delivered to Consignee,27-07-2026,25-07-2026 21:01,Pre-paid,5.43766E+13,Clean POD | As per POD audit,,,,28:29.0,49000,19.68,01:26.9,01:26.9,1,,D1,Forward Shipment,306658850,Maharashtra
311111415,REDON,2,pbsenterprises10 rp b2brc,15:42.4,04-07-2026 16:29,08-07-2026,`389,"REDON LITHIUM BATTERIES LLP, .",Ajmer,Noida,v k motors,,201308,1,13-07-2026,13-07-2026,Noida_Surajpur_L (Uttar Pradesh),14-07-2026 15:08,Delivered,Delivered,Delivered to Consignee,08-07-2026,13-07-2026 19:22,Pre-paid,5.43766E+13,Clean POD | As per POD audit,,,,28:04.5,30000,14.3,22:51.3,22:51.3,1,,B,Forward Shipment,302752492,Uttar Pradesh
311830710,E2W4830A29250315-5558468,2,pbsenterprises10 rp b2brc,07:45.7,18-07-2026 18:07,21-07-2026,`958,"KAMAL LAXMI INDUSTRIES-AMPERE, KAMAL LAXMI INDUSTRIES-AMPERE",Durg,Raipur,ashutosh electricals,,492015,1,21-07-2026,21-07-2026,Raipur_Devpuri_L (Chhattisgarh),23-07-2026 15:25,Delivered,Delivered,Delivered to Consignee,21-07-2026,21-07-2026 12:23,Pre-paid,5.43766E+13,Clean POD | As per POD audit,,,,25:38.5,49000,25,23:22.2,23:22.2,1,,B,Forward Shipment,306053894,Chhattisgarh
311643354,rachna ji,2,pbsenterprises10 rp b2brc,01:23.6,18-07-2026 11:37,22-07-2026,`SM/NR/26/0483875,"RISHIKESH PAL, FUJIYAMA POWER SYSTEMS LIMITED-NOIDA 51,52",Mungra Badshahpur,Noida,rachna ji abhishek kumar 5595c,,201308,1,23-07-2026,23-07-2026,Noida_Surajpur_L (Uttar Pradesh),24-07-2026 16:11,Delivered,Delivered,Delivered to Consignee,22-07-2026,23-07-2026 21:23,Pre-paid,5.43766E+13,Clean POD | As per POD audit,,,,31:23.9,35836,28.74,23:31.6,23:31.6,1,,D1,Forward Shipment,306196533,Uttar Pradesh
312566733,Supreme,2,pbsenterprises10 rp b2brc,37:52.4,31-07-2026 16:52,06-08-2026,`SLE/26-27/00277,"KITURA ENERGY SOLUTIONS, KITURA ENERGY SOLUTIONS",Noida,Bangalore,supreme e-94,,560100,1,10-08-2026,10-08-2026,Bangalore_Bommasandra1_L (Karnataka),10-08-2026 18:06,Delivered,Delivered,Delivered to Consignee,06-08-2026,10-08-2026 18:06,Pre-paid,5.43766E+13,Contactless Delivery -  Geofence not verified,,,,18:09.8,17281,12.22,06:59.1,06:59.1,1,,C2,Forward Shipment,309475200,Karnataka
311938587,A60380123C19381-5487941,2,pbsenterprises10 rp b2brc,34:48.2,21-07-2026 13:21,25-07-2026,`598,"OXYGEN ENERGY ENTERPRISES-AMPERE, OXYGEN ENERGY ENTERPRISES-AMPERE",Visakhapatnam,Salem,sri prasanna motors,,636006,1,27-07-2026,27-07-2026,Salem_Ramalingapuram_H (Tamil Nadu),28-07-2026 17:44,Delivered,Delivered,Delivered to Consignee,25-07-2026,27-07-2026 16:30,Pre-paid,5.43766E+13,Clean POD | As per POD audit,,,,53:56.4,49000,15.98,30:59.2,30:59.2,1,,D1,Forward Shipment,306654602,Tamil Nadu
311266916,E2W4830A14250185-5557656,2,pbsenterprises10 rp b2brc,12:58.4,10-07-2026 17:36,15-07-2026,`863,"CYGNI ENERGY PRIVATE LIMITED, CYGNI ENERGY PRIVATE LIMITED",Sankaramangalam,Hyderabad,cm motors-pattambi,,501359,1,15-07-2026,15-07-2026,Hyderabad_Shamshbd_H (Telangana),16-07-2026 16:31,Delivered,Delivered,Delivered to Consignee,15-07-2026,15-07-2026 18:50,Pre-paid,5.43766E+13,Clean POD | As per POD audit,,,,09:50.9,49000,15.64,50:11.1,50:11.1,1,,D1,Forward Shipment,304213497,Telangana
312662086,B111001390235421-5562439,2,pbsenterprises10 rp b2brc,09:22.0,01-08-2026 16:08,05-08-2026,`910,", KABRA EXTRUSION TECHNIK LTD BATTRIXX",Jhunjhunu,Pune,national motors-jhunjhunu,,410501,1,06-08-2026,06-08-2026,Pune_Bhamboli_L (Maharashtra),08-08-2026 17:13,Delivered,Delivered,Delivered to Consignee,05-08-2026,07-08-2026 19:40,Pre-paid,5.43766E+13,Clean POD | As per POD audit,,,,35:56.8,49000,20.26,40:25.3,40:25.3,1,,D1,Forward Shipment,309746361,Maharashtra
312543832,B111001390271353-5561913,2,pbsenterprises10 rp b2brc,07:17.6,30-07-2026 17:23,04-08-2026,`895,"KABRA EXTRUSION TECHNIK LTDBATTRIXX , KABRA EXTRUSION TECHNIK LTDBATTRIXX",Salem,Pune,krs enterprises-salem,,410501,1,07-08-2026,07-08-2026,Pune_Bhamboli_L (Maharashtra),08-08-2026 17:38,Delivered,Delivered,Delivered to Consignee,04-08-2026,07-08-2026 19:09,Pre-paid,5.43766E+13,Clean POD | As per POD audit,,,,42:20.7,49000,20.17,09:56.8,09:56.8,1,,D1,Forward Shipment,309220395,Maharashtra
312848368,23,2,pbsenterprises10 rp b2brc,02:20.4,05-08-2026 14:02,08-08-2026,`3,Clean Electric Private Limited,Ahmedabad,Pune,bounce suresh mewara,,410501,2,11-08-2026,12-08-2026,Pune_Bhamboli_L (Maharashtra),12-08-2026 11:44,Dispatched,Undelivered,Out for Delivery,08-08-2026,,Pre-paid,5.43766E+13,,,,,07:02.3,45000,16.02,58:48.0,58:48.0,1,,C1,Forward Shipment,310774896,Maharashtra
311561036,B60381B22E10235-5556806,2,pbsenterprises10 rp b2brc,45:33.9,15-07-2026 12:13,21-07-2026,`870,"KAMAL LAXMI INDUSTRIES-AMPERE, KAMAL LAXMI INDUSTRIES-AMPERE",Mansa,Raipur,unique distributors,,492015,1,21-07-2026,21-07-2026,Raipur_Devpuri_L (Chhattisgarh),23-07-2026 12:31,Delivered,Delivered,Delivered to Consignee,21-07-2026,21-07-2026 12:17,Pre-paid,5.43766E+13,Clean POD | As per POD audit,,,,48:16.6,49000,16.27,17:22.0,17:22.0,1,,D2,Forward Shipment,304925717,Chhattisgarh
312062648,Bounce,2,pbsenterprises10 rp b2brc,09:12.3,22-07-2026 20:59,27-07-2026,`D/26-27/139,"Vecmocon Technologies Pvt Ltd, .",Bangalore,Hyderabad,bounce exicom energy systems private limited bangalore,,500090,1,25-07-2026,25-07-2026,Hyderabad_BalanagarPhase2_L (Telangana),25-07-2026 16:08,Delivered,Delivered,Delivered to Consignee,27-07-2026,25-07-2026 16:08,Pre-paid,5.43766E+13,Contactless Delivery -  Geofence not verified,,,,23:41.7,45000,12.58,08:37.5,08:37.5,1,,C1,Forward Shipment,307176977,Telangana
312639916,DCGN-9477/26-27,3,pbsenterprises10 rp b2brc,29:51.4,01-08-2026 18:04,10-08-2026,`DCGN-9477/26-27,", ROZE SOLAR SOLUTIONS PRIVATE LIMITED",Noida,Kottayam,fujiyama power system (panel),,686632,1,08-08-2026,08-08-2026,Kottayam_Ettumanoor_H (Kerala),10-08-2026 12:20,Delivered,Delivered,Delivered to Consignee,10-08-2026,08-08-2026 13:07,Pre-paid,5.43766E+13,Clean POD | As per POD audit,,,,51:19.8,56158,10.53,07:25.3,07:25.3,1,,D2,Forward Shipment,309711732,Kerala
312980867,B1_51105_B_129333,7,pbsenterprises10 rp b2brc,22:50.7,08-08-2026 17:28,11-08-2026,`DC/UEPL/NGP/124,"KABRA EXTRUSION TECHNIK LTDBATTRIXX , KABRA EXTRUSION TECHNIK LTDBATTRIXX",Nagpur,Pune,upgrid nagpur-wh0088,,410501,1,11-08-2026,11-08-2026,Pune_Bhamboli_L (Maharashtra),11-08-2026 16:20,Dispatched,Undelivered,Out for Delivery,11-08-2026,,Pre-paid,5.43766E+13,,,,,28:25.2,120006,51.06,,,,,D1,Forward Shipment,311405531,Maharashtra
312404527,DCGN-9059/26-27,2,pbsenterprises10 rp b2brc,41:45.9,28-07-2026 19:29,01-08-2026,`DCGN-9059/26-27,"SHEKHAR ELECTRONIC & BATTERY, .",Noida,Shahjahanpur,fujiyama power system (panel),,242001,1,01-08-2026,01-08-2026,Shahjahanpur_AvasVikas_D (Uttar Pradesh),01-08-2026 21:39,Delivered,Delivered,Delivered to Consignee,01-08-2026,01-08-2026 18:19,Pre-paid,5.43766E+13,Clean POD | As per POD audit,,,,03:21.0,27195,28.24,20:04.8,20:04.8,1,,B,Forward Shipment,308620847,Uttar Pradesh
312685834,5561915-5559439,3,pbsenterprises10 rp b2brc,52:53.4,01-08-2026 21:52,06-08-2026,`176,"KABRA EXTRUSION TECHNIK LTDBATTRIXX , KABRA EXTRUSION TECHNIK LTDBATTRIXX",Pusad,Pune,devkrupa auto mobiles and servicesing ce,,410501,1,07-08-2026,07-08-2026,Pune_Bhamboli_L (Maharashtra),08-08-2026 14:52,Delivered,Delivered,Delivered to Consignee,06-08-2026,07-08-2026 18:31,Pre-paid,5.43766E+13,Clean POD | As per POD audit,,,,39:29.7,49000,20.92,32:01.1,32:01.1,1,,D1,Forward Shipment,309773190,Maharashtra
312896885,REDON,2,pbsenterprises10 rp b2brc,42:34.0,07-08-2026 14:14,11-08-2026,`791,"REDON LITHIUM BATTERIES LLP, .",Keshoraipatan,Noida,redon mahadev enterprises,,201308,0,,,Kota_IndustrialArea_H (Rajasthan),10-08-2026 17:50,In Transit,Undelivered,Consignment Dispatched from Origin City,11-08-2026,,Pre-paid,5.43766E+13,Source - GI,,,,,23000,17.78,,,,,B,Forward Shipment,311319704,Uttar Pradesh
312163368,RACHNA JI,2,pbsenterprises10 rp b2brc,47:05.1,25-07-2026 15:44,30-07-2026,`SM/NR/26/0487508,"FUJIYAMA POWER SYSTEMS LIMITED, FUJIYAMA POWER SYSTEMS LIMITED",Purnia,Noida,rachna ji vikash kumar 5546d,,201301,1,30-07-2026,30-07-2026,Noida_Surajpur_L (Uttar Pradesh),31-07-2026 23:33,Delivered,Delivered,Delivered to Consignee,30-07-2026,31-07-2026 12:52,Pre-paid,5.43766E+13,Clean POD | As per POD audit,,,,33:23.6,48368,50.15,52:14.7,52:14.7,1,,D1,Forward Shipment,307954491,Uttar Pradesh
312840410,Supreme,3,pbsenterprises10 rp b2brc,24:56.7,05-08-2026 17:20,15-08-2026,`DC/26-27/0031,"Ratna kanth, Ratna kanth",Pune,Sindhanur,supreme pesh industrial premises,,583229,1,12-08-2026,12-08-2026,Sindhanur_Karatagi1_D (Karnataka),12-08-2026 10:00,Dispatched,Undelivered,Out for Delivery,10-08-2026,,Pre-paid,5.43766E+13,,,,,37:00.2,49702,9.36,,,,,D1,Forward Shipment,310772647,Karnataka
312164977,GEON INTIGRATED 1250,2,pbsenterprises10 rp b2brc,08:17.9,24-07-2026 18:37,30-07-2026,`S/DC/26-27/4,"KABRA EXTRUSIONTECHNIK LTD , KABRA EXTRUSIONTECHNIK LTD",Chitradurga,Gurgaon,sri siddeshwara sales and service,,122004,1,30-07-2026,30-07-2026,Gurgaon_Sihi_L (Haryana),31-07-2026 12:47,Delivered,Delivered,Delivered to Consignee,30-07-2026,30-07-2026 18:31,Pre-paid,5.43766E+13,Clean POD | As per POD audit,,,,15:08.3,11800,20.14,31:54.0,31:54.0,1,,D2,Forward Shipment,307534259,Haryana
311933403,REDON,2,pbsenterprises10 rp b2brc,33:07.7,21-07-2026 17:36,27-07-2026,`MA/045,"REDON LITHIUM BATTERIES LLP, .",Siliguri,Noida,madan automobile,,201308,1,27-07-2026,27-07-2026,Noida_Surajpur_L (Uttar Pradesh),27-07-2026 17:54,Delivered,Delivered,Delivered to Consignee,27-07-2026,27-07-2026 17:54,Pre-paid,5.43766E+13,Geofence verified,,,,31:53.6,24999,15.83,54:43.8,54:43.8,1,,D1,Forward Shipment,306628266,Uttar Pradesh
313196468,A60391H124B07166  5560491,2,pbsenterprises10 rp b2brc,39:17.6,,,`505,"SV MOTORS, SV MOTORS",Salem,Karim Nagar,oxygen energy enterprises ampere,,505001,0,,,Salem_Ramalingapuram_H (Tamil Nadu),12-08-2026 12:39,Manifested,Undelivered,Consignment Manifested,,,Pre-paid,5.43766E+13,,,,,,49000,20,,,,,D1,Forward Shipment,,Telangana
311737615,B111001390206244-5558966,2,pbsenterprises10 rp b2brc,49:39.9,17-07-2026 13:03,23-07-2026,`877,"KABRA EXTRUSION TECHNIK LTDBATTRIXX , KABRA EXTRUSION TECHNIK LTDBATTRIXX",Palakkad,Pune,dynamic enterprises,,410501,1,25-07-2026,25-07-2026,Pune_Bhamboli_L (Maharashtra),26-07-2026 08:50,Delivered,Delivered,Delivered to Consignee,23-07-2026,25-07-2026 21:01,Pre-paid,5.43766E+13,Clean POD | As per POD audit,,,,34:47.4,49000,20.78,01:55.2,01:55.2,1,,D1,Forward Shipment,305743885,Maharashtra
310946547,AX28082500011,2,pbsenterprises10 rp b2brc,03:59.4,02-07-2026 17:15,07-07-2026,`11,"KABRA EXTRUSIONTECHNIK LTD, KABRA EXTRUSIONTECHNIK LTD",Lucknow,Gurgaon,tata autocomp gy batteries pvt ltd (kab),,122004,3,13-07-2026,15-07-2026,Gurgaon_Hasanpur2_D (Haryana),18-07-2026 19:48,Delivered,Delivered,Delivered to Consignee,06-07-2026,15-07-2026 17:36,Pre-paid,5.43766E+13,Clean POD | As per POD audit,,,,08:55.2,6000,2.98,41:24.2,36:48.2,3,,D1,Forward Shipment,302005041,Haryana
311114289,B111001390232265-5557531,2,pbsenterprises10 rp b2brc,53:56.3,06-07-2026 19:41,11-07-2026,`858,"KABRA EXTRUSION TECHNIK LTDBATTRIXX , KABRA EXTRUSION TECHNIK LTDBATTRIXX",Hyderabad,Pune,ankur motors,,410501,1,13-07-2026,13-07-2026,Pune_Bhamboli_L (Maharashtra),14-07-2026 17:25,Delivered,Delivered,Delivered to Consignee,11-07-2026,13-07-2026 16:34,Pre-paid,5.43766E+13,Clean POD | As per POD audit,,,,43:13.6,49000,20,34:54.1,34:54.1,1,,C1,Forward Shipment,303125469,Maharashtra
312199240,B111001390250992-5561242,2,pbsenterprises10 rp b2brc,55:13.0,24-07-2026 14:50,30-07-2026,`1,"KABRA EXTRUSION TECHNIK LTDBATTRIXX , KABRA EXTRUSION TECHNIK LTDBATTRIXX",Vijayawada,Pune,rr automotives,,410501,1,04-08-2026,04-08-2026,Pune_Bhamboli_L (Maharashtra),05-08-2026 17:04,Delivered,Delivered,Delivered to Consignee,30-07-2026,04-08-2026 16:07,Pre-paid,5.43766E+13,Clean POD | As per POD audit,,,,48:21.4,48000,20.33,07:15.2,07:15.2,1,,D1,Forward Shipment,307721428,Maharashtra
311606563,DCGN-7510/26-27,2,pbsenterprises10 rp b2brc,31:12.7,17-07-2026 07:14,23-07-2026,`DCGN-7510/26-27,"HEMANTA BATTERY ENTERPRISES, .",Noida,Kolkata,fujiyama power system (panel),,700006,1,21-07-2026,21-07-2026,Kolkata_Bagmari_L (West Bengal),23-07-2026 10:55,Delivered,Delivered,Delivered to Consignee,23-07-2026,21-07-2026 12:05,Pre-paid,5.43766E+13,Clean POD | As per POD audit,,,,55:08.7,124036,50,05:27.7,05:27.7,1,,C2,Forward Shipment,FMINC_ff81d1ee-8180-11f1-8622-930937f88e07,West Bengal
312394805,REDON,3,pbsenterprises10 rp b2brc,06:09.3,28-07-2026 17:31,03-08-2026,`MA/047,"REDON LITHIUM BATTERIES LLP, .",Dankuni,Noida,gowith green e vehicles pvt. ltd.,,201308,1,04-08-2026,04-08-2026,Noida_Surajpur_L (Uttar Pradesh),07-08-2026 17:40,Delivered,Delivered,Delivered to Consignee,03-08-2026,05-08-2026 12:00,Pre-paid,5.43766E+13,Clean POD | As per POD audit,,,,39:47.8,40000,15.6,00:13.4,00:13.4,1,,C2,Forward Shipment,308641860,Uttar Pradesh
313032919,A60380823C26454-5563379,2,pbsenterprises10 rp b2brc,37:38.4,10-08-2026 16:33,12-08-2026,`802,"KAMAL LAXMI INDUSTRIES-AMPERE, KAMAL LAXMI INDUSTRIES-AMPERE",Bargarh,Raipur,tibrewal electric vehicle,,492015,0,,,Sambalpur_Hirakud_H (Orissa),12-08-2026 08:27,In Transit,Undelivered,Consignment Dispatched from Origin City,12-08-2026,,Pre-paid,5.43766E+13,"L:46.0, B:30.6, H:27.9, W:16400.0, V:39272.0, Rv:31058.6",,,,,49000,16.4,,,,,B,Forward Shipment,311672548,Chhattisgarh
311259982,B111001390268135-5557347,3,pbsenterprises10 rp b2brc,56:13.6,08-07-2026 19:35,16-07-2026,`835,"KABRA EXTRUSION TECHNIK LTDBATTRIXX , KABRA EXTRUSION TECHNIK LTDBATTRIXX",Ulundurpet,Pune,sri harsitha e bikes,,410501,2,14-07-2026,15-07-2026,Pune_Bhamboli_L (Maharashtra),16-07-2026 19:38,Delivered,Delivered,Delivered to Consignee,16-07-2026,15-07-2026 13:43,Pre-paid,5.43766E+13,Clean POD | As per POD audit,,,,28:28.4,49000,20.46,44:02.3,44:02.3,1,,D1,Forward Shipment,303476220,Maharashtra
311953332,E2W4830A11250028- 5558821,2,pbsenterprises10 rp b2brc,14:56.5,21-07-2026 15:23,27-07-2026,`1,"CYGNI ENERGY PRIVATE LIMITED, CYGNI ENERGY PRIVATE LIMITED",Alappuzha,Hyderabad,kings group,,501359,1,28-07-2026,28-07-2026,Hyderabad_Shamshbd_H (Telangana),29-07-2026 15:19,Delivered,Delivered,Delivered to Consignee,27-07-2026,28-07-2026 18:07,Pre-paid,5.43766E+13,Clean POD | As per POD audit,,,,11:34.8,21000,15.72,07:32.7,07:32.7,1,,D1,Forward Shipment,306679042,Telangana
311297968,1,2,pbsenterprises10 rp b2brc,06:26.3,09-07-2026 14:29,13-07-2026,`1,Kakkar smart energy ventures LLP,Chandausi,Sonipat,safeli new raj motors,,131028,1,13-07-2026,13-07-2026,Sonipat_Sector42_P (Haryana),15-07-2026 10:31,Delivered,Delivered,Delivered to Consignee,13-07-2026,13-07-2026 16:55,Pre-paid,5.43766E+13,Clean POD | As per POD audit,,,,03:04.3,24000,49.96,55:34.3,55:34.3,1,,B,Forward Shipment,FMINC_9252079c-7b74-11f1-8412-930937f88e07,Haryana
311352551,Neha Ji,3,pbsenterprises10 rp b2brc,30:34.1,09-07-2026 15:41,13-07-2026,`01,"Exicom Energy systems Pvt Limited, .",Dehradun,Gurgaon,bounce basheera rider,,122015,1,13-07-2026,13-07-2026,Gurgaon_Sector17_L (Haryana),14-07-2026 16:46,Delivered,Delivered,Delivered to Consignee,13-07-2026,13-07-2026 18:51,Pre-paid,5.43766E+13,Clean POD | As per POD audit,,,,43:11.5,11800,14.17,51:13.5,51:13.5,1,,B,Forward Shipment,303952768,Haryana
312505405,rachna ji,3,pbsenterprises10 rp b2brc,02:32.5,31-07-2026 19:47,07-08-2026,`D-010192/26-27,"FUJIYAMA POWER SYSTEMS LIMITED, FUJIYAMA POWER SYSTEMS LIMITED",Samastipur,Noida,rachna ji ajeet kumar 5520c,,201301,1,06-08-2026,06-08-2026,Noida_Surajpur_L (Uttar Pradesh),08-08-2026 19:41,Delivered,Delivered,Delivered to Consignee,07-08-2026,06-08-2026 18:02,Pre-paid,5.43766E+13,Clean POD | As per POD audit,,,,50:07.9,114972,33.63,02:57.3,02:57.3,1,,D1,Forward Shipment,309283021,Uttar Pradesh
311358692,GEO300001HIP250800332,2,pbsenterprises10 rp b2brc,43:43.3,09-07-2026 16:14,13-07-2026,`11,"KABRA EXTRUSIONTECHNIK LTD, KABRA EXTRUSIONTECHNIK LTD",Farrukhabad,Gurgaon,j.j enterprices (kab),,122004,1,17-07-2026,17-07-2026,Gurgaon_Sihi_L (Haryana),18-07-2026 10:14,Delivered,Delivered,Delivered to Consignee,13-07-2026,17-07-2026 14:44,Pre-paid,5.43766E+13,Clean POD | As per POD audit,,,,38:50.3,49000,24.18,44:43.4,44:43.4,1,,B,Forward Shipment,303969703,Haryana
312816544,GE0550002SHT260400299,3,pbsenterprises10 rp b2brc,51:39.3,05-08-2026 12:48,11-08-2026,`M72627-6,"KABRA EXTRUSION TECHNIK-GURUGRAM , KABRA EXTRUSION TECHNIK-GURUGRAM",Ahmednagar,Gurgaon,battery power solutions (kab)),,122004,1,11-08-2026,11-08-2026,Gurgaon_Sihi_L (Haryana),12-08-2026 13:14,Delivered,Delivered,Delivered to Consignee,11-08-2026,11-08-2026 16:35,Pre-paid,5.43766E+13,LM POD document uploaded,,,,52:28.1,40000,45.08,35:16.0,35:16.0,1,,D1,Forward Shipment,310584708,Haryana
310941685,REDON,3,pbsenterprises10 rp b2brc,45:37.6,04-07-2026 21:56,11-07-2026,`381,"REDON LITHIUM BATTERIES LLP, .",Anjar,Noida,volt vision ev,,201308,1,13-07-2026,13-07-2026,Noida_Surajpur_L (Uttar Pradesh),22-07-2026 15:44,Delivered,Delivered,Delivered to Consignee,11-07-2026,13-07-2026 18:58,Pre-paid,5.43766E+13,Clean POD | As per POD audit,,,,51:43.9,35000,14.08,58:35.9,58:35.9,1,,D1,Forward Shipment,302736244,Uttar Pradesh
312406280,B111001390179291-5558996,2,pbsenterprises10 rp b2brc,02:10.2,28-07-2026 21:15,04-08-2026,`254,"KABRA EXTRUSION TECHNIK LTDBATTRIXX , KABRA EXTRUSION TECHNIK LTDBATTRIXX",Sikar,Pune,national motors-sikar,,410501,0,,12-08-2026,Sikar_IndustrialArea_I (Rajasthan),12-08-2026 11:29,Dispatched,Returned,Out for RTO Delivery,04-08-2026,,Pre-paid,5.43766E+13,,03-08-2026,,,,49000,16.5,,,,23:54.6,D1,Forward Shipment,308667502,Maharashtra
312400377,A48281E24H07320 5558290,2,pbsenterprises10 rp b2brc,57:40.9,29-07-2026 17:55,06-08-2026,`5005,"DEVANSH ELECTRIC, DEVANSH ELECTRIC",Abhanpur,Muzaffarnagar,kamal laxmi industrie ampere b2b,,251001,0,,,Muzaffarnagar_Transportnagar_D (Uttar Pradesh),12-08-2026 12:15,Pending,Undelivered,Consignment Reached at Destination,04-08-2026,,Pre-paid,5.43766E+13,,,,,15:42.0,49000,10.2,,,,,D1,Forward Shipment,FMINC_914c7040-8b48-11f1-befd-291932d3a787,Uttar Pradesh
313009135,REDON,2,pbsenterprises10 rp b2brc,51:08.4,,,`801,"REDON LITHIUM BATTERIES LLP, .",Pune,Noida,e throttle corp (new),,201308,0,,,Pune_Muktainagar_L (Maharashtra),08-08-2026 12:51,Manifested,Undelivered,Consignment Manifested,,,Pre-paid,5.43766E+13,,,,,,18000,20,,,,,C2,Forward Shipment,,Uttar Pradesh
311211582,B111001390233352-5557513,3,pbsenterprises10 rp b2brc,18:17.6,07-07-2026 22:09,14-07-2026,`793,"KABRA EXTRUSION TECHNIK LTDBATTRIXX , KABRA EXTRUSION TECHNIK LTDBATTRIXX",Bhuj,Pune,rajarshi ev,,410501,1,15-07-2026,15-07-2026,Pune_Bhamboli_L (Maharashtra),16-07-2026 19:37,Delivered,Delivered,Delivered to Consignee,14-07-2026,15-07-2026 13:41,Pre-paid,5.43766E+13,Clean POD | As per POD audit,,,,56:31.8,49000,19.51,41:41.8,41:41.8,1,,D1,Forward Shipment,303246506,Maharashtra
311128487,A60380622L27170   5553666,2,pbsenterprises10 rp b2brc,25:28.6,04-07-2026 20:40,09-07-2026,`1072,"M/S TIBREWAL ELECRIC, M/S TIBREWAL ELECRIC",Raipur,Bargarh,kamal laxami ampere brc,,768028,1,09-07-2026,09-07-2026,Bargarh_Govindpali_D (Orissa),10-07-2026 17:16,Delivered,Delivered,Delivered to Consignee,08-07-2026,09-07-2026 17:54,Pre-paid,5.43766E+13,Clean POD | As per POD audit,,,,22:50.3,49000,16.38,54:56.4,54:56.4,1,,B,Forward Shipment,302753308,Orissa
311482145,rachna ji,2,pbsenterprises10 rp b2brc,20:56.2,11-07-2026 16:31,14-07-2026,`SM/NR/26/0483937,"RISHIKESH PAL, FUJIYAMA POWER SYSTEMS LIMITED-NOIDA 51,52",Patti-UP,Noida,rachna ji shamshad ali 5538e,,201308,1,17-07-2026,17-07-2026,Noida_Surajpur_L (Uttar Pradesh),18-07-2026 10:13,Delivered,Delivered,Delivered to Consignee,14-07-2026,17-07-2026 19:28,Pre-paid,5.43766E+13,Clean POD | As per POD audit,,,,16:41.1,49000,50.88,28:31.8,28:31.8,1,,D1,Forward Shipment,304499462,Uttar Pradesh
311073677,B111001390234409-5556723,2,pbsenterprises10 rp b2brc,08:07.5,04-07-2026 13:15,08-07-2026,`1,"KABRA EXTRUSION TECHNIK LTDBATTRIXX , KABRA EXTRUSION TECHNIK LTDBATTRIXX",Jalgaon,Pune,kalpana motors,,410501,1,11-07-2026,11-07-2026,Pune_Bhamboli_L (Maharashtra),13-07-2026 13:12,Delivered,Delivered,Delivered to Consignee,08-07-2026,11-07-2026 17:59,Pre-paid,5.43766E+13,Clean POD | As per POD audit,,,,51:30.8,40000,20.08,59:34.4,59:34.4,1,,B,Forward Shipment,302551089,Maharashtra
312126966,A48281C24H08429  5557456,2,pbsenterprises10 rp b2brc,58:51.7,23-07-2026 14:02,27-07-2026,`92000,"RS GREEN MOTORS, RS GREEN MOTORS",Salem,Arakkonam,oxygen energy enterprises ampere,,631003,1,27-07-2026,27-07-2026,Arakkonam_Ramdasnagar_D (Tamil Nadu),29-07-2026 15:15,Delivered,Delivered,Delivered to Consignee,27-07-2026,27-07-2026 10:55,Pre-paid,5.43766E+13,Clean POD | As per POD audit,,,,30:15.9,49000,10.28,55:17.2,55:17.2,1,,B,Forward Shipment,307411423,Tamil Nadu
312259590,SAFELI,2,pbsenterprises10 rp b2brc,50:37.1,25-07-2026 18:48,29-07-2026,`4,"KAKKAR SMART ENERGY VENTURES LLP, ASSAM KAKKAR SMART ENERGY VENTURES LLP",Dibrugarh,Guwahati,"safeli m/s overdrive motors,",,781035,1,28-07-2026,28-07-2026,Guwahati_Kaikchi1_L (Assam),30-07-2026 10:36,Delivered,Delivered,Delivered to Consignee,29-07-2026,28-07-2026 18:19,Pre-paid,5.43766E+13,Clean POD | As per POD audit,,,,10:32.3,15000,59,19:06.4,19:06.4,1,,E,Forward Shipment,307975656,Assam
312525776,B111001390211470-5560478,3,pbsenterprises10 rp b2brc,15:47.1,30-07-2026 14:37,03-08-2026,`925,"KABRA EXTRUSION TECHNIK LTDBATTRIXX , KABRA EXTRUSION TECHNIK LTDBATTRIXX",Ahmedabad,Pune,mihir e-bikes,,410501,1,05-08-2026,05-08-2026,Pune_Bhamboli_L (Maharashtra),06-08-2026 14:43,Delivered,Delivered,Delivered to Consignee,03-08-2026,05-08-2026 17:04,Pre-paid,5.43766E+13,Clean POD | As per POD audit,,,,02:13.8,49000,20.06,05:03.0,05:03.0,1,,C1,Forward Shipment,309179983,Maharashtra
312643652,309481157,2,pbsenterprises10 rp b2brc,51:40.5,31-07-2026 20:51,05-08-2026,`1,"I POWER BATTERIES PVT.LTD, I POWER BATTERIES PVT.LTD",Rewa,Sonipat,safeli shree ram enterprises,,131028,1,06-08-2026,06-08-2026,Sonipat_Sector42_P (Haryana),08-08-2026 11:15,Delivered,Delivered,Delivered to Consignee,05-08-2026,06-08-2026 19:39,Pre-paid,5.43766E+13,Clean POD | As per POD audit,,,,53:42.8,45000,49.58,39:14.4,39:14.4,1,,D1,Forward Shipment,309481157,Haryana
311753405,B111001390251071-5559765,2,pbsenterprises10 rp b2brc,27:17.9,17-07-2026 15:45,22-07-2026,`165,"KABRA EXTRUSION TECHNIK LTDBATTRIXX , KABRA EXTRUSION TECHNIK LTDBATTRIXX",Agra,Pune,suman e-vehicles,,410501,1,22-07-2026,22-07-2026,Pune_Bhamboli_L (Maharashtra),24-07-2026 16:54,Delivered,Delivered,Delivered to Consignee,22-07-2026,23-07-2026 18:59,Pre-paid,5.43766E+13,Clean POD | As per POD audit,,,,18:28.0,49000,20.1,59:44.4,59:44.4,1,,D1,Forward Shipment,305762666,Maharashtra
313008613,Bounce,2,pbsenterprises10 rp b2brc,44:53.9,08-08-2026 19:24,14-08-2026,`26,"Exicom Energy Systems Private Limited , .",Ambikapur,Gurgaon,bounce sharma automotive,,122015,1,12-08-2026,12-08-2026,Gurgaon_Sector17_L (Haryana),12-08-2026 11:19,Dispatched,Undelivered,Out for Delivery,14-08-2026,,Pre-paid,5.43766E+13,,,,,19:08.8,45000,14.38,,,,,D1,Forward Shipment,311602807,Haryana
311182497,SAFELI,3,pbsenterprises10 rp b2brc,43:07.5,10-07-2026 19:29,14-07-2026,`T45,"KAKKAR SMART ENERGY VENTURES LLP, KAKKAR SMART ENERGY VENTURES LLP",Sambhal,Sonipat,safeli green enterprises,,131028,1,15-07-2026,15-07-2026,Sonipat_Sector42_P (Haryana),17-07-2026 10:39,Delivered,Delivered,Delivered to Consignee,14-07-2026,15-07-2026 16:43,Pre-paid,5.43766E+13,Clean POD | As per POD audit,,,,56:06.9,15000,51.94,43:53.4,43:53.4,1,,B,Forward Shipment,304238135,Haryana
312403544,SAFELI,2,pbsenterprises10 rp b2brc,31:32.7,30-07-2026 19:25,03-08-2026,`12,"KAKKAR SMART ENERGY VENTURES LLP, KAKKAR SMART ENERGY VENTURES LLP",Shamli,Sonipat,safeli shiv inverter and battery,,131028,1,04-08-2026,04-08-2026,Sonipat_Sector42_P (Haryana),06-08-2026 11:56,Delivered,Delivered,Delivered to Consignee,03-08-2026,04-08-2026 10:53,Pre-paid,5.43766E+13,Clean POD | As per POD audit,,,,54:34.6,15000,20.11,53:31.5,53:31.5,1,,B,Forward Shipment,309217226,Haryana
312428686,DCGN-9090/26-27,2,pbsenterprises10 rp b2brc,50:48.2,29-07-2026 20:27,06-08-2026,`DCGN-9090/26-27,"ZEUS ENERGY CORP LLP , .",Noida,Cochin,fujiyama power system (panel),,683503,1,08-08-2026,08-08-2026,Cochin_Kalamassery_H (Kerala),10-08-2026 15:24,Delivered,Delivered,Delivered to Consignee,06-08-2026,08-08-2026 17:48,Pre-paid,5.43766E+13,Clean POD | As per POD audit,,,,32:37.8,7700,58.6,48:54.3,48:54.3,1,,D2,Forward Shipment,309036872,Kerala
312918873,B111001390253711-5559270,2,pbsenterprises10 rp b2brc,09:03.0,,,`883,"KABRA EXTRUSION TECHNIK LTDBATTRIXX , KABRA EXTRUSION TECHNIK LTDBATTRIXX",Pune,Pune,shree sai auto (new),,410501,0,,,Pune_GandharvNagari_L (Maharashtra),07-08-2026 15:39,Manifested,Undelivered,Consignment Manifested,,,Pre-paid,5.43766E+13,,,,,,49000,20,,,,,A,Forward Shipment,,Maharashtra
311343327,SAFELI,2,pbsenterprises10 rp b2brc,37:47.0,10-07-2026 19:29,18-07-2026,`34,"KAKKAR SMART ENERGY VENTURES LLP, KAKKAR SMART ENERGY VENTURES LLP",Sitamarhi,Sonipat,safeli ranjeet (engeener),,131028,1,18-07-2026,18-07-2026,Sonipat_Sector62_D (Haryana),20-07-2026 11:48,Delivered,Delivered,Delivered to Consignee,15-07-2026,18-07-2026 15:49,Pre-paid,5.43766E+13,Clean POD | As per POD audit,,,,06:07.1,15000,3.94,49:05.7,49:05.7,1,,D1,Forward Shipment,304238458,Haryana
312284382,DCGN-8776/26-27,2,pbsenterprises10 rp b2brc,01:22.0,25-07-2026 19:48,01-08-2026,`DCGN-8776/26-27,"Prashant Kumar, .",Noida,Jharsuguda,fujiyama power system (panel),,768201,1,30-07-2026,30-07-2026,Jharsuguda_Ekatali_D (Orissa),31-07-2026 12:49,Delivered,Delivered,Delivered to Consignee,01-08-2026,30-07-2026 17:28,Pre-paid,5.43766E+13,Clean POD | As per POD audit,,,,52:56.5,27196,32.7,28:17.3,28:17.3,1,,D1,Forward Shipment,307942843,Orissa
312566981,FUJIYAMA,2,pbsenterprises10 rp b2brc,40:05.2,04-08-2026 15:55,17-08-2026,`DCGN-8287/26-27,"M/S NEW EXCEL BATTERIES & INVERTER, .",Cochin,Bijnor,zeus energy corp llp,,246701,0,,,Noida_DeriSkaner_H (Uttar Pradesh),11-08-2026 21:00,In Transit,Undelivered,Consignment Dispatched from Origin City,10-08-2026,,Pre-paid,5.43766E+13,,,,,,37778,49.34,,,,,D2,Forward Shipment,310174736,Uttar Pradesh
311686216,DCGN-7716/26-27,2,pbsenterprises10 rp b2brc,55:39.4,17-07-2026 07:14,22-07-2026,`DCGN-7716/26-27,"M/S POWERTRON, .",Noida,Ranchi,fujiyama power system (panel),,834001,1,22-07-2026,22-07-2026,Ranchi_Rampur_H (Jharkhand),23-07-2026 18:00,Delivered,Delivered,Delivered to Consignee,22-07-2026,22-07-2026 14:28,Pre-paid,5.43766E+13,Clean POD | As per POD audit,,,,45:37.2,8590,60.5,29:03.3,29:03.3,1,,D1,Forward Shipment,FMINC_ff81d1ee-8180-11f1-8622-930937f88e07,Jharkhand
311954107,EA5160W122303275-5558579,2,pbsenterprises10 rp b2brc,22:02.7,30-07-2026 21:54,05-08-2026,`01,"CYGNI ENERGY PRIVATE LIMITED, CYGNI ENERGY PRIVATE LIMITED",Baloda Bazar,Hyderabad,narayan energies,,501359,1,06-08-2026,06-08-2026,Hyderabad_Shamshbd_H (Telangana),07-08-2026 20:27,Delivered,Delivered,Delivered to Consignee,05-08-2026,06-08-2026 18:57,Pre-paid,5.43766E+13,Clean POD | As per POD audit,,,,14:21.3,47000,38.56,57:28.6,57:28.6,1,,D1,Forward Shipment,309191383,Telangana
312000677,B60382C23A08191  5558736,2,pbsenterprises10 rp b2brc,25:26.8,24-07-2026 19:30,01-08-2026,`Kamal2011,"ARYA MOTORS, ARYA MOTORS",Abhanpur,Sitamarhi,kamal laxmi industrie ampere b2b,,843302,1,31-07-2026,31-07-2026,Sitamarhi_Punaura_D (Bihar),08-08-2026 15:00,Delivered,Delivered,Delivered to Consignee,01-08-2026,31-07-2026 18:10,Pre-paid,5.43766E+13,Clean POD | As per POD audit,,,,07:10.8,49000,0.38,10:58.8,10:58.8,1,,D1,Forward Shipment,307684135,Bihar
312406548,B112004450_126698,2,pbsenterprises10 rp b2brc,05:01.3,28-07-2026 16:30,01-08-2026,`DC/UEPL/GRK/393,"KABRA EXTRUSIONTECHNIK LTD, KABRA EXTRUSIONTECHNIK LTD",Gorakhpur,Gurgaon,upgrid wh0049 gorakhpur,,122004,1,01-08-2026,01-08-2026,Gurgaon_Sihi_L (Haryana),01-08-2026 21:41,Delivered,Delivered,Delivered to Consignee,01-08-2026,01-08-2026 18:13,Pre-paid,5.43766E+13,Clean POD | As per POD audit,,,,10:39.3,20001,21.1,13:07.3,13:07.3,1,,D1,Forward Shipment,308664086,Haryana
311809911,1234,2,pbsenterprises10 rp b2brc,28:30.4,17-07-2026 15:28,21-07-2026,`026-27/01,"kakkar smart energy , kakkar",Bhilwara,Sonipat,safeli choudhary automobiles,,131028,1,21-07-2026,21-07-2026,Sonipat_Sector42_P (Haryana),23-07-2026 16:50,Delivered,Delivered,Delivered to Consignee,21-07-2026,21-07-2026 12:22,Pre-paid,5.43766E+13,Clean POD | As per POD audit,,,,39:55.6,43483,48.32,22:33.1,22:33.1,1,,D1,Forward Shipment,305948110,Haryana
312676617,"B112004450_121276,B112004180_130356",3,pbsenterprises10 rp b2brc,10:26.2,01-08-2026 17:49,05-08-2026,`DC/UEPL/MZP/264,", KABRA EXTRUSIONTECHNIK LIMITED",Muzaffarpur,Gurgaon,upgrid muzaffarpur - wh0042,,122004,1,04-08-2026,04-08-2026,Gurgaon_Sihi_L (Haryana),05-08-2026 16:43,Delivered,Delivered,Delivered to Consignee,05-08-2026,04-08-2026 16:06,Pre-paid,5.43766E+13,Clean POD | As per POD audit,,,,20:51.0,40002,20.34,06:47.9,06:47.9,1,,D1,Forward Shipment,309756787,Haryana
311668666,RACHNA JI,4,pbsenterprises10 rp b2brc,38:12.9,17-07-2026 21:01,23-07-2026,`D-966/26-27,"RISHIKESH PAL, FUJIYAMA POWER SYSTEMS LIMITED-NOIDA 51,52",Samastipur,Noida,rachna ji ajeet kumar 5520c,,201308,1,21-07-2026,21-07-2026,Noida_Surajpur_L (Uttar Pradesh),22-07-2026 15:29,Delivered,Delivered,Delivered to Consignee,23-07-2026,21-07-2026 18:56,Pre-paid,5.43766E+13,Clean POD | As per POD audit,,,,35:39.1,312366,12.87,56:57.0,56:57.0,1,,D1,Forward Shipment,305926799,Uttar Pradesh
312675376,5561839 5561739,3,pbsenterprises10 rp b2brc,55:46.3,03-08-2026 16:45,08-08-2026,`964,", KABRA EXTRUSION TECHNIK LTD BATTRIXX",Erode,Pune,power wheels,,410501,1,10-08-2026,10-08-2026,Pune_Bhamboli_L (Maharashtra),11-08-2026 19:15,Delivered,Delivered,Delivered to Consignee,08-08-2026,10-08-2026 18:59,Pre-paid,5.43766E+13,Clean POD | As per POD audit,,,,03:09.1,49000,20.18,59:50.1,59:50.1,1,,D1,Forward Shipment,310184330,Maharashtra
312477180,Supreme,16,pbsenterprises10 rp b2brc,55:02.4,29-07-2026 20:36,06-08-2026,`SLE/26-27/00272,"Mani Equa Endustries and Mani Co., .",Delhi,Sankarapuram,supreme amvolt energy,,606213,1,06-08-2026,06-08-2026,Sankarapuram_Vdasiruvlr_D (Tamil Nadu),06-08-2026 12:50,Delivered,Delivered,Delivered to Consignee,06-08-2026,06-08-2026 12:50,Pre-paid,5.43766E+13,Contactless Delivery -  Geofence NA,,,,28:23.9,226796,12.17,50:37.6,50:37.6,1,,D2,Forward Shipment,309034850,Tamil Nadu
312857469,EA5160W202300222-5562290,2,pbsenterprises10 rp b2brc,51:43.0,06-08-2026 19:37,12-08-2026,`1,"CYGNI ENERGY PRIVATE LIMITED, CYGNI ENERGY PRIVATE LIMITED",Alappuzha,Hyderabad,kings group,,501359,1,12-08-2026,12-08-2026,Hyderabad_Shamshbd_H (Telangana),12-08-2026 11:56,Dispatched,Undelivered,Out for Delivery,12-08-2026,,Pre-paid,5.43766E+13,,,,,54:02.7,20997,41.68,,,,,D1,Forward Shipment,310817160,Telangana
312201999,A48281F24H07350  5557751,2,pbsenterprises10 rp b2brc,28:24.3,25-07-2026 13:57,27-07-2026,`7725,"SREE E BIKES - TRICHY, SREE E BIKES - TRICHY",Salem,Tiruchi,oxygen energy enterprises ampere,,620010,1,27-07-2026,27-07-2026,Tiruchi_Navalur_H (Tamil Nadu),28-07-2026 16:06,Delivered,Delivered,Delivered to Consignee,27-07-2026,27-07-2026 18:51,Pre-paid,5.43766E+13,Clean POD | As per POD audit,,,,21:06.6,49000,10.36,51:27.2,51:27.2,1,,B,Forward Shipment,307731357,Tamil Nadu
312783014,DCGN-9716/26-27,2,pbsenterprises10 rp b2brc,30:32.0,04-08-2026 21:34,12-08-2026,`DCGN-9716/26-27,"Tigers Electronics, .",Noida,Tirunelveli,fujiyama power system (panel),,627005,1,11-08-2026,11-08-2026,Tirunelveli_Krishnapuram_H (Tamil Nadu),11-08-2026 20:41,Delivered,Delivered,Delivered to Consignee,12-08-2026,11-08-2026 11:30,Pre-paid,5.43766E+13,LM POD document uploaded,,,,41:36.5,109043,47,30:42.9,30:42.9,1,,D2,Forward Shipment,310451745,Tamil Nadu
310992793,SAFELI,2,pbsenterprises10 rp b2brc,42:42.8,02-07-2026 15:48,04-07-2026,`AS-182,"Shiv Enterprises, Shiv Enterprises",Guwahati,Barpeta,safeli assam kakkar smart energy ventures llp,,781301,1,04-07-2026,04-07-2026,Barpeta_Bhera_D (Assam),05-07-2026 15:32,Delivered,Delivered,Delivered to Consignee,04-07-2026,04-07-2026 12:53,Pre-paid,5.43766E+13,Clean POD | As per POD audit,,,,27:34.1,45000,1.68,53:05.4,53:05.4,1,,E,Forward Shipment,302248025,Assam
312165470,Charger,2,pbsenterprises10 rp b2brc,16:20.3,24-07-2026 17:20,31-07-2026,`BAT/010,"KABRA EXTRUSION TECHNIK-GURUGRAM , KABRA EXTRUSION TECHNIK-GURUGRAM",Guwahati,Gurgaon,auto sales india ltd,,122004,2,30-07-2026,01-08-2026,Gurgaon_Hasanpur2_D (Haryana),01-08-2026 21:41,Delivered,Delivered,Delivered to Consignee,30-07-2026,01-08-2026 20:44,Pre-paid,5.43766E+13,Clean POD | As per POD audit,,,,14:03.6,5800,3.02,23:22.1,44:52.8,2,,E,Forward Shipment,307536396,Haryana
311377809,A60380523A06031   5454175,2,pbsenterprises10 rp b2brc,16:25.4,13-07-2026 23:46,17-07-2026,`4591,"HASSONJEE AUTOMOTIVES, HASSONJEE AUTOMOTIVES",Raipur,Amravati,kamal laxami ampere brc,,444604,1,16-07-2026,16-07-2026,Amravati_Nimbhora_H (Maharashtra),04-08-2026 10:58,Delivered,Delivered,Delivered to Consignee,17-07-2026,16-07-2026 18:02,Pre-paid,5.43766E+13,Clean POD | As per POD audit,,,,26:25.7,49000,15.68,02:41.1,02:41.1,1,,B,Forward Shipment,304897912,Maharashtra
311939216,B60381E21I38053-5560205,3,pbsenterprises10 rp b2brc,42:42.3,20-07-2026 18:06,29-07-2026,`609,"KAMAL LAXMI INDUSTRIES-AMPERE, KAMAL LAXMI INDUSTRIES-AMPERE",Gurdaspur,Raipur,standard electric,,492015,1,28-07-2026,28-07-2026,Raipur_Devpuri_L (Chhattisgarh),29-07-2026 15:23,Delivered,Delivered,Delivered to Consignee,29-07-2026,28-07-2026 13:16,Pre-paid,5.43766E+13,Clean POD | As per POD audit,,,,11:19.2,49000,15.14,17:00.1,17:00.1,1,,D2,Forward Shipment,306643710,Chhattisgarh
311860476,DCGN-8007/26-27,2,pbsenterprises10 rp b2brc,56:43.8,18-07-2026 19:01,20-07-2026,`DCGN-8007/26-27,"M/S SUN POWER PHOTOVOLTAIC , .",Noida,Ghaziabad,fujiyama power system (panel),,201206,1,21-07-2026,21-07-2026,Ghaziabad_Indirapuram_L (Uttar Pradesh),23-07-2026 12:04,Delivered,Delivered,Delivered to Consignee,20-07-2026,21-07-2026 15:23,Pre-paid,5.43766E+13,Clean POD | As per POD audit,,,,20:10.3,39004,49.06,23:48.6,23:48.6,1,,B,Forward Shipment,306183947,Uttar Pradesh
310948398,FUJIYAMA-6533,2,pbsenterprises10 rp b2brc,34:52.0,02-07-2026 19:01,09-07-2026,`DCGN-6533/26-27,"MS ENTERPRISE, .",Noida,Dakshin Barasat,fujiyama power system (panel),,743354,1,09-07-2026,09-07-2026,DakshinBarasat_Raidighi_D (West Bengal),09-07-2026 16:31,Delivered,Delivered,Delivered to Consignee,08-07-2026,09-07-2026 16:31,Pre-paid,5.43766E+13,Contactless Delivery -  Geofence NA,,,,46:04.8,36165,45.42,31:46.6,31:46.6,1,,D2,Forward Shipment,302090999,West Bengal
311644114,B111001390253965-5558570,2,pbsenterprises10 rp b2brc,14:11.1,15-07-2026 15:23,23-07-2026,`882,"KABRA EXTRUSION TECHNIK LTDBATTRIXX , KABRA EXTRUSION TECHNIK LTDBATTRIXX",Maharajganj,Pune,gautam automobiles,,410501,1,22-07-2026,22-07-2026,Pune_Bhamboli_L (Maharashtra),24-07-2026 17:57,Delivered,Delivered,Delivered to Consignee,23-07-2026,23-07-2026 18:58,Pre-paid,5.43766E+13,Clean POD | As per POD audit,,,,18:17.3,49000,20.2,58:56.2,58:56.2,1,,D2,Forward Shipment,305251133,Maharashtra
311573018,DCGN-7451/26-27,2,pbsenterprises10 rp b2brc,47:57.3,13-07-2026 18:13,17-07-2026,`DCGN-7451/26-27,"ASHWANI TANEJA, .",Noida,Sonipat,fujiyama power system (panel),,131001,1,18-07-2026,18-07-2026,Sonipat_Sector42_P (Haryana),18-07-2026 13:31,Delivered,Delivered,Delivered to Consignee,17-07-2026,18-07-2026 13:31,Pre-paid,5.43766E+13,Contactless Delivery -  Geofence verified,,,,01:12.7,105282,116,31:26.5,31:26.5,1,,A,Forward Shipment,304847002,Haryana
311431730,B111001390204209-5556843,3,pbsenterprises10 rp b2brc,23:16.3,11-07-2026 14:54,18-07-2026,`606,"KABRA EXTRUSION TECHNIK LTDBATTRIXX , KABRA EXTRUSION TECHNIK LTDBATTRIXX",Gurdaspur,Pune,standard electric,,410501,1,21-07-2026,21-07-2026,Pune_Bhamboli_L (Maharashtra),22-07-2026 18:17,Delivered,Delivered,Delivered to Consignee,18-07-2026,21-07-2026 17:45,Pre-paid,5.43766E+13,Clean POD | As per POD audit,,,,00:50.1,49000,20.34,45:05.2,45:05.2,1,,D2,Forward Shipment,304273549,Maharashtra
312922853,B111001390278991-5560260,2,pbsenterprises10 rp b2brc,51:59.4,10-08-2026 15:41,19-08-2026,`590,"KABRA EXTRUSION TECHNIK LTDBATTRIXX , KABRA EXTRUSION TECHNIK LTDBATTRIXX",Guwahati,Pune,jubilant foodworks ltd-guwahati,,410501,0,,,Guwahati_KaliPahar_GW (Assam),12-08-2026 02:58,In Transit,Undelivered,Consignment Dispatched from Origin City,19-08-2026,,Pre-paid,5.43766E+13,,,,,,48998,20.38,,,,,E,Forward Shipment,312018301,Maharashtra
312357936,REDON,6,pbsenterprises10 rp b2brc,49:37.3,28-07-2026 15:23,31-07-2026,`421,"REDON LITHIUM BATTERIES LLP, .",Agra,Noida,tnt motors,,201308,1,01-08-2026,01-08-2026,Noida_Surajpur_L (Uttar Pradesh),03-08-2026 15:26,Delivered,Delivered,Delivered to Consignee,31-07-2026,03-08-2026 09:58,Pre-paid,5.43766E+13,Clean POD | As per POD audit,,,,09:16.0,40000,10.35,58:22.8,58:22.8,1,,B,Forward Shipment,308404705,Uttar Pradesh
312213417,B111001390_222628 5552201,2,pbsenterprises10 rp b2brc,34:44.8,24-07-2026 19:30,01-08-2026,`Kamal2076,"KULDEEP ANGA ENTERPRISES, KULDEEP ANGA ENTERPRISES",Abhanpur,Bhagalpur,kamal laxmi industrie ampere b2b,,813210,1,01-08-2026,01-08-2026,Bhagalpur_Vikramshila_D (Bihar),01-08-2026 20:45,Delivered,Delivered,Delivered to Consignee,31-07-2026,01-08-2026 14:19,Pre-paid,5.43766E+13,Clean POD | As per POD audit,,,,50:28.8,49000,20.24,19:48.3,19:48.3,1,,D1,Forward Shipment,307684135,Bihar
312204594,DCGN-8656/26-27Z,2,pbsenterprises10 rp b2brc,02:43.3,25-07-2026 19:47,29-07-2026,`DCGN-8656/26-27,"Md Alam 5583 SER. ENGG, .Rahika Tola Ward No 18 Near Old",Noida,Araria,fujiyama power system (panel),,854311,1,29-07-2026,29-07-2026,Araria_Shivpuri_D (Bihar),29-07-2026 16:27,Delivered,Delivered,Delivered to Consignee,29-07-2026,29-07-2026 16:27,Pre-paid,5.43766E+13,Contactless Delivery -  Geofence NA,,,,47:39.9,37561,50.4,27:37.1,27:37.1,1,,D1,Forward Shipment,307942843,Bihar
312009105,B111001390_172701 5470133,2,pbsenterprises10 rp b2brc,06:08.3,22-07-2026 13:55,28-07-2026,`7817,"AMEE AUTO DAMOH, AMEE AUTO DAMOH",Salem,Damoh,oxygen energy enterprises ampere,,470661,1,27-07-2026,27-07-2026,Damoh_Chouprakhurd_D (Madhya Pradesh),28-07-2026 11:11,Delivered,Delivered,Delivered to Consignee,28-07-2026,27-07-2026 13:19,Pre-paid,5.43766E+13,Clean POD | As per POD audit,,,,05:55.3,49000,14.15,19:09.7,19:09.7,1,,D2,Forward Shipment,306936840,Madhya Pradesh
311258227,FUJIYAMA-7007,8,pbsenterprises10 rp b2brc,37:47.4,09-07-2026 18:38,13-07-2026,`DCGN-7007/26-27,"Satish , .",Noida,Baghpat,fujiyama power system (panel),,250601,1,13-07-2026,13-07-2026,Baghpat_Barout_D (Uttar Pradesh),13-07-2026 14:04,Delivered,Delivered,Delivered to Consignee,13-07-2026,13-07-2026 14:04,Pre-paid,5.43766E+13,Contactless Delivery -  Geofence NA,,,,12:57.0,114212,17.5,04:55.2,04:55.2,1,,B,Forward Shipment,303931375,Uttar Pradesh
311104080,REDON,2,pbsenterprises10 rp b2brc,53:19.5,04-07-2026 17:36,08-07-2026,`385,"REDON LITHIUM BATTERIES LLP, .",Dholka,Noida,electric automobiles,,201308,1,13-07-2026,13-07-2026,Noida_Surajpur_L (Uttar Pradesh),14-07-2026 16:29,Delivered,Delivered,Delivered to Consignee,08-07-2026,13-07-2026 19:09,Pre-paid,5.43766E+13,Clean POD | As per POD audit,,,,57:36.3,30000,10.57,10:00.3,10:00.3,1,,C1,Forward Shipment,302733699,Uttar Pradesh
311956845,LN72604200125EE0,3,pbsenterprises10 rp b2brc,52:28.2,21-07-2026 19:32,28-07-2026,`112,"KABRA EXTRUSIONTECHNIK LTD, KABRA EXTRUSIONTECHNIK LTD",Kasaragod,Gurgaon,"puncha in	(kab)",,122004,2,29-07-2026,01-08-2026,Gurgaon_Sihi_L (Haryana),01-08-2026 21:41,Delivered,Delivered,Delivered to Consignee,28-07-2026,01-08-2026 18:12,Pre-paid,5.43766E+13,Clean POD | As per POD audit,,,,43:10.6,48000,22.95,12:24.8,12:24.8,1,,D2,Forward Shipment,306687485,Haryana
310890695,Bounce,2,pbsenterprises10 rp b2brc,56:02.4,30-06-2026 17:18,06-07-2026,`02,"Clean Electric Private Limited, Clean Electric Private Limited",Jaipur,Pune,bounce beaute ecoventures,,410501,1,09-07-2026,09-07-2026,Pune_Bhamboli_L (Maharashtra),11-07-2026 14:21,Delivered,Delivered,Delivered to Consignee,06-07-2026,10-07-2026 18:46,Pre-paid,5.43766E+13,Clean POD | As per POD audit,,,,57:52.3,24000,15.47,46:35.1,46:35.1,1,,D1,Forward Shipment,301750435,Maharashtra
311814096,DCGN-7925/26-27,2,pbsenterprises10 rp b2brc,00:57.2,18-07-2026 21:26,23-07-2026,`DCGN-7925/26-27,"DHIRAJ, .",Noida,Lakhisarai,fujiyama power system (panel),,811311,1,22-07-2026,22-07-2026,Lakhisarai_Kiul_H (Bihar),22-07-2026 09:48,Delivered,Delivered,Delivered to Consignee,23-07-2026,22-07-2026 09:48,Pre-paid,5.43766E+13,Contactless Delivery -  Geofence verified,,,,23:21.6,39185,50.9,48:20.6,48:20.6,1,,D1,Forward Shipment,FMINC_2fe7cf82-82c1-11f1-bbfc-291932d3a787,Bihar
312850332,E2W4830A41250441-5561213,2,pbsenterprises10 rp b2brc,25:50.8,06-08-2026 16:46,11-08-2026,`02,"CYGNI ENERGY PRIVATE LIMITED, CYGNI ENERGY PRIVATE LIMITED",Bardhaman,Hyderabad,evolution motors,,501359,1,10-08-2026,10-08-2026,Hyderabad_Shamshbd_H (Telangana),11-08-2026 18:38,Delivered,Delivered,Delivered to Consignee,11-08-2026,10-08-2026 17:07,Pre-paid,5.43766E+13,Clean POD | As per POD audit,,,,11:55.5,49000,12.86,07:40.6,07:40.6,1,,D2,Forward Shipment,310796544,Telangana
311198567,DCGN-6886/26-27,2,pbsenterprises10 rp b2brc,43:49.3,06-07-2026 19:01,09-07-2026,`DCGN-6886/26-27,"MANJU WIRES, MANJU WIRES",Noida,Gurgaon,fujiyama power system (panel),,122001,1,11-07-2026,11-07-2026,Gurgaon_Sector17_L (Haryana),11-07-2026 14:02,Delivered,Delivered,Delivered to Consignee,09-07-2026,11-07-2026 14:02,Pre-paid,5.43766E+13,Contactless Delivery -  Geofence verified,,,,43:21.6,121360,116,02:29.7,02:29.7,1,,A,Forward Shipment,303127210,Haryana
312847487,Bounce,2,pbsenterprises10 rp b2brc,47:54.3,05-08-2026 19:42,10-08-2026,`DC-09-006,"Exicom Energy Systems Private Limited, .",Giridih,Gurgaon,bounce mozzam enterprises,,122015,1,11-08-2026,11-08-2026,Gurgaon_Sector17_L (Haryana),11-08-2026 20:16,Delivered,Delivered,Delivered to Consignee,10-08-2026,11-08-2026 16:35,Pre-paid,5.43766E+13,LM POD document uploaded,,,,02:14.1,45000,14.24,35:58.5,35:58.5,1,,D1,Forward Shipment,310786487,Haryana
311612829,B111001390189631-5553525,2,pbsenterprises10 rp b2brc,37:23.5,14-07-2026 17:24,20-07-2026,`225,"KABRA EXTRUSION TECHNIK LTDBATTRIXX , KABRA EXTRUSION TECHNIK LTDBATTRIXX",Markapur,Pune,shree bala ji e motors,,410501,1,21-07-2026,21-07-2026,Pune_Bhamboli_L (Maharashtra),22-07-2026 17:45,Delivered,Delivered,Delivered to Consignee,20-07-2026,21-07-2026 17:44,Pre-paid,5.43766E+13,Clean POD | As per POD audit,,,,06:48.7,49000,17,44:53.4,44:53.4,1,,D1,Forward Shipment,305166696,Maharashtra
312805519,DCGN-9478/26-27,2,pbsenterprises10 rp b2brc,41:32.1,04-08-2026 21:34,10-08-2026,`DCGN-9478/26-27,"M/S M. S. SOLAR ENERGY, .",Noida,Maharajganj,fujiyama power system (panel),,273303,2,11-08-2026,12-08-2026,Maharajganj_ShastriNgr_D (Uttar Pradesh),12-08-2026 12:33,Dispatched,Undelivered,Out for Delivery,08-08-2026,,Pre-paid,5.43766E+13,Geofence NA,,,,32:10.9,27195,28.26,25:07.1,25:07.1,1,,D1,Forward Shipment,310451745,Uttar Pradesh
312126796,SAFELI,2,pbsenterprises10 rp b2brc,56:44.9,24-07-2026 13:48,27-07-2026,`31,"KAKKAR SMART ENERGY VENTURES LLP, KAKKAR SMART ENERGY VENTURES LLP",Mishrikh,Sonipat,safeli pandeyenterprises,,131028,1,31-07-2026,31-07-2026,Sonipat_Sector42_P (Haryana),01-08-2026 12:29,Delivered,Delivered,Delivered to Consignee,27-07-2026,31-07-2026 17:35,Pre-paid,5.43766E+13,Clean POD | As per POD audit,,,,24:26.2,15000,53.76,36:01.1,36:01.1,1,,B,Forward Shipment,307716727,Haryana
310840897,B111002350121615-5555737,2,pbsenterprises10 rp b2brc,28:50.7,30-06-2026 19:53,07-07-2026,`868,"KABRA EXTRUSION TECHNIK LTDBATTRIXX , KABRA EXTRUSION TECHNIK LTDBATTRIXX",Puri,Pune,smn sales,,410501,1,06-07-2026,06-07-2026,Pune_Bhamboli_L (Maharashtra),07-07-2026 11:59,Delivered,Delivered,Delivered to Consignee,07-07-2026,06-07-2026 17:04,Pre-paid,5.43766E+13,Clean POD | As per POD audit,,,,51:57.2,49000,17.92,04:44.0,04:44.0,1,,D2,Forward Shipment,301530980,Maharashtra
312957061,REDON,6,pbsenterprises10 rp b2brc,39:57.0,07-08-2026 16:38,12-08-2026,`439,"REDON LITHIUM BATTERIES LLP, .",Sambalpur,Noida,offstart (opc) pvt. ltd.,,201308,0,,,Gurgaon_Pathradi_H (Haryana),11-08-2026 21:13,In Transit,Undelivered,Consignment Dispatched from Origin City,12-08-2026,,Pre-paid,5.43766E+13,,,,,,49050,11.46,,,,,D1,Forward Shipment,311335667,Uttar Pradesh
311373495,B111001390219755-5557634,2,pbsenterprises10 rp b2brc,34:57.6,10-07-2026 18:31,15-07-2026,`952,"KABRA EXTRUSION TECHNIK LTDBATTRIXX , KABRA EXTRUSION TECHNIK LTDBATTRIXX",Durg,Pune,ashutosh electricals,,410501,1,21-07-2026,21-07-2026,Pune_Bhamboli_L (Maharashtra),22-07-2026 16:15,Delivered,Delivered,Delivered to Consignee,15-07-2026,21-07-2026 17:53,Pre-paid,5.43766E+13,Clean POD | As per POD audit,,,,13:07.1,49000,20.14,53:35.5,53:35.5,1,,D1,Forward Shipment,304008782,Maharashtra
312857099,A60391H124C20003  5550611,2,pbsenterprises10 rp b2brc,47:06.9,06-08-2026 20:31,17-08-2026,`723,"Jubilant Foodworks Ltd - Guwahati, Jubilant Foodworks Ltd - Guwahati",Salem,Guwahati,oxygen energy enterprises ampere,,781017,0,,,Bangalore_Hoskote_GW (Karnataka),10-08-2026 06:56,In Transit,Undelivered,Consignment Dispatched from Origin City,17-08-2026,,Pre-paid,5.43766E+13,,,,,,49000,18.39,,,,,E,Forward Shipment,FMINC_a7619530-91a7-11f1-b710-37db00bbd465,Assam
313007603,DCGN-10092/26-27,2,pbsenterprises10 rp b2brc,33:12.4,,,`DCGN-10092/26-27,"G S MOTORS, .",Noida,Krishnanagar,fujiyama power system (panel),,741101,0,,,Noida_Bairangpur_GW (Uttar Pradesh),08-08-2026 20:12,Manifested,Undelivered,Delay due to Disturbance/Strike,,,Pre-paid,5.43766E+13,,,,,,36218,20,,,,,D2,Forward Shipment,,West Bengal
311058426,Bounce,2,pbsenterprises10 rp b2brc,14:26.7,03-07-2026 16:25,08-07-2026,`037,"Exicom Energy Systems Private Limited, .",Dankuni,Gurgaon,bounce indadulla mullick,,122015,1,06-07-2026,06-07-2026,Gurgaon_Sector17_L (Haryana),08-07-2026 11:09,Delivered,Delivered,Delivered to Consignee,08-07-2026,06-07-2026 15:11,Pre-paid,5.43766E+13,Clean POD | As per POD audit,,,,14:25.9,45000,13.52,11:57.1,11:57.1,1,,D2,Forward Shipment,302502541,Haryana
310830789,B111001390207884-5556360,2,pbsenterprises10 rp b2brc,37:08.3,29-06-2026 21:39,04-07-2026,`907,"KABRA EXTRUSION TECHNIK LTDBATTRIXX , KABRA EXTRUSION TECHNIK LTDBATTRIXX",Chikkanayakanahalli,Pune,green wheels electric mobility,,410501,1,03-07-2026,03-07-2026,Pune_Bhamboli_L (Maharashtra),04-07-2026 14:02,Delivered,Delivered,Delivered to Consignee,04-07-2026,03-07-2026 14:54,Pre-paid,5.43766E+13,Clean POD | As per POD audit,,,,57:31.0,49000,20.16,54:24.2,54:24.2,1,,D1,Forward Shipment,301503720,Maharashtra
311878912,B111001390203170-5559257,2,pbsenterprises10 rp b2brc,19:51.7,21-07-2026 15:26,27-07-2026,`879,"KABRA EXTRUSION TECHNIK LTDBATTRIXX , KABRA EXTRUSION TECHNIK LTDBATTRIXX",Attur,Pune,salem e bikes,,410501,1,25-07-2026,25-07-2026,Pune_Bhamboli_L (Maharashtra),26-07-2026 08:52,Delivered,Delivered,Delivered to Consignee,27-07-2026,25-07-2026 21:00,Pre-paid,5.43766E+13,Clean POD | As per POD audit,,,,52:19.3,49000,20.36,01:01.0,01:01.0,1,,D1,Forward Shipment,306912461,Maharashtra
311863477,A48281C231390-5556299,4,pbsenterprises10 rp b2brc,28:51.9,18-07-2026 21:09,23-07-2026,`891,"OXYGEN ENERGY ENTERPRISES-AMPERE, OXYGEN ENERGY ENTERPRISES-AMPERE",Pune,Salem,ace ev,,636006,1,22-07-2026,22-07-2026,Salem_Ramalingapuram_H (Tamil Nadu),23-07-2026 15:13,Delivered,Delivered,Delivered to Consignee,23-07-2026,22-07-2026 16:24,Pre-paid,5.43766E+13,Clean POD | As per POD audit,,,,55:41.7,49000,10.24,24:55.0,24:55.0,1,,D1,Forward Shipment,306022320,Tamil Nadu
311130567,B111001390259488-5557419,2,pbsenterprises10 rp b2brc,46:31.4,06-07-2026 18:21,14-07-2026,`892,"KABRA EXTRUSION TECHNIK LTDBATTRIXX , KABRA EXTRUSION TECHNIK LTDBATTRIXX",Chandikhol,Pune,green wheels,,410501,1,13-07-2026,13-07-2026,Pune_Bhamboli_L (Maharashtra),14-07-2026 15:42,Delivered,Delivered,Delivered to Consignee,14-07-2026,13-07-2026 16:37,Pre-paid,5.43766E+13,Clean POD | As per POD audit,,,,58:03.6,49000,21,37:38.2,37:38.2,1,,D2,Forward Shipment,303125393,Maharashtra
312026025,B111001390207070-5559288,2,pbsenterprises10 rp b2brc,00:57.0,22-07-2026 13:20,27-07-2026,`907,"KABRA EXTRUSION TECHNIK LTDBATTRIXX , KABRA EXTRUSION TECHNIK LTDBATTRIXX",Malegaon,Pune,baba motors,,410501,1,31-07-2026,31-07-2026,Pune_Bhamboli_L (Maharashtra),01-08-2026 21:39,Delivered,Delivered,Delivered to Consignee,27-07-2026,31-07-2026 16:33,Pre-paid,5.43766E+13,Clean POD | As per POD audit,,,,37:48.8,49000,20.26,33:21.9,33:21.9,1,,B,Forward Shipment,306983580,Maharashtra
312060274,DCGN-8164/26-27,8,pbsenterprises10 rp b2brc,41:21.2,22-07-2026 20:09,24-07-2026,`DCGN-8164/26-27Q,"M/S SUN POWER PHOTOVOLTAIC, .",Noida,Ghaziabad,fujiyama power system (panel),,201206,1,25-07-2026,25-07-2026,Ghaziabad_Indirapuram_L (Uttar Pradesh),26-07-2026 08:56,Delivered,Delivered,Delivered to Consignee,24-07-2026,25-07-2026 15:41,Pre-paid,5.43766E+13,Clean POD | As per POD audit,,,,17:04.5,49587,20,41:10.6,41:10.6,1,,B,Forward Shipment,307136441,Uttar Pradesh
311432751,B111001390217790-5555796,2,pbsenterprises10 rp b2brc,33:59.8,11-07-2026 17:33,17-07-2026,`860,"KABRA EXTRUSION TECHNIK LTDBATTRIXX , KABRA EXTRUSION TECHNIK LTDBATTRIXX",Vallioor,Pune,jeyas electric bikes,,410501,1,18-07-2026,18-07-2026,Pune_Bhamboli_L (Maharashtra),18-07-2026 19:49,Delivered,Delivered,Delivered to Consignee,17-07-2026,18-07-2026 14:51,Pre-paid,5.43766E+13,Clean POD | As per POD audit,,,,47:51.2,49800,20.12,51:35.6,51:35.6,1,,D2,Forward Shipment,304277356,Maharashtra
313017622,B112004450_125024,2,pbsenterprises10 rp b2brc,39:20.2,08-08-2026 14:47,12-08-2026,`DC/UEPL/GRK/408,"KABRA EXTRUSION TECHNIK-GURUGRAM , KABRA EXTRUSION TECHNIK-GURUGRAM",Gorakhpur,Gurgaon,upgrid wh0049 gorakhpur,,122004,1,11-08-2026,11-08-2026,Gurgaon_Sihi_L (Haryana),12-08-2026 13:14,Delivered,Delivered,Delivered to Consignee,12-08-2026,11-08-2026 16:36,Pre-paid,5.43766E+13,LM POD document uploaded,,,,00:10.0,20001,21.2,36:54.4,36:54.4,1,,D1,Forward Shipment,311619933,Haryana
310995870,A60391H124C21031-5555077,2,pbsenterprises10 rp b2brc,21:54.1,03-07-2026 19:55,08-07-2026,`1012,"SRI HARSITHA E BIKES, .",Salem,Ulundurpet,oxygen energy enterprises ampere,,606107,1,10-07-2026,10-07-2026,Ulundurpet_SubamNagar_D (Tamil Nadu),10-07-2026 16:25,Delivered,Delivered,Delivered to Consignee,07-07-2026,10-07-2026 16:25,Pre-paid,5.43766E+13,Contactless Delivery -  Geofence not verified,,,,16:43.2,49000,18.22,25:18.3,25:18.3,1,,B,Forward Shipment,FMINC_0f0a5b72-76eb-11f1-80e1-19a9f13314d9,Tamil Nadu
312025584,B111001390279134-5559795,2,pbsenterprises10 rp b2brc,57:22.9,22-07-2026 12:59,25-07-2026,`884,"KABRA EXTRUSION TECHNIK LTDBATTRIXX , KABRA EXTRUSION TECHNIK LTDBATTRIXX",Belgaum,Pune,yash auto,,410501,1,25-07-2026,25-07-2026,Pune_Bhamboli_L (Maharashtra),26-07-2026 08:53,Delivered,Delivered,Delivered to Consignee,25-07-2026,25-07-2026 21:01,Pre-paid,5.43766E+13,Clean POD | As per POD audit,,,,22:32.2,49000,20.02,01:36.3,01:36.3,1,,B,Forward Shipment,306982668,Maharashtra
311744185,B111001390279141,2,pbsenterprises10 rp b2brc,58:39.2,17-07-2026 20:56,28-07-2026,`65883,"SRI BALA SURYA VENKATA HANUMAN TRADERS, SRI BALA SURYA VENKATA HANUMAN TRADERS",Raipur,Jangareddygudem,kamal laxami ampere brc,,534447,1,27-07-2026,27-07-2026,Jangareddygudem_RTC_D (Andhra Pradesh),27-07-2026 14:04,Delivered,Delivered,Delivered to Consignee,22-07-2026,27-07-2026 14:04,Pre-paid,5.43766E+13,Contactless Delivery -  Geofence NA,,,,03:38.2,49000,19.39,05:10.7,05:10.7,1,,D1,Forward Shipment,305941250,Andhra Pradesh
311421686,SAFELI,2,pbsenterprises10 rp b2brc,43:32.2,10-07-2026 21:12,15-07-2026,`431,"KAKKAR SMART ENERGY VENTURES LLP, KAKKAR SMART ENERGY VENTURES LLP",Dausa,Sonipat,safeli ghoshi tractors,,131028,1,17-07-2026,17-07-2026,Sonipat_Sector42_P (Haryana),18-07-2026 19:47,Delivered,Delivered,Delivered to Consignee,15-07-2026,17-07-2026 17:34,Pre-paid,5.43766E+13,Clean POD | As per POD audit,,,,36:20.0,15000,46.52,34:24.1,34:24.1,1,,B,Forward Shipment,304240119,Haryana
312527607,B111001390221312-5560961,2,pbsenterprises10 rp b2brc,37:45.4,30-07-2026 16:38,03-08-2026,`890,"KABRA EXTRUSION TECHNIK LTDBATTRIXX , KABRA EXTRUSION TECHNIK LTDBATTRIXX",Rajnandgaon,Pune,eco sol energy,,410501,1,04-08-2026,04-08-2026,Pune_Bhamboli_L (Maharashtra),05-08-2026 16:09,Delivered,Delivered,Delivered to Consignee,03-08-2026,04-08-2026 16:09,Pre-paid,5.43766E+13,Clean POD | As per POD audit,,,,34:37.9,49000,20.26,09:18.1,09:18.1,1,,D1,Forward Shipment,309183540,Maharashtra
312806389,SAFELI,2,pbsenterprises10 rp b2brc,51:27.5,04-08-2026 18:25,10-08-2026,`45,"KAKKAR SMART ENERGY VENTURES LLP, ASSAM KAKKAR SMART ENERGY VENTURES LLP",Silapathar,Guwahati,safeli ms pathak nterprises,,781035,1,10-08-2026,10-08-2026,Guwahati_Kaikchi1_L (Assam),11-08-2026 15:15,Delivered,Delivered,Delivered to Consignee,10-08-2026,11-08-2026 15:15,Pre-paid,5.43766E+13,Geofence verified,,,,34:10.1,15000,52.76,15:23.1,15:23.1,1,,E,Forward Shipment,310497355,Assam
311535605,Bonce,2,pbsenterprises10 rp b2brc,56:39.1,13-07-2026 20:10,20-07-2026,`138,"Clean Electric Private Limited, .",Narsapur,Pune,bounce vijaya durga motors,,410501,1,20-07-2026,20-07-2026,Pune_Bhamboli_L (Maharashtra),20-07-2026 16:21,Delivered,Delivered,Delivered to Consignee,20-07-2026,20-07-2026 16:21,Pre-paid,5.43766E+13,Contactless Delivery -  Geofence verified,,,,13:17.3,48000,15.58,21:29.8,21:29.8,1,,D1,Forward Shipment,304851531,Maharashtra
311832289,B111001390205467-5557323,2,pbsenterprises10 rp b2brc,37:50.4,18-07-2026 20:49,25-07-2026,`878,"KABRA EXTRUSION TECHNIK LTDBATTRIXX , KABRA EXTRUSION TECHNIK LTDBATTRIXX",Kozhikode,Pune,savari motors,,410501,1,22-07-2026,22-07-2026,Pune_Bhamboli_L (Maharashtra),24-07-2026 19:44,Delivered,Delivered,Delivered to Consignee,25-07-2026,23-07-2026 18:59,Pre-paid,5.43766E+13,Clean POD | As per POD audit,,,,45:02.5,49000,19.98,59:37.9,59:37.9,1,,D1,Forward Shipment,306060068,Maharashtra
311641232,Supreme,2,pbsenterprises10 rp b2brc,33:50.9,16-07-2026 19:52,23-07-2026,`SLE/26-27/00231,"Cherian Abraham, .",Noida,Bangalore,supreme lithium energy noida 63,,560060,1,21-07-2026,21-07-2026,Bangalore_FCILayout_L (Karnataka),21-07-2026 15:41,Delivered,Delivered,Delivered to Consignee,23-07-2026,21-07-2026 15:41,Pre-paid,5.43766E+13,Contactless Delivery -  Geofence verified,,,,57:58.9,27022,18.92,41:48.3,41:48.3,1,,C2,Forward Shipment,305677578,Karnataka
311813514,B111001390204733-5557339,2,pbsenterprises10 rp b2brc,55:52.9,18-07-2026 17:50,24-07-2026,`782,"KABRA EXTRUSION TECHNIK LTDBATTRIXX , KABRA EXTRUSION TECHNIK LTDBATTRIXX",Durgapur,Pune,p. s. jivraj distribution llp,,410501,1,25-07-2026,25-07-2026,Pune_Bhamboli_L (Maharashtra),26-07-2026 08:54,Delivered,Delivered,Delivered to Consignee,24-07-2026,25-07-2026 21:02,Pre-paid,5.43766E+13,Clean POD | As per POD audit,,,,25:04.9,48998,20.64,02:10.6,02:10.6,1,,D2,Forward Shipment,306005549,Maharashtra
310964405,FUJIYAMA-6561,2,pbsenterprises10 rp b2brc,15:49.9,02-07-2026 18:48,13-07-2026,`DCGN-6561/26-27,"KHARB INDUSTRIES , .",Noida,Mandi Dabwali,fujiyama power system (panel),,125104,1,09-07-2026,09-07-2026,Mandidabwali_PremNagar_D (Haryana),12-07-2026 18:03,Delivered,Delivered,Delivered to Consignee,07-07-2026,09-07-2026 22:26,Pre-paid,5.43766E+13,Clean POD | As per POD audit,,,,29:43.3,119255,117,26:10.5,26:10.5,1,,B,Forward Shipment,302046695,Haryana
311745560,B111001390222921-5560087,2,pbsenterprises10 rp b2brc,11:46.3,18-07-2026 18:12,25-07-2026,`873,"KABRA EXTRUSION TECHNIK LTDBATTRIXX , KABRA EXTRUSION TECHNIK LTDBATTRIXX",Kannur,Pune,green ride motors,,410501,1,22-07-2026,22-07-2026,Pune_Bhamboli_L (Maharashtra),24-07-2026 19:33,Delivered,Delivered,Delivered to Consignee,25-07-2026,23-07-2026 18:59,Pre-paid,5.43766E+13,Clean POD | As per POD audit,,,,50:02.8,49000,20.38,59:10.4,59:10.4,1,,D1,Forward Shipment,306220057,Maharashtra
312079579,DCGN-8424/26-27,2,pbsenterprises10 rp b2brc,18:59.9,22-07-2026 20:08,28-07-2026,`DCGN-8424/26-27,"Shreyaraj E Bikes, .",Noida,Purnia,fujiyama power system (panel),,854105,1,25-07-2026,25-07-2026,Purnia_FatehpurRd_H (Bihar),27-07-2026 14:43,Delivered,Delivered,Delivered to Consignee,28-07-2026,25-07-2026 19:39,Pre-paid,5.43766E+13,Clean POD | As per POD audit,,,,20:32.1,44444,58,39:44.9,39:44.9,1,,D1,Forward Shipment,307136441,Bihar
311644800,B111001390275785-5559791,3,pbsenterprises10 rp b2brc,27:10.7,15-07-2026 17:17,20-07-2026,`893,"KABRA EXTRUSION TECHNIK LTDBATTRIXX , KABRA EXTRUSION TECHNIK LTDBATTRIXX",Tirupur,Pune,sri bikes,,410501,1,22-07-2026,22-07-2026,Pune_Bhamboli_L (Maharashtra),24-07-2026 16:52,Delivered,Delivered,Delivered to Consignee,20-07-2026,23-07-2026 18:59,Pre-paid,5.43766E+13,Clean POD | As per POD audit,,,,18:19.5,49000,20.1,59:30.3,59:30.3,1,,D1,Forward Shipment,305253696,Maharashtra
312545776,B111001390241446-5558546,4,pbsenterprises10 rp b2brc,29:00.7,30-07-2026 16:52,06-08-2026,`606,"KABRA EXTRUSION TECHNIK LTDBATTRIXX , KABRA EXTRUSION TECHNIK LTDBATTRIXX",Lucknow,Pune,sambhav auto,,410501,1,06-08-2026,06-08-2026,Pune_Bhamboli_L (Maharashtra),08-08-2026 18:18,Delivered,Delivered,Delivered to Consignee,06-08-2026,07-08-2026 19:42,Pre-paid,5.43766E+13,Clean POD | As per POD audit,,,,25:24.4,49000,20.02,42:24.3,42:24.3,1,,D2,Forward Shipment,309200312,Maharashtra
312867538,DCGN-9875/26-27,2,pbsenterprises10 rp b2brc,55:44.7,06-08-2026 18:24,11-08-2026,`DCGN-9875/26-27,"PR ENTERPRISES, .",Noida,Mau,fujiyama power system (panel),,275101,1,11-08-2026,11-08-2026,Mau_Chriayakot_D (Uttar Pradesh),11-08-2026 17:35,Delivered,Delivered,Delivered to Consignee,11-08-2026,11-08-2026 17:35,Pre-paid,5.43766E+13,Geofence NA,,,,00:02.1,328055,117,35:17.2,35:17.2,1,,D1,Forward Shipment,311028619,Uttar Pradesh
312470641,Bounce,4,pbsenterprises10 rp b2brc,49:30.4,29-07-2026 15:16,04-08-2026,`RIL/2026-27/052,"Exicom Energy Systems Private Limited , .",Bhubaneshwar,Gurgaon,bounce rupaj innovations lab,,122015,1,04-08-2026,04-08-2026,Gurgaon_Sector17_L (Haryana),05-08-2026 15:21,Delivered,Delivered,Delivered to Consignee,04-08-2026,04-08-2026 15:32,Pre-paid,5.43766E+13,Clean POD | As per POD audit,,,,38:54.4,48000,13.38,33:01.8,33:01.8,1,,D2,Forward Shipment,308945178,Haryana
312201252,B60381C23A09015  5554147,2,pbsenterprises10 rp b2brc,20:15.4,25-07-2026 13:57,27-07-2026,`7721,"PALLAI AMPERE, PALLAI AMPERE",Salem,Thrissur,oxygen energy enterprises ampere,,680006,1,27-07-2026,27-07-2026,Thrissur_Padavarad_I (Kerala),27-07-2026 11:44,Delivered,Delivered,Delivered to Consignee,27-07-2026,27-07-2026 11:44,Pre-paid,5.43766E+13,Contactless Delivery -  Geofence NA,,,,56:41.7,49000,15.95,45:01.6,45:01.6,1,,B,Forward Shipment,307731357,Kerala
312166440,B111001390253759-5559897,2,pbsenterprises10 rp b2brc,34:38.5,24-07-2026 18:35,30-07-2026,`837,"KABRA EXTRUSION TECHNIK LTDBATTRIXX , KABRA EXTRUSION TECHNIK LTDBATTRIXX",Ulundurpet,Pune,sri harsitha e bikes,,410501,1,31-07-2026,31-07-2026,Pune_Bhamboli_L (Maharashtra),01-08-2026 21:40,Delivered,Delivered,Delivered to Consignee,30-07-2026,31-07-2026 16:32,Pre-paid,5.43766E+13,Clean POD | As per POD audit,,,,44:25.5,49000,20.17,32:36.3,32:36.3,1,,D1,Forward Shipment,307539762,Maharashtra
311255735,safeli,2,pbsenterprises10 rp b2brc,09:09.1,07-07-2026 18:11,10-07-2026,`AS-192,"Najon Digital, Najon Digital",Guwahati,Mangaldoi,safeli assam kakkar smart energy ventures llp,,784521,1,09-07-2026,09-07-2026,Udalguri_Milonpur_D (Assam),09-07-2026 10:20,Delivered,Delivered,Delivered to Consignee,10-07-2026,09-07-2026 10:20,Pre-paid,5.43766E+13,Contactless Delivery -  Geofence verified,,,,46:55.7,10000,3.54,20:44.0,20:44.0,1,,E,Forward Shipment,303436641,Assam
312408350,B111001390266627-5561299,2,pbsenterprises10 rp b2brc,28:35.7,28-07-2026 17:18,03-08-2026,`882,"KABRA EXTRUSION TECHNIK LTDBATTRIXX , KABRA EXTRUSION TECHNIK LTDBATTRIXX",Dharmapuri,Pune,chitra motors,,410501,1,04-08-2026,04-08-2026,Pune_Bhamboli_L (Maharashtra),05-08-2026 15:54,Delivered,Delivered,Delivered to Consignee,03-08-2026,04-08-2026 16:07,Pre-paid,5.43766E+13,Clean POD | As per POD audit,,,,17:53.5,49000,20.42,07:53.5,07:53.5,1,,D1,Forward Shipment,308676324,Maharashtra
312201547,REDON,2,pbsenterprises10 rp b2brc,23:20.3,24-07-2026 16:13,29-07-2026,`387,"REDON LITHIUM BATTERIES LLP, .",Patti,Noida,baba e vehicle,,201308,1,29-07-2026,29-07-2026,Noida_Surajpur_L (Uttar Pradesh),30-07-2026 15:52,Delivered,Delivered,Delivered to Consignee,29-07-2026,29-07-2026 17:23,Pre-paid,5.43766E+13,Clean POD | As per POD audit,,,,41:17.5,35000,16.4,23:45.4,23:45.4,1,,B,Forward Shipment,307727513,Uttar Pradesh
312320209,A60391H124A27430  5553005,2,pbsenterprises10 rp b2brc,41:12.7,27-07-2026 14:00,01-08-2026,`6647,"P M G MOTORS, P M G MOTORS",Salem,Cuttack,oxygen energy enterprises ampere,,753002,1,01-08-2026,01-08-2026,Cuttack_Bilteruan1_L (Orissa),06-08-2026 16:33,Delivered,Delivered,Delivered to Consignee,01-08-2026,01-08-2026 21:50,Pre-paid,5.43766E+13,Clean POD | As per POD audit,,,,14:26.4,49000,18.36,50:25.3,50:25.3,1,,D2,Forward Shipment,308355727,Orissa
311727162,SAFELI,2,pbsenterprises10 rp b2brc,38:21.5,16-07-2026 18:13,21-07-2026,`454,"KAKKAR SMART ENERGY VENTURES LLP, KAKKAR SMART ENERGY VENTURES LLP",Lakhimpur,Sonipat,safeli new triveni e-rickshaw services,,131028,1,21-07-2026,21-07-2026,Sonipat_Sector42_P (Haryana),23-07-2026 23:12,Delivered,Delivered,Delivered to Consignee,21-07-2026,21-07-2026 12:55,Pre-paid,5.43766E+13,Clean POD | As per POD audit,,,,21:17.9,15000,53.8,55:20.0,55:20.0,1,,B,Forward Shipment,305698534,Haryana
311046152,B111001390255477-5557489,2,pbsenterprises10 rp b2brc,55:51.5,06-07-2026 19:14,14-07-2026,`886,"KABRA EXTRUSION TECHNIK LTDBATTRIXX , KABRA EXTRUSION TECHNIK LTDBATTRIXX",Makrana,Pune,nax automobility,,410501,1,13-07-2026,13-07-2026,Pune_Bhamboli_L (Maharashtra),14-07-2026 16:23,Delivered,Delivered,Delivered to Consignee,14-07-2026,13-07-2026 16:33,Pre-paid,5.43766E+13,Clean POD | As per POD audit,,,,58:43.1,49000,20.16,33:55.6,33:55.6,1,,D1,Forward Shipment,303125621,Maharashtra
311633565,RACHNA JI,4,pbsenterprises10 rp b2brc,15:26.3,18-07-2026 17:55,23-07-2026,`D-977/26-27,"RISHIKESH PAL, FUJIYAMA POWER SYSTEMS LIMITED-NOIDA 51,52",Lakhisarai,Noida,rachna ji dhiraj 1040f,,201308,1,23-07-2026,23-07-2026,Noida_Surajpur_L (Uttar Pradesh),24-07-2026 15:31,Delivered,Delivered,Delivered to Consignee,23-07-2026,23-07-2026 20:39,Pre-paid,5.43766E+13,Clean POD | As per POD audit,,,,08:17.3,155725,19.34,39:07.8,39:07.8,1,,D1,Forward Shipment,305978924,Uttar Pradesh
311191309,DCGN-6894/26-27,2,pbsenterprises10 rp b2brc,29:26.1,06-07-2026 19:02,13-07-2026,`DCGN-6894/26-27,"Ganesh553014, Ganesh553014",Noida,Mumbai,fujiyama power system (panel),,400022,1,13-07-2026,13-07-2026,Mumbai_Chembur1_L (Maharashtra),13-07-2026 14:13,Delivered,Delivered,Delivered to Consignee,13-07-2026,13-07-2026 14:13,Pre-paid,5.43766E+13,Contactless Delivery -  Geofence verified,,,,50:07.1,27196,28.06,13:05.3,13:05.3,1,,C2,Forward Shipment,303127210,Maharashtra
311130892,DCGN-6826/26-27,2,pbsenterprises10 rp b2brc,49:55.2,04-07-2026 20:20,13-07-2026,`DCGN-6826/26-27,"ROZE SOLAR SOLUTIONS PRIVATE LIMITED, ROZE SOLAR SOLUTIONS PRIVATE LIMITED",Noida,Kottayam,fujiyama power system (panel),,686632,1,11-07-2026,11-07-2026,Kottayam_Ettumanoor_H (Kerala),11-07-2026 16:21,Delivered,Delivered,Delivered to Consignee,13-07-2026,11-07-2026 16:21,Pre-paid,5.43766E+13,Contactless Delivery -  Geofence not verified,,,,12:05.1,41463,49.5,21:30.4,21:30.4,1,,D2,Forward Shipment,302580087,Kerala
312914669,B111001390172460 5558859,2,pbsenterprises10 rp b2brc,24:08.1,07-08-2026 14:37,12-08-2026,`001/26-27,"BIDVE MOTORS PVT LTD, BIDVE MOTORS PVT LTD",Ahmedabad,Latur,jalaram lithium battery ampere b2b,,413512,1,12-08-2026,12-08-2026,Latur_Khadgaon_I (Maharashtra),12-08-2026 10:08,Dispatched,Undelivered,Out for Delivery,12-08-2026,,Pre-paid,5.43766E+13,,,,,57:09.3,47200,16.86,,,,,D1,Forward Shipment,311336347,Maharashtra
313006943,DCGN-10103/26-27,2,pbsenterprises10 rp b2brc,25:45.5,,,`DCGN-10103/26-27,"ZEUS ENERGY CORP LLP, .",Noida,Cochin,fujiyama power system (panel),,683503,0,,,Noida_Bairangpur_GW (Uttar Pradesh),08-08-2026 20:12,Manifested,Undelivered,Delay due to Disturbance/Strike,,,Pre-paid,5.43766E+13,,,,,,30559,20,,,,,D2,Forward Shipment,,Kerala
311444425,DCGN-7391/26-27,2,pbsenterprises10 rp b2brc,29:11.8,11-07-2026 15:36,18-07-2026,`DCGN-7391/26-27,"Tigers Electronics, .",Noida,Tirunelveli,fujiyama power system (panel),,627005,1,23-07-2026,23-07-2026,Tirunelveli_Krishnapuram_H (Tamil Nadu),24-07-2026 20:06,Delivered,Delivered,Delivered to Consignee,18-07-2026,23-07-2026 19:41,Pre-paid,5.43766E+13,Clean POD | As per POD audit,,,,10:01.3,120595,117.5,41:16.9,41:16.9,1,,D2,Forward Shipment,304522398,Tamil Nadu
312971747,GEO300001SHT260401582,2,pbsenterprises10 rp b2brc,37:40.1,08-08-2026 19:40,13-08-2026,`11,"KABRA EXTRUSION TECHNIK-GURUGRAM , KABRA EXTRUSION TECHNIK-GURUGRAM",Farrukhabad,Gurgaon,j.j enterprices (kab),,122004,0,,,Gurgaon_Tauru_GW (Haryana),12-08-2026 09:03,In Transit,Undelivered,Consignment Dispatched from Origin City,13-08-2026,,Pre-paid,5.43766E+13,"L:66.5, B:53.7, H:28.3, W:24360.0, V:101060.71500000001, Rv:61897.0",,,,,48000,24.36,,,,,B,Forward Shipment,311376148,Haryana
312061398,B111001390190550  5551187,2,pbsenterprises10 rp b2brc,54:56.0,22-07-2026 15:53,25-07-2026,`019/26-27,"AIMS ITALIA, AIMS ITALIA",Ahmedabad,Mumbai,jalaram lithium battery ampere b2b,,400072,1,30-07-2026,30-07-2026,Mumbai_AndheriEast_L (Maharashtra),01-08-2026 12:33,Delivered,Delivered,Delivered to Consignee,25-07-2026,30-07-2026 11:49,Pre-paid,5.43766E+13,Clean POD | As per POD audit,,,,22:07.6,47200,17.16,50:05.9,50:05.9,1,,C1,Forward Shipment,307172778,Maharashtra
310993836,SAFELI,2,pbsenterprises10 rp b2brc,55:35.1,04-07-2026 15:34,07-07-2026,`51,"KAKKAR SMART ENERGY VENTURES LLP, KAKKAR SMART ENERGY VENTURES LLP",Chhapra,Sonipat,safeli janta enterprises,,131028,1,10-07-2026,10-07-2026,Sonipat_Sector42_P (Haryana),12-07-2026 08:17,Delivered,Delivered,Delivered to Consignee,07-07-2026,10-07-2026 19:32,Pre-paid,5.43766E+13,Clean POD | As per POD audit,,,,19:40.5,15000,59.7,32:07.2,32:07.2,1,,D1,Forward Shipment,302730586,Haryana
312320605,A60391H124A19025 5559586,2,pbsenterprises10 rp b2brc,47:36.2,27-07-2026 14:00,29-07-2026,`6648,"SRI BIKES, SRI BIKES",Salem,Coimbatore,oxygen energy enterprises ampere,,641664,2,30-07-2026,30-07-2026,Coimbatore_Pudhupalayam_GW (Tamil Nadu),31-07-2026 18:01,Delivered,Delivered,Delivered to Consignee,29-07-2026,30-07-2026 18:59,Pre-paid,5.43766E+13,Clean POD | As per POD audit,,,,17:40.1,49000,18.15,59:44.8,59:44.8,1,,B,Forward Shipment,308355727,Tamil Nadu
311696376,DCGN-7748/26-27,2,pbsenterprises10 rp b2brc,42:59.9,17-07-2026 07:14,23-07-2026,`DCGN-7748/26-27,"ISHAN TRADERS, .",Noida,Hiranagar,fujiyama power system (panel),,184144,1,22-07-2026,22-07-2026,Hiranagar_NH44_D (Jammu & Kashmir),22-07-2026 17:12,Delivered,Delivered,Delivered to Consignee,20-07-2026,22-07-2026 17:12,Pre-paid,5.43766E+13,Contactless Delivery -  Geofence verified,,,,22:17.9,105282,117,12:55.8,12:55.8,1,,E,Forward Shipment,FMINC_ff81d1ee-8180-11f1-8622-930937f88e07,Jammu & Kashmir
311671797,Drive volts,2,pbsenterprises10 rp b2brc,09:02.5,15-07-2026 17:53,18-07-2026,`115,"0, Drive Volts Private Limited",Mohali,Dehradun,sp nexgen,,248011,1,18-07-2026,18-07-2026,Dehradun_Temp_L (Uttarakhand),20-07-2026 15:37,Delivered,Delivered,Delivered to Consignee,18-07-2026,18-07-2026 12:34,Pre-paid,5.43766E+13,Clean POD | As per POD audit,,,,21:50.7,49500,18.03,34:11.5,34:11.5,1,,B,Forward Shipment,305427908,Uttarakhand
312337782,E2W4830A14250050-5561310,2,pbsenterprises10 rp b2brc,25:42.6,27-07-2026 17:26,01-08-2026,`864,"CYGNI ENERGY PRIVATE LIMITED, CYGNI ENERGY PRIVATE LIMITED",Sankaramangalam,Hyderabad,cm motors-pattambi,,501359,1,03-08-2026,03-08-2026,Hyderabad_Shamshbd_H (Telangana),04-08-2026 11:37,Delivered,Delivered,Delivered to Consignee,01-08-2026,03-08-2026 16:21,Pre-paid,5.43766E+13,Clean POD | As per POD audit,,,,45:33.6,49000,15.72,21:35.9,21:35.9,1,,D1,Forward Shipment,308383096,Telangana
311624783,A48281D24F01019-5559103,3,pbsenterprises10 rp b2brc,50:41.1,15-07-2026 12:09,20-07-2026,`173,"KAMAL LAXMI INDUSTRIES-AMPERE, KAMAL LAXMI INDUSTRIES-AMPERE",Sasaram,Raipur,pawansut enterprises,,492015,1,27-07-2026,27-07-2026,Raipur_Devpuri_L (Chhattisgarh),28-07-2026 17:26,Delivered,Delivered,Delivered to Consignee,20-07-2026,27-07-2026 12:16,Pre-paid,5.43766E+13,Clean POD | As per POD audit,,,,17:21.3,49000,16,16:18.2,16:18.2,1,,D1,Forward Shipment,305199481,Chhattisgarh
311956000,DCGN-8159/26-27,2,pbsenterprises10 rp b2brc,43:33.3,21-07-2026 20:14,25-07-2026,`DCGN-8159/26-27,"VISHAL SOLAR SOLUTION, .",Noida,Gorakhpur,fujiyama power system (panel),,273014,1,25-07-2026,25-07-2026,Gorakhpur_Bhauwapar_H (Uttar Pradesh),25-07-2026 13:34,Delivered,Delivered,Delivered to Consignee,25-07-2026,25-07-2026 13:34,Pre-paid,5.43766E+13,Contactless Delivery -  Geofence verified,,,,12:54.4,52474,96,34:11.8,34:11.8,1,,D1,Forward Shipment,306858972,Uttar Pradesh
311422816,B111001390272471-5558352,3,pbsenterprises10 rp b2brc,56:34.1,10-07-2026 18:26,14-07-2026,`893,"KABRA EXTRUSION TECHNIK-GURUGRAM , KABRA EXTRUSION TECHNIK-GURUGRAM",Jhansi,Gurgaon,ashish enterprises,,122004,1,13-07-2026,13-07-2026,Gurgaon_Sihi_L (Haryana),15-07-2026 15:34,Delivered,Delivered,Delivered to Consignee,14-07-2026,13-07-2026 16:43,Pre-paid,5.43766E+13,Clean POD | As per POD audit,,,,03:02.6,48998,20.68,43:16.4,43:16.4,1,,B,Forward Shipment,304232492,Haryana
311114760,B112004420_120039,3,pbsenterprises10 rp b2brc,00:20.7,07-07-2026 13:43,11-07-2026,`DC/UPE/BLR276,"KABRA EXTRUSION TECHNIK LTDBATTRIXX , KABRA EXTRUSION TECHNIK LTDBATTRIXX",Bangalore,Pune,battery smart bangalore-wh0025,,410501,1,11-07-2026,11-07-2026,Pune_Bhamboli_L (Maharashtra),13-07-2026 10:52,Delivered,Delivered,Delivered to Consignee,11-07-2026,11-07-2026 18:00,Pre-paid,5.43766E+13,Clean POD | As per POD audit,,,,19:16.8,40002,20.44,00:27.8,00:27.8,1,,C1,Forward Shipment,303408446,Maharashtra
311859690,B111001390271108-5560027,3,pbsenterprises10 rp b2brc,48:31.5,21-07-2026 16:39,27-07-2026,`834,"KABRA EXTRUSION TECHNIK LTDBATTRIXX , KABRA EXTRUSION TECHNIK LTDBATTRIXX",Jagtial,Pune,om durga motors-jagityal,,410501,1,27-07-2026,27-07-2026,Pune_Bhamboli_L (Maharashtra),28-07-2026 16:34,Delivered,Delivered,Delivered to Consignee,27-07-2026,27-07-2026 17:33,Pre-paid,5.43766E+13,Clean POD | As per POD audit,,,,04:23.0,49000,20.61,33:52.4,33:52.4,1,,D1,Forward Shipment,306912734,Maharashtra
311112904,B111001390268400-5557274,2,pbsenterprises10 rp b2brc,34:31.9,04-07-2026 22:02,13-07-2026,`289,"KABRA EXTRUSION TECHNIK LTDBATTRIXX , KABRA EXTRUSION TECHNIK LTDBATTRIXX",Baripada,Pune,maa ambika enterprises,,410501,1,13-07-2026,13-07-2026,Pune_Bhamboli_L (Maharashtra),14-07-2026 15:37,Delivered,Delivered,Delivered to Consignee,13-07-2026,13-07-2026 16:36,Pre-paid,5.43766E+13,Clean POD | As per POD audit,,,,13:01.7,49000,1.1,36:16.2,36:16.2,1,,D2,Forward Shipment,302759226,Maharashtra
313008969,Bounce,2,pbsenterprises10 rp b2brc,49:29.7,,,`802,"EXICOM TELE-SYSTEMS LIMITED, .",Mysore,Bangalore,bounce wadiyar ev motors pvt ltd,,560065,0,,,Mysore_Hebbalestate_H (Karnataka),08-08-2026 15:33,Manifested,Undelivered,Consignment Manifested,,,Pre-paid,5.43766E+13,,,,,,40000,20,,,,,B,Forward Shipment,,Karnataka
312063084,B1_51105_B_128268,3,pbsenterprises10 rp b2brc,14:23.7,22-07-2026 16:51,27-07-2026,`DC/UEPL/MZP/258,"KABRA EXTRUSIONTECHNIK LTD, KABRA EXTRUSIONTECHNIK LTD",Muzaffarpur,Gurgaon,upgrid muzaffarpur - wh0042,,122004,2,28-07-2026,30-07-2026,Gurgaon_Sihi_L (Haryana),31-07-2026 12:44,Delivered,Delivered,Delivered to Consignee,27-07-2026,30-07-2026 17:33,Pre-paid,5.43766E+13,Clean POD | As per POD audit,,,,34:48.3,47082,21.12,33:29.6,33:29.6,1,,D1,Forward Shipment,307178253,Haryana
311185036,B111001390214210-5557109,2,pbsenterprises10 rp b2brc,16:12.9,07-07-2026 19:27,13-07-2026,`810,"KABRA EXTRUSION TECHNIK LTDBATTRIXX , KABRA EXTRUSION TECHNIK LTDBATTRIXX",Kanhangad,Pune,cheruvil motors-kanhangad,,410501,1,11-07-2026,11-07-2026,Pune_Bhamboli_L (Maharashtra),13-07-2026 12:38,Delivered,Delivered,Delivered to Consignee,13-07-2026,11-07-2026 17:59,Pre-paid,5.43766E+13,Clean POD | As per POD audit,,,,20:20.8,49000,20.25,59:49.6,59:49.6,1,,D1,Forward Shipment,303168385,Maharashtra
312212130,B111002350120529-5560746,2,pbsenterprises10 rp b2brc,23:13.1,27-07-2026 16:04,01-08-2026,`166,"KABRA EXTRUSION TECHNIK LTDBATTRIXX , KABRA EXTRUSION TECHNIK LTDBATTRIXX",Agra,Pune,suman e-vehicles,,410501,1,04-08-2026,04-08-2026,Pune_Bhamboli_L (Maharashtra),05-08-2026 17:17,Delivered,Delivered,Delivered to Consignee,01-08-2026,04-08-2026 16:08,Pre-paid,5.43766E+13,Clean POD | As per POD audit,,,,18:18.8,49000,17.71,08:58.4,08:58.4,1,,D1,Forward Shipment,308371082,Maharashtra
313017934,B111001390269411-5562852,3,pbsenterprises10 rp b2brc,43:27.8,10-08-2026 17:33,14-08-2026,`170,"KABRA EXTRUSION TECHNIK LTDBATTRIXX , KABRA EXTRUSION TECHNIK LTDBATTRIXX",Jalgaon,Pune,kalpana motors,,410501,0,,,Aurangabad_Gngapr_H (Maharashtra),12-08-2026 10:27,In Transit,Undelivered,Consignment Dispatched from Origin City,14-08-2026,,Pre-paid,5.43766E+13,,,,,,40000,20.22,,,,,B,Forward Shipment,312018672,Maharashtra
311548187,B111001390222795-5558500,2,pbsenterprises10 rp b2brc,15:32.1,14-07-2026 18:09,21-07-2026,`631,"KABRA EXTRUSION TECHNIK LTDBATTRIXX , KABRA EXTRUSION TECHNIK LTDBATTRIXX",Ludhiana,Pune,dasmesh motor ampere,,410501,1,21-07-2026,21-07-2026,Pune_Bhamboli_L (Maharashtra),22-07-2026 18:17,Delivered,Delivered,Delivered to Consignee,21-07-2026,21-07-2026 17:44,Pre-paid,5.43766E+13,Clean POD | As per POD audit,,,,31:36.3,49000,20.14,44:23.8,44:23.8,1,,D2,Forward Shipment,304888230,Maharashtra
311936979,B112004420_120070,10,pbsenterprises10 rp b2brc,17:14.7,20-07-2026 16:53,24-07-2026,`DC/UPE/BLR287,"KABRA EXTRUSION TECHNIK LTDBATTRIXX , KABRA EXTRUSION TECHNIK LTDBATTRIXX",Bangalore,Pune,battery smart bangalore-wh0025,,410501,1,24-07-2026,24-07-2026,Pune_Bhamboli_L (Maharashtra),25-07-2026 14:49,Delivered,Delivered,Delivered to Consignee,24-07-2026,24-07-2026 18:49,Pre-paid,5.43766E+13,Clean POD | As per POD audit,,,,12:08.3,180009,20.64,49:53.5,49:53.5,1,,C1,Forward Shipment,306643429,Maharashtra
312362526,E2W4830A14250299-5561596,2,pbsenterprises10 rp b2brc,36:49.0,29-07-2026 13:42,03-08-2026,`ZCM30NGS00009,"CYGNI ENERGY PRIVATE LIMITED, CYGNI ENERGY PRIVATE LIMITED",Moradabad,Hyderabad,maa rajeshwari enterprises,,501359,1,03-08-2026,03-08-2026,Hyderabad_Shamshbd_H (Telangana),04-08-2026 11:37,Delivered,Delivered,Delivered to Consignee,03-08-2026,03-08-2026 16:34,Pre-paid,5.43766E+13,Clean POD | As per POD audit,,,,54:25.5,310,15.62,34:45.5,34:45.5,1,,D2,Forward Shipment,308652270,Telangana
312962868,HE5130KE231201408,4,pbsenterprises10 rp b2brc,59:55.4,10-08-2026 15:22,14-08-2026,`11,"KABRA EXTRUSION TECHNIK LTDBATTRIXX , KABRA EXTRUSION TECHNIK LTDBATTRIXX",Raipur,Pune,om sai corporation (kab),,410501,0,,,Raipur_Mandhar_H (Chhattisgarh),12-08-2026 10:44,In Transit,Undelivered,Consignment Dispatched from Origin City,14-08-2026,,Pre-paid,5.43766E+13,,,,,,48000,14.08,,,,,D1,Forward Shipment,311984097,Maharashtra
312000637,DRIVE VOLTS,2,pbsenterprises10 rp b2brc,25:03.4,24-07-2026 16:18,27-07-2026,`115,"., Drive Volts Private Limited",Delhi,Dehradun,jai prakash sharma,,248011,1,27-07-2026,27-07-2026,Dehradun_Temp_L (Uttarakhand),27-07-2026 15:21,Delivered,Delivered,Delivered to Consignee,27-07-2026,27-07-2026 15:21,Pre-paid,5.43766E+13,Contactless Delivery -  Geofence verified,,,,25:13.9,49500,60.6,22:03.1,22:03.1,1,,B,Forward Shipment,307701962,Uttarakhand
311938784,DCGN-8120/26-27,2,pbsenterprises10 rp b2brc,37:33.8,21-07-2026 20:14,23-07-2026,`DCGN-8120/26-27,"M/S SUN POWER PHOTOVOLTAIC, .",Noida,Ghaziabad,fujiyama power system (panel),,201206,1,25-07-2026,25-07-2026,Ghaziabad_Indirapuram_L (Uttar Pradesh),26-07-2026 08:56,Delivered,Delivered,Delivered to Consignee,23-07-2026,25-07-2026 15:39,Pre-paid,5.43766E+13,Clean POD | As per POD audit,,,,31:42.7,21016,48.29,39:54.3,39:54.3,1,,B,Forward Shipment,306858972,Uttar Pradesh
311130733,A48282C124A03924 5495890,2,pbsenterprises10 rp b2brc,48:12.7,04-07-2026 20:39,08-07-2026,`1075,"R.K.E AUTOMOBILES, R.K.E AUTOMOBILES",Raipur,Dhamtari,kamal laxami ampere brc,,493773,1,09-07-2026,09-07-2026,Dhamtari_Brahmanpara_D (Chhattisgarh),10-07-2026 15:09,Delivered,Delivered,Delivered to Consignee,07-07-2026,09-07-2026 16:32,Pre-paid,5.43766E+13,Clean POD | As per POD audit,,,,06:11.5,49000,9.42,33:01.5,33:01.5,1,,B,Forward Shipment,302753308,Chhattisgarh
311934615,B111001390255580-5560349,2,pbsenterprises10 rp b2brc,47:51.0,20-07-2026 17:33,27-07-2026,`919,"KABRA EXTRUSION TECHNIK LTDBATTRIXX , KABRA EXTRUSION TECHNIK LTDBATTRIXX",Chandigarh,Pune,shri ji enterprises,,410501,1,27-07-2026,27-07-2026,Pune_Bhamboli_L (Maharashtra),28-07-2026 12:48,Delivered,Delivered,Delivered to Consignee,27-07-2026,27-07-2026 17:33,Pre-paid,5.43766E+13,Clean POD | As per POD audit,,,,05:13.3,49000,20.26,33:09.3,33:09.3,1,,D2,Forward Shipment,306640681,Maharashtra
311255702,B111001390_191767  5552448,4,pbsenterprises10 rp b2brc,08:33.9,08-07-2026 20:57,15-07-2026,`1812,"KPT AUTO, KPT AUTO",Raipur,Gaya,kamal laxami ampere brc,,823001,1,13-07-2026,13-07-2026,Gaya_Matihani_H (Bihar),14-07-2026 16:00,Delivered,Delivered,Delivered to Consignee,15-07-2026,13-07-2026 18:38,Pre-paid,5.43766E+13,Clean POD | As per POD audit,,,,58:50.7,49000,16.7,38:49.0,38:49.0,1,,D1,Forward Shipment,303467829,Bihar
310893971,B11101390273239-5555729,2,pbsenterprises10 rp b2brc,31:39.2,02-07-2026 21:38,06-07-2026,`698,"KABRA EXTRUSION TECHNIK LTDBATTRIXX , KABRA EXTRUSION TECHNIK LTDBATTRIXX",Pune,Pune,"maansi mobility service centre, (ampere)",,410501,1,04-07-2026,04-07-2026,Pune_Bhamboli_L (Maharashtra),05-07-2026 14:56,Delivered,Delivered,Delivered to Consignee,06-07-2026,04-07-2026 17:48,Pre-paid,5.43766E+13,Clean POD | As per POD audit,,,,39:10.2,49000,20.48,48:34.0,48:34.0,1,,A,Forward Shipment,302228804,Maharashtra
312746821,REDON,2,pbsenterprises10 rp b2brc,26:37.6,04-08-2026 17:34,08-08-2026,`465,"REDON LITHIUM BATTERIES LLP, .",Hinjilicut,Noida,rabindra panigrahi,,201308,1,11-08-2026,11-08-2026,Noida_Surajpur_L (Uttar Pradesh),12-08-2026 11:41,Delivered,Delivered,Delivered to Consignee,08-08-2026,11-08-2026 15:40,Pre-paid,5.43766E+13,LM POD document uploaded,,,,26:49.5,27000,14.56,40:13.8,40:13.8,1,,D2,Forward Shipment,310240933,Uttar Pradesh
310948274,FUJIYAMA-6532,2,pbsenterprises10 rp b2brc,32:37.5,02-07-2026 19:03,09-07-2026,`DCGN-6532/26-27,"GALAXY ELECTRONICS, .",Noida,Vadnagar,fujiyama power system (panel),,384315,1,09-07-2026,09-07-2026,Vadnagar_BsstdDPP_D (Gujarat),09-07-2026 11:25,Delivered,Delivered,Delivered to Consignee,09-07-2026,09-07-2026 11:25,Pre-paid,5.43766E+13,Contactless Delivery -  Geofence not verified,,,,49:00.8,37627,50.78,31:00.9,31:00.9,1,,D1,Forward Shipment,302090999,Gujarat
312898644,REDON,2,pbsenterprises10 rp b2brc,59:35.9,06-08-2026 17:34,10-08-2026,`MA/053,"REDON LITHIUM BATTERIES LLP, .",Gangarampur,Noida,redon sugandha automobile,,201308,0,,,Noida_Bairangpur_GW (Uttar Pradesh),12-08-2026 07:48,In Transit,Undelivered,Consignment Dispatched from Origin City,10-08-2026,,Pre-paid,5.43766E+13,,,,,,25000,11.42,,,,,D2,Forward Shipment,311050198,Uttar Pradesh
311113056,REDON,3,pbsenterprises10 rp b2brc,36:27.5,06-07-2026 19:46,10-07-2026,`390,"REDON LITHIUM BATTERIES LLP, .",Lucknow,Noida,w a entriparis,,201308,1,09-07-2026,09-07-2026,Noida_Surajpur_L (Uttar Pradesh),11-07-2026 14:52,Delivered,Delivered,Delivered to Consignee,10-07-2026,09-07-2026 18:34,Pre-paid,5.43766E+13,Clean POD | As per POD audit,,,,06:28.1,30000,52.48,34:19.4,34:19.4,1,,D1,Forward Shipment,303151546,Uttar Pradesh
313017448,REDON,2,pbsenterprises10 rp b2brc,36:51.8,,,`105,"REDON LITHIUM INDUSTRIES PRIVATE LIMITED, mnoh",Contai,Bangalore,sovan giri,,562111,0,,,Contai_Bankaberya_D (West Bengal),08-08-2026 14:36,Manifested,Undelivered,Consignment Manifested,,,Pre-paid,5.43766E+13,,,,,,49000,4.8,,,,,D2,Forward Shipment,,Karnataka
311433841,B112004450_120470,2,pbsenterprises10 rp b2brc,44:10.0,11-07-2026 15:45,14-07-2026,`DC/UEPL/LKO/1687,"KABRA EXTRUSION TECHNIK-GURUGRAM , KABRA EXTRUSION TECHNIK-GURUGRAM",Lucknow,Gurgaon,upgrid wh0105 lucknow,,122004,1,15-07-2026,15-07-2026,Gurgaon_Sihi_L (Haryana),17-07-2026 15:43,Delivered,Delivered,Delivered to Consignee,14-07-2026,15-07-2026 15:12,Pre-paid,5.43766E+13,Clean POD | As per POD audit,,,,34:27.4,20001,20.82,12:44.6,12:44.6,1,,D1,Forward Shipment,304251852,Haryana
311384744,B111001390201645-5557430,3,pbsenterprises10 rp b2brc,30:38.1,14-07-2026 21:13,20-07-2026,`888,"KABRA EXTRUSION TECHNIK LTDBATTRIXX , KABRA EXTRUSION TECHNIK LTDBATTRIXX",Karur,Pune,sanjiv motors,,410501,1,21-07-2026,21-07-2026,Pune_Bhamboli_L (Maharashtra),22-07-2026 17:06,Delivered,Delivered,Delivered to Consignee,20-07-2026,21-07-2026 17:45,Pre-paid,5.43766E+13,Clean POD | As per POD audit,,,,19:56.3,49000,20.04,45:12.5,45:12.5,1,,D1,Forward Shipment,305126684,Maharashtra
311937552,B112004420_125944,2,pbsenterprises10 rp b2brc,23:34.2,21-07-2026 19:30,25-07-2026,`DC/UEPL/STP/451,"KABRA EXTRUSIONTECHNIK LTD, KABRA EXTRUSIONTECHNIK LTD",Sitapur,Gurgaon,upgrid sitapur wh0021,,122004,1,25-07-2026,25-07-2026,Gurgaon_Sihi_L (Haryana),26-07-2026 08:54,Delivered,Delivered,Delivered to Consignee,25-07-2026,25-07-2026 18:14,Pre-paid,5.43766E+13,Clean POD | As per POD audit,,,,45:54.2,20001,20.04,14:14.4,14:14.4,1,,B,Forward Shipment,306650106,Haryana
310883701,B111001390209497-5556705,2,pbsenterprises10 rp b2brc,44:03.5,02-07-2026 19:51,09-07-2026,`938,"KABRA EXTRUSION TECHNIK LTDBATTRIXX , KABRA EXTRUSION TECHNIK LTDBATTRIXX",Tuticorin,Pune,prma motors,,410501,1,13-07-2026,13-07-2026,Pune_Bhamboli_L (Maharashtra),14-07-2026 15:19,Delivered,Delivered,Delivered to Consignee,09-07-2026,13-07-2026 16:34,Pre-paid,5.43766E+13,Clean POD | As per POD audit,,,,08:15.6,49000,20.04,34:35.3,34:35.3,1,,D2,Forward Shipment,302042554,Maharashtra
311141644,B111001390191065   5493063,3,pbsenterprises10 rp b2brc,59:31.7,08-07-2026 20:52,16-07-2026,`1013,"ELECTRO WHEELS, ELECTRO WHEELS",Raipur,Nagaon,kamal laxami ampere brc,,782002,1,15-07-2026,15-07-2026,Nagaon_Bangthai_H (Assam),15-07-2026 15:15,Delivered,Delivered,Delivered to Consignee,16-07-2026,15-07-2026 15:15,Pre-paid,5.43766E+13,Contactless Delivery -  Geofence NA,,,,19:55.1,49000,16.86,15:18.4,15:18.4,1,,E,Forward Shipment,303467829,Assam
312062385,DCGN-8343/26-27,2,pbsenterprises10 rp b2brc,05:37.2,22-07-2026 20:09,28-07-2026,`DCGN-8343/26-27,"M/S S KUMAR AND ASSOCIATES, .",Noida,Gopiganj,fujiyama power system (panel),,221304,2,27-07-2026,05-08-2026,Gopiganj_Gerai_D (Uttar Pradesh),06-08-2026 14:39,Delivered,Delivered,Delivered to Consignee,27-07-2026,05-08-2026 19:01,Pre-paid,5.43766E+13,Clean POD | As per POD audit,,,,42:29.7,111301,113,01:37.6,01:37.6,1,,D1,Forward Shipment,307136441,Uttar Pradesh
311204268,RAXHNA JI,2,pbsenterprises10 rp b2brc,43:39.3,07-07-2026 15:21,13-07-2026,`D-849/26-27,"RISHIKESH PAL, FUJIYAMA POWER SYSTEMS LIMITED-NOIDA 51,52",Chennai,Noida,rachna ji karthi,,201308,2,13-07-2026,15-07-2026,Noida_Surajpur_L (Uttar Pradesh),18-07-2026 10:11,Delivered,Delivered,Delivered to Consignee,13-07-2026,16-07-2026 09:34,Pre-paid,5.43766E+13,Clean POD | As per POD audit,,,,27:17.4,63888,15.56,34:34.1,34:34.1,1,,C2,Forward Shipment,303436605,Uttar Pradesh
311686892,DCGN-7713/26-27,2,pbsenterprises10 rp b2brc,03:08.0,17-07-2026 07:14,22-07-2026,`DCGN-7713/26-27,"SOLAR POINT JHARKHAND, .",Noida,Daltonganj,fujiyama power system (panel),,822101,1,21-07-2026,21-07-2026,Daltonganj_SouthRedma_D (Jharkhand),21-07-2026 18:59,Delivered,Delivered,Delivered to Consignee,22-07-2026,21-07-2026 18:59,Pre-paid,5.43766E+13,Contactless Delivery -  Geofence NA,,,,58:16.2,10490,60.5,59:27.4,59:27.4,1,,D1,Forward Shipment,FMINC_ff81d1ee-8180-11f1-8622-930937f88e07,Jharkhand
310839081,B111001390211465-5556185,2,pbsenterprises10 rp b2brc,10:23.9,30-06-2026 18:15,04-07-2026,`696,"KABRA EXTRUSION TECHNIK LTDBATTRIXX , KABRA EXTRUSION TECHNIK LTDBATTRIXX",Surat,Pune,k2g electric mobility india pvt ltd,,410501,1,03-07-2026,03-07-2026,Pune_Bhamboli_L (Maharashtra),04-07-2026 15:24,Delivered,Delivered,Delivered to Consignee,04-07-2026,03-07-2026 14:47,Pre-paid,5.43766E+13,Clean POD | As per POD audit,,,,22:12.4,49000,20.06,48:11.1,48:11.1,1,,B,Forward Shipment,301526288,Maharashtra
311325106,B111001390267314-5557784,2,pbsenterprises10 rp b2brc,17:08.5,09-07-2026 12:51,14-07-2026,`648,"KABRA EXTRUSION TECHNIK LTDBATTRIXX , KABRA EXTRUSION TECHNIK LTDBATTRIXX",Shivpuri,Pune,cr ampere,,410501,1,15-07-2026,15-07-2026,Pune_Bhamboli_L (Maharashtra),16-07-2026 19:38,Delivered,Delivered,Delivered to Consignee,14-07-2026,15-07-2026 13:43,Pre-paid,5.43766E+13,Clean POD | As per POD audit,,,,13:32.4,49000,20.58,43:28.0,43:28.0,1,,D1,Forward Shipment,303764796,Maharashtra
311937978,DCGN-8116/26-27,2,pbsenterprises10 rp b2brc,27:18.8,20-07-2026 18:28,25-07-2026,`DCGN-8116/26-27,"WASEEM AHMAD, .",Noida,Thakurdwara,fujiyama power system (panel),,244601,1,25-07-2026,25-07-2026,Thakurdwara_Ward8_D (Uttar Pradesh),25-07-2026 18:16,Delivered,Delivered,Delivered to Consignee,24-07-2026,25-07-2026 18:16,Pre-paid,5.43766E+13,Contactless Delivery -  Geofence not verified,,,,01:23.1,36967,50.93,17:05.3,17:05.3,1,,B,Forward Shipment,306596899,Uttar Pradesh
312866624,E2W4830A20260123-5560680,2,pbsenterprises10 rp b2brc,44:03.2,07-08-2026 15:39,11-08-2026,`883,"CYGNI ENERGY PRIVATE LIMITED, CYGNI ENERGY PRIVATE LIMITED",Pune,Hyderabad,shree sai auto (new),,501359,1,11-08-2026,11-08-2026,Hyderabad_Shamshbd_H (Telangana),11-08-2026 14:35,Delivered,Delivered,Delivered to Consignee,11-08-2026,11-08-2026 14:35,Pre-paid,5.43766E+13,Contactless Delivery -  Geofence verified,,,,25:21.1,49000,16.14,35:40.3,35:40.3,1,,D1,Forward Shipment,311111269,Telangana
311432350,B111001390178717-5558232,2,pbsenterprises10 rp b2brc,29:48.0,11-07-2026 14:54,20-07-2026,`607,"KAMAL LAXMI INDUSTRIES-AMPERE, KAMAL LAXMI INDUSTRIES-AMPERE",Gurdaspur,Raipur,standard electric,,492015,1,21-07-2026,21-07-2026,Raipur_Devpuri_L (Chhattisgarh),23-07-2026 12:31,Delivered,Delivered,Delivered to Consignee,20-07-2026,21-07-2026 12:22,Pre-paid,5.43766E+13,Clean POD | As per POD audit,,,,32:01.0,49000,16.91,22:09.8,22:09.8,1,,D2,Forward Shipment,304273549,Chhattisgarh
313024275,B111001390221529-5563359,2,pbsenterprises10 rp b2brc,57:28.9,10-08-2026 14:26,18-08-2026,`612,"KABRA EXTRUSION TECHNIK LTDBATTRIXX , KABRA EXTRUSION TECHNIK LTDBATTRIXX",Gurdaspur,Pune,standard electric,,410501,0,,,Chandigarh_RamNagar_GW (Punjab),12-08-2026 06:58,In Transit,Undelivered,Consignment Dispatched from Origin City,18-08-2026,,Pre-paid,5.43766E+13,,,,,,49000,20.02,,,,,D2,Forward Shipment,312018759,Maharashtra
312418536,B111001390209777-5561499,2,pbsenterprises10 rp b2brc,19:36.3,29-07-2026 12:57,05-08-2026,`920,"KABRA EXTRUSION TECHNIK LTDBATTRIXX , KABRA EXTRUSION TECHNIK LTDBATTRIXX",Bhubaneshwar,Pune,surya autoelectrons,,410501,1,05-08-2026,05-08-2026,Pune_Bhamboli_L (Maharashtra),06-08-2026 14:42,Delivered,Delivered,Delivered to Consignee,05-08-2026,05-08-2026 16:50,Pre-paid,5.43766E+13,Clean POD | As per POD audit,,,,02:07.7,49000,20.04,51:06.6,51:06.6,1,,D2,Forward Shipment,308703657,Maharashtra
312542104,A48281B24F08001 5553679,2,pbsenterprises10 rp b2brc,48:29.7,31-07-2026 18:58,10-08-2026,`Kamal8849,"KABITA AUTOMOBILE, KABITA AUTOMOBILE",Abhanpur,Contai,kamal laxmi industrie ampere b2b,,721444,1,10-08-2026,10-08-2026,Contai_Bankaberya_D (West Bengal),11-08-2026 12:46,Delivered,Delivered,Delivered to Consignee,08-08-2026,10-08-2026 17:37,Pre-paid,5.43766E+13,Clean POD | As per POD audit,,,,54:03.0,49000,10.44,37:15.0,37:15.0,1,,D1,Forward Shipment,309455764,West Bengal
310840163,B111002350121287-5556110,4,pbsenterprises10 rp b2brc,20:45.4,30-06-2026 16:47,07-07-2026,`886,"KABRA EXTRUSION TECHNIK LTDBATTRIXX , KABRA EXTRUSION TECHNIK LTDBATTRIXX",Dehradun,Pune,laxmi e automobile,,410501,1,09-07-2026,09-07-2026,Pune_Bhamboli_L (Maharashtra),10-07-2026 19:47,Delivered,Delivered,Delivered to Consignee,07-07-2026,09-07-2026 16:59,Pre-paid,5.43766E+13,Clean POD | As per POD audit,,,,18:30.9,49000,17.87,59:21.1,59:21.1,1,,D2,Forward Shipment,301528905,Maharashtra
311481187,B111001390260625-5556858,2,pbsenterprises10 rp b2brc,08:37.4,11-07-2026 20:27,18-07-2026,`870,"KABRA EXTRUSION TECHNIK LTDBATTRIXX , KABRA EXTRUSION TECHNIK LTDBATTRIXX",Puri,Pune,smn sales,,410501,1,16-07-2026,16-07-2026,Pune_Bhamboli_L (Maharashtra),18-07-2026 10:11,Delivered,Delivered,Delivered to Consignee,18-07-2026,16-07-2026 18:16,Pre-paid,5.43766E+13,Clean POD | As per POD audit,,,,06:16.9,49000,20.8,16:42.0,16:42.0,1,,D2,Forward Shipment,304492519,Maharashtra
311171173,RACHNA JI,2,pbsenterprises10 rp b2brc,47:40.4,08-07-2026 20:11,13-07-2026,`D-831/26-27,"RISHIKESH PAL, FUJIYAMA POWER SYSTEMS LIMITED-NOIDA 51,52",Rohtak,Noida,rachna ji sunil 5540c,,201308,3,13-07-2026,17-07-2026,Noida_Surajpur_L (Uttar Pradesh),25-07-2026 14:49,Delivered,Delivered,Delivered to Consignee,13-07-2026,18-07-2026 09:57,Pre-paid,5.43766E+13,Clean POD | As per POD audit,,,,33:51.7,127440,130,57:45.3,57:45.3,1,,B,Forward Shipment,303410137,Uttar Pradesh
311251815,"A48283E123L09742	   5550778",2,pbsenterprises10 rp b2brc,23:11.0,08-07-2026 20:54,14-07-2026,`1436,"PRIDE MOTO, PRIDE MOTO",Raipur,Giridih,kamal laxami ampere brc,,815301,1,14-07-2026,14-07-2026,Giridih_Mahthadih_D (Jharkhand),15-07-2026 14:47,Delivered,Delivered,Delivered to Consignee,14-07-2026,14-07-2026 16:59,Pre-paid,5.43766E+13,Clean POD | As per POD audit,,,,39:36.7,49000,10.16,59:48.8,59:48.8,1,,D1,Forward Shipment,303467829,Jharkhand
311610913,B111001390262187-5559261,3,pbsenterprises10 rp b2brc,13:34.8,14-07-2026 18:31,20-07-2026,`630,"KABRA EXTRUSION TECHNIK LTDBATTRIXX , KABRA EXTRUSION TECHNIK LTDBATTRIXX",Ganj Basoda,Pune,shri maruti enterprises,,410501,1,21-07-2026,21-07-2026,Pune_Bhamboli_L (Maharashtra),22-07-2026 18:18,Delivered,Delivered,Delivered to Consignee,20-07-2026,21-07-2026 17:40,Pre-paid,5.43766E+13,Clean POD | As per POD audit,,,,08:31.2,49000,20.61,40:57.3,40:57.3,1,,D1,Forward Shipment,305160312,Maharashtra
311733327,B60381J23A28109   5456068,2,pbsenterprises10 rp b2brc,55:59.4,17-07-2026 20:59,24-07-2026,`6585,"ARYA MOTORS, ARYA MOTORS",Raipur,Sitamarhi,kamal laxami ampere brc,,843302,1,24-07-2026,24-07-2026,Sitamarhi_Punaura_D (Bihar),29-07-2026 15:16,Delivered,Delivered,Delivered to Consignee,23-07-2026,24-07-2026 19:04,Pre-paid,5.43766E+13,Clean POD | As per POD audit,,,,33:43.9,49000,16,04:34.6,04:34.6,1,,D1,Forward Shipment,305941250,Bihar
311106698,RACHNA JI,3,pbsenterprises10 rp b2brc,24:23.7,07-07-2026 19:56,15-07-2026,`D-903/26-27,"RISHIKESH PAL, FUJIYAMA POWER SYSTEMS LIMITED-NOIDA 51,52",Puttur,Noida,rachna ji rakshith katra 5548e,,201308,2,16-07-2026,17-07-2026,Noida_Surajpur_L (Uttar Pradesh),18-07-2026 10:13,Delivered,Delivered,Delivered to Consignee,15-07-2026,17-07-2026 19:30,Pre-paid,5.43766E+13,Clean POD | As per POD audit,,,,23:44.8,56489,11.58,30:23.1,30:23.1,1,,D2,Forward Shipment,303402576,Uttar Pradesh
312756936,haryana,2,pbsenterprises10 rp b2brc,28:10.3,03-08-2026 18:28,08-08-2026,`VG/SL/26-27/5436,KAKKAR SMART E,Bhopal,Sonipat,safeli vg construction and trading company,,131028,1,11-08-2026,11-08-2026,Sonipat_Sector42_P (Haryana),12-08-2026 01:13,Delivered,Delivered,Delivered to Consignee,08-08-2026,11-08-2026 15:16,Pre-paid,5.43766E+13,LM POD document uploaded,,,,27:37.6,10000,50.59,16:44.4,16:44.4,1,,D1,Forward Shipment,310199813,Haryana
312556849,B111001390251289-5562229,2,pbsenterprises10 rp b2brc,10:53.8,31-07-2026 13:33,05-08-2026,`883,"KABRA EXTRUSION TECHNIK LTDBATTRIXX , KABRA EXTRUSION TECHNIK LTDBATTRIXX",Dharmapuri,Pune,chitra motors,,410501,1,06-08-2026,06-08-2026,Pune_Bhamboli_L (Maharashtra),08-08-2026 20:07,Delivered,Delivered,Delivered to Consignee,05-08-2026,07-08-2026 19:40,Pre-paid,5.43766E+13,Clean POD | As per POD audit,,,,15:23.7,49000,20.23,40:14.6,40:14.6,1,,D1,Forward Shipment,309253237,Maharashtra
312572805,E2W4828A42240429-5467435,2,pbsenterprises10 rp b2brc,50:06.4,31-07-2026 14:59,03-08-2026,`632,"CYGNI ENERGY PRIVATE LIMITED, CYGNI ENERGY PRIVATE LIMITED",Nagpur,Hyderabad,vishvakariya automotive,,501359,1,03-08-2026,03-08-2026,Hyderabad_Shamshbd_H (Telangana),04-08-2026 11:37,Delivered,Delivered,Delivered to Consignee,03-08-2026,03-08-2026 16:29,Pre-paid,5.43766E+13,Clean POD | As per POD audit,,,,26:25.3,48000,11.62,29:07.8,29:07.8,1,,D1,Forward Shipment,309294263,Telangana
312667585,A48281C24G16068  5556886,2,pbsenterprises10 rp b2brc,07:04.8,02-08-2026 16:38,10-08-2026,`Kamal8542,", SHRI JI ENTERPRISES",Abhanpur,Chandigarh,kamal laxmi industrie ampere b2b,,160002,1,10-08-2026,10-08-2026,Chandigarh_Raiprvlg_L (Chandigarh),12-08-2026 12:22,Delivered,Delivered,Delivered to Consignee,10-08-2026,10-08-2026 15:34,Pre-paid,5.43766E+13,Clean POD | As per POD audit,,,,57:22.4,49000,10.2,34:47.3,34:47.3,1,,D2,Forward Shipment,FMINC_9cf78b93-8e62-11f1-9cc7-f1b2deb69636,Chandigarh
311352386,DCGN-7220/26-27,2,pbsenterprises10 rp b2brc,29:08.7,09-07-2026 18:34,16-07-2026,`DCGN-7220/26-27,"SUSHIL, .",Noida,Barwala,fujiyama power system (panel),,125121,1,15-07-2026,15-07-2026,Barwala_HeeraColony_D (Haryana),15-07-2026 13:33,Delivered,Delivered,Delivered to Consignee,13-07-2026,15-07-2026 13:33,Pre-paid,5.43766E+13,Contactless Delivery -  Geofence verified,,,,17:50.5,120595,117,33:12.4,33:12.4,1,,B,Forward Shipment,303931375,Haryana
310906503,RACHNA JI,2,pbsenterprises10 rp b2brc,36:16.6,01-07-2026 18:03,08-07-2026,`0479535,"RISHIKESH PAL, FUJIYAMA POWER SYSTEMS LIMITED-NOIDA 51,52",Vellore,Noida,rachna ji muruganmadhu 1088f,,201308,2,09-07-2026,15-07-2026,Noida_Surajpur_L (Uttar Pradesh),17-07-2026 10:42,Delivered,Delivered,Delivered to Consignee,08-07-2026,15-07-2026 19:57,Pre-paid,5.43766E+13,Blurry / Not visible / Content not readable,,,,58:48.7,1,28.18,57:22.1,57:22.1,1,,D2,Forward Shipment,301950811,Uttar Pradesh
311649526,B1_51105 B_122055,3,pbsenterprises10 rp b2brc,31:41.7,15-07-2026 17:48,20-07-2026,`DC/UEPL/BAH228,"KABRA EXTRUSION TECHNIK-GURUGRAM , KABRA EXTRUSION TECHNIK-GURUGRAM",Bahraich,Gurgaon,upgrid wh0081,,122004,1,21-07-2026,21-07-2026,Gurgaon_Sihi_L (Haryana),22-07-2026 18:19,Delivered,Delivered,Delivered to Consignee,20-07-2026,21-07-2026 20:09,Pre-paid,5.43766E+13,Clean POD | As per POD audit,,,,11:03.9,40000,51,09:35.2,09:35.2,1,,D1,Forward Shipment,305273094,Haryana
311574495,B60381I23A29074  5554693,2,pbsenterprises10 rp b2brc,02:05.2,14-07-2026 13:37,21-07-2026,`84565,"Bharat E Motors, Bharat E Motors",Salem,Deoghar,oxygen energy enterprises ampere,,814112,1,20-07-2026,20-07-2026,Deoghar_Bmpstwn_D (Jharkhand),21-07-2026 12:32,Delivered,Delivered,Delivered to Consignee,21-07-2026,20-07-2026 18:28,Pre-paid,5.43766E+13,Clean POD | As per POD audit,,,,13:36.6,49000,12.1,28:08.2,28:08.2,1,,D2,Forward Shipment,305120806,Jharkhand
312344572,Supreme,3,pbsenterprises10 rp b2brc,41:56.9,28-07-2026 17:54,04-08-2026,`SLE/26-27/00264,"Sunil Kumar AV, .",Noida,Nileshwar,supreme lithium energy noida 63,,670511,1,04-08-2026,04-08-2026,Nileshwar_Olayambadi_D (Kerala),04-08-2026 19:48,Delivered,Delivered,Delivered to Consignee,04-08-2026,04-08-2026 19:48,Pre-paid,5.43766E+13,Contactless Delivery -  Geofence verified,,,,19:23.7,50875,11.34,48:47.3,48:47.3,1,,D2,Forward Shipment,308635877,Kerala
311544114,A60391H124A29477-5558648,2,pbsenterprises10 rp b2brc,34:31.0,13-07-2026 16:11,21-07-2026,`607,"OXYGEN ENERGY ENTERPRISES-AMPERE, OXYGEN ENERGY ENTERPRISES-AMPERE",Gurdaspur,Salem,standard electric,,636006,1,21-07-2026,21-07-2026,Salem_Ramalingapuram_H (Tamil Nadu),22-07-2026 15:03,Delivered,Delivered,Delivered to Consignee,21-07-2026,21-07-2026 16:39,Pre-paid,5.43766E+13,Clean POD | As per POD audit,,,,56:46.5,49000,18.68,39:51.7,39:51.7,1,,D2,Forward Shipment,304878153,Tamil Nadu
311416923,SAFELI,2,pbsenterprises10 rp b2brc,41:41.9,10-07-2026 15:37,13-07-2026,`AS-207,"MS Pathak Enterprises, MS Pathak Enterprises",Guwahati,Silapathar,safeli assam kakkar smart energy ventures llp,,787061,1,13-07-2026,13-07-2026,Silapathar_SimenChapori_D (Assam),15-07-2026 17:25,Delivered,Delivered,Delivered to Consignee,13-07-2026,13-07-2026 18:46,Pre-paid,5.43766E+13,Clean POD | As per POD audit,,,,03:26.7,5000,3.12,46:37.8,46:37.8,1,,E,Forward Shipment,304237946,Assam
312262496,B111001390187329-5560981,2,pbsenterprises10 rp b2brc,30:05.2,27-07-2026 19:13,06-08-2026,`1,"KAMAL LAXMI INDUSTRIES-AMPERE, KAMAL LAXMI INDUSTRIES-AMPERE",North Lakhimpur,Raipur,fra motors (new),,492015,1,05-08-2026,05-08-2026,Raipur_Devpuri_L (Chhattisgarh),06-08-2026 14:42,Delivered,Delivered,Delivered to Consignee,06-08-2026,05-08-2026 16:17,Pre-paid,5.43766E+13,Clean POD | As per POD audit,,,,46:01.6,30700,17,17:59.6,17:59.6,1,,E,Forward Shipment,307998232,Chhattisgarh
312982177,B111001390214750-5563121,2,pbsenterprises10 rp b2brc,42:16.7,08-08-2026 17:21,14-08-2026,`836,"KABRA EXTRUSION TECHNIK LTDBATTRIXX , KABRA EXTRUSION TECHNIK LTDBATTRIXX",Jagtial,Pune,om durga motors-jagityal,,410501,0,,,Surat_Kacholi_GW (Gujarat),12-08-2026 10:17,In Transit,Undelivered,Consignment Dispatched from Origin City,14-08-2026,,Pre-paid,5.43766E+13,"L:42.8, B:21.9, H:18.4, W:20080.0, V:17247.0, Rv:17109.0",,,,,49000,20.08,,,,,D1,Forward Shipment,311410335,Maharashtra
312145889,E2W4830A28250148-5560338,2,pbsenterprises10 rp b2brc,12:39.4,24-07-2026 18:55,30-07-2026,`1,"CYGNI ENERGY PRIVATE LIMITED, CYGNI ENERGY PRIVATE LIMITED",Alappuzha,Hyderabad,kings group,,501359,1,01-08-2026,01-08-2026,Hyderabad_Shamshbd_H (Telangana),01-08-2026 12:57,Delivered,Delivered,Delivered to Consignee,30-07-2026,01-08-2026 12:57,Pre-paid,5.43766E+13,Contactless Delivery -  Geofence verified,,,,09:44.7,20998,15.76,57:59.9,57:59.9,1,,D1,Forward Shipment,307484501,Telangana
312065820,EA5160W182305112-5553007,2,pbsenterprises10 rp b2brc,44:01.7,22-07-2026 21:42,27-07-2026,`1,"CYGNI ENERGY PRIVATE LIMITED, CYGNI ENERGY PRIVATE LIMITED",Pathanamthitta,Hyderabad,emkay motors pvt ltd,,501359,1,27-07-2026,27-07-2026,Hyderabad_Shamshbd_H (Telangana),27-07-2026 10:15,Delivered,Delivered,Delivered to Consignee,27-07-2026,27-07-2026 10:15,Pre-paid,5.43766E+13,Contactless Delivery -  Geofence verified,,,,19:36.9,49000,44.98,15:22.8,15:22.8,1,,D1,Forward Shipment,307185368,Telangana
